"구분","오염원","d15N","d18O"
"토양계","토양-1",0.6,10.9
"토양계","토양-2",0.5,11.1
"토양계","토양-3",0.5,11.1
"토양계","토양-5",-1.6,9.5
"토양계","토양-6",-0.1,13.5
"토양계","토양-7",-0.1,9.9
"토양계","토양-8",-0.1,8.2
"토양계","산림유출수-2",-1.7,6.12
"토양계","산림유출수-1",-1.56,7.06
"토양계","산림유출수-2",1.95,4.11
"토양계","산림유출수-3",-0.05,3.65
"토양계","산림유출수-4",0.04,3.48
"토양계","장성천 산림유출수",1.75,7.65
"토양계","만봉천 산림토",-1.51,4.03
"토양계","영산천 산림토",-0.08,4.13
"토양계","동화호 상류01",2.36,-0.6
"토양계","동화호 상류02",1.86,-1.83
"토양계","동화천 상류",0.92,0.08
"토양계","산림",-1.17,6.46
"토양계","산림",1.17,1.62
"강우계","강우-3",-1.5,54.8
"강우계","강우-4",0.2,49.3
"강우계","강우(옥상)",-2.19,52.37
"강우계","강우(순수)",-2.1,51.5
"강우계","강우시료",3.25,40.02
"강우계","강우(빗물)",1.75,45.94
"강우계","강우(빗물)",0.13,51.47
"강우계","강우-6",-0.28,47.37
"강우계","강우-7",1.75,45.94
"강우계","강우-8",0.13,51.47
"생활계","하수처리장-2",14.4,9.2
"생활계","하수처리장-4",11.5,11.2
"생활계","하수처리장-6",15.4,9.8
"생활계","하수처리장-7",10.7,8
"생활계","하수처리장-8",14.3,10.6
"생활계","하수처리장-10",8.1,3.7
"생활계","하수처리장-11",14,5.9
"생활계","하수처리장-12",11.5,7.6
"생활계","하수처리장-13",14.4,5
"생활계","하수처리장-14",16.3,3.9
"생활계","하수처리장-15",11.2,3
"생활계","하수처리장-16",13.6,4.5
"생활계","하수처리장-17",10.1,5.1
"생활계","하수처리장-18",20.4,9.3
"생활계","광주1 방류수",12.22,4.62
"생활계","광주2 유입수",14.79,11.62
"생활계","광주2 방류수",12.85,4.52
"생활계","장성 유입수",14.29,6.45
"생활계","장성 방류수",13.29,2.47
"생활계","나주 매립지침출수",21.68,6.88
"생활계","나주 산단폐수",19.49,6.84
"생활계","나주 방류수",12.52,1.33
"생활계","함평 방류수",20.52,6.5
"생활계","증심사천 방류수",10.89,1.05
"생활계","신안천 방류수",19.19,4
"생활계","신안천방류수",15.92,-0.37
"생활계","산포하수처리장 방류수",13.38,4.66
"생활계","내정마을방류수",7.56,-0.25
"생활계","화순천 하수처리장 방류수",20.5,5.45
"생활계","화순천 하수처리장 방류수",12.15,-0.53
"생활계","안계하수처리장",4.57,0.2
"생활계","하신하수처리장",7.66,1.41
"생활계","하신하수처리장",9.57,3.31
"생활계","오수하수처리장",9.95,2.1
"생활계","남원 생태습지 방류수",11.04,-3.61
"생활계","남원하수처리장",10.83,-4.85
"생활계","웅정 하수처리장",6.49,-4.55
"생활계","화순읍 하수처리장 방류수",9.77,-1.17
"생활계","화순읍 하수처리장 방류수",11.48,0.36
"생활계","화순읍 하수처리장 방류수",9.83,-1.54
"생활계","화순읍 하수처리장 방류수",8.12,-0.73
"생활계","화순읍 하수처리장 방류수",8.98,-0.69
"생활계","화순읍 하수처리장 방류수",11.7,0.36
"생활계","화순읍 하수처리장 방류수",12.29,2.32
"생활계","화순읍 하수처리장 방류수",12.98,2.63
"생활계","화순읍 하수처리장 방류수",20.5,5.45
"생활계","화순읍 하수처리장 방류수",10.89,0.19
"생활계","화순읍 하수처리장 방류수",10.95,-2.96
"생활계","산포 하수종말처리시설 방류수",13.38,4.66
"생활계","이양 마을하수처리시설 방류수",12.28,-1.7
"생활계","이양 마을하수처리시설 방류수",18.02,0.77
"생활계","효천하수처리장 방류수",11.37,1.92
"생활계","효천하수처리장 방류수",11.83,0.92
"생활계","효천하수처리장 방류수",11.83,0.92
"축산계","퇴비-2",17.8,17.8
"축산계","퇴비-4",15.2,8
"축산계","퇴비-5",21.6,10.4
"축산계","퇴비-6",14.3,9.7
"축산계","퇴비-7",12.5,10.3
"축산계","퇴비-8",20.8,10.9
"축산계","퇴비-9",12.9,15.3
"축산계","퇴비-10",11.5,16.6
"축산계","장성 분뇨처리수",21.67,6.23
"축산계","감정천 퇴비유출수(소)",12.17,9.64
"축산계","돈분 액비-2",25.95,13.16
"축산계","돈분 하천 방류수-3",17.72,8.82
"축산계","감정천 퇴비유출수",17.66,10.89
"축산계","감정천 퇴비유출수",18.17,9.27
"축산계","광주천 부숙퇴비",18.2,4.75
"축산계","만봉천 부숙퇴비(소)",15.31,3.09
"축산계","영산천 부숙퇴비(소)",19.24,8.46
"축산계","추동천 퇴비",24.47,-0.67
"축산계","승가교 퇴비(소)",20.93,5.27
"축산계","남평퇴비",24.39,1.32
"축산계","적치퇴비",15.57,2.06
"축산계","축사유출수",9.18,-0.3
"축산계","적치퇴비",15.93,15.78
"축산계","적치퇴비",18.76,3.97
"축산계","적치퇴비",15.11,9.72
"축산계","시판퇴비",19.26,3
"축산계","우분퇴비(만봉천)",15.97,2.65
"축산계","우분퇴비(영산천)",19.62,7.36
"축산계","우분퇴비(승가교)",21.09,4.13
"축산계","우분퇴비(남평)",24.48,1.67
"축산계","돈분퇴비",17.72,8.82
"축산계","감정천 퇴비 유출수",17.66,10.89
"축산계","감정천 퇴비 유출수",18.17,9.27
"농업계","밭토양 유출수-3",12.25,7.79
"농업계","퇴비, 밭 유출수-5",-0.44,1.26
"농업계","과수원 유출수-6",4.95,4.34
"농업계","토양 유출수-4",2.93,3.51
"농업계","논유출수",1.93,7.16
"농업계","밭토양 감나무",6.44,-1.68
"농업계","밭토양 깻잎",4.18,2.57
"농업계","밭토양 고구마",8.31,-1.92
"농업계","산포천 논배수로",9.6,5.88
"농업계","대촌천 논토양1",1.67,4.11
"농업계","광주천 논토양",8.62,11.47
"농업계","만봉천 논토양",1.41,8.97
"농업계","장성천 논토양",0.53,7.29
"농업계","영산천 논토양",17.56,8.84
"농업계","논침출수",9.12,6.12
"농업계","밭토양",2.6,-0.02
"농업계","밭토양",1.49,1.82
"농업계","논토양(모내기 물)",-8.46,-0.63
"농업계","논토양(모내기 물)",1.37,4.26
"농업계","밭토양",4.07,1.58
"농업계","농배수로(4번지점 옆)",6.17,1.68
"농업계","논토양(모내기 물)",10.37,4.37
"농업계","농배수로(EM27 옆)",7.91,-0.2
"농업계","논토양(모내기 물)",7.82,3.13
"농업계","논토양(방계인근)",5.39,1.02
"농업계","논토양(모내기 물)",7.15,0.47
"농업계","논토양",-4.8,0.87
"농업계","논토양",3.03,8.2
"농업계","농배수로",6.24,-0.86
"농업계","논토양 물",9.96,1.73
"농업계","밭토양",6.11,-2.46
"농업계","밭토양",3.42,-1.89
"농업계","밭토양",9.88,-1.32
"농업계","밭토양",9.18,-0.33
"농업계","밭토양",18.7,-1.07
"농업계","밭토양",4.6,-2.17
"농업계","밭토양",7.71,-1.6
"농업계","논토양",-2.78,-3.8
"농업계","논토양",4.44,0.91
"농업계","논토양",1.83,-3.68
"농업계","논토양",4.32,-4.53
"농업계","논토양",2.83,-1.1
"농업계","논토양",1.06,-4.8
"농업계","농배수로",3.17,0.38
"농업계","농배수로",3.41,1.41
"농업계","농배수로",4.72,3.96
"농업계","농배수로",8.22,5.43
"농업계","퇴비(과수원 시비)",12.8,-1.16
"농업계","논",8.07,5.95
"농업계","밭",20.35,-4.02
"농업계","비닐하우스",7.09,2.76
"농업계","과수원",0.17,4.79
"농업계","밭",11.45,-2.44
"농업계","밭",8.62,1.91
"농업계","비닐하우스",5.65,-0.27
"농업계","과수원",1.77,-0.12
"농업계","밭",10.31,3.08
"농업계","밭",1.67,-1.53
"농업계","밭",5.82,-2.32
"농업계","논",-7.66,8.66
"농업계","논",0.76,10.93
"농업계","논(soil-A)",3.07,10.94
"농업계","과수원",1.44,6.68
"농업계","과수원(퇴비)",-0.97,4.44
"농업계","비닐하우스",9.17,6.08
"농업계","비닐하우스",5.66,5.47
"농업계","비닐하우스",9.56,1.69
"농업계","과수원(감)",8.01,10.42
"농업계","논",8.61,1.57
"농업계","비닐하우스(쪽파)",8.19,-0.4
"농업계","밭",-0.66,-5.07
"농업계","밭",4.79,2.92
"농업계","논",7.38,7.32
"농업계","논",-0.78,7.39
"농업계","과수원(배)",12.06,1.55
"농업계","논",3.35,6.93
"농업계","논",10.21,10.56
"농업계","논",2.53,10.61
"농업계","밭",11.41,4.6
"농업계","밭(고추밭)",10.77,3.93
"농업계","논",0.91,10.36
"농업계","산림",-6.16,1.42
"농업계","밭",8.6,7.99
"농업계","산림",-2.21,-2.04
"농업계","산림",0.98,4.29
"농업계","밭(깨)",8.37,2.18
"농업계","산림유출수",-1.26,2.93
"농업계","석정천 상류",2.46,4.56
"농업계","회송천 말단 측구",5.83,2.36
"농업계","유곡천 상류 측구",9.32,3.43
"농업계","대초천 말단 측구",9.29,0.41
"농업계","수춘천 측구",9.38,-0.66
"농업계","대초천 말단 측구",0.98,5.25
"농업계","송학천 골프장 영향지점 합류 후",6.82,2.08
"농업계","수춘천 측구",1.56,1.42
"농업계","회송천 농업유출수",8.42,1.95
"농업계","산포천말단 배출수",14.34,3.59
"농업계","석정천 논 유출수",6.83,3.8
"농업계","대초천 논 유출수",5.11,4.53
"농업계","지석천 배수로 유출수",6.91,5.44
"농업계","지석천 배수로 유출수",8.96,8.98
"농업계","지석천 배수로 유출수",6.09,2.36
"농업계","노동천(비닐하우스)",10.34,3.36
"농업계","석정천(과수원)",6.05,1.94
"농업계","대촌천(비닐하우스)",8.77,4.98
"농업계","비료",-7.9,18.2
"농업계","비료",1,16.6
"농업계","비료",8.4,20.9
"농업계","뿌리조은 황플러스",0.54,20.49
"농업계","어분골드(유기질)",7.14,16.78
"농업계","비료",-2.84,20.3
"농업계","IOF-1",3.8,18.9
"농업계","IOF-2",5.3,16.5
"농업계","IOF-3",6.2,17.6
"농업계","IOF-4",3.9,17.3
"농업계","IOF-5",5.6,21.7
"농업계","IOF-6",4.7,19
"농업계","IOF-7",0.5,22.7
"농업계","IOF-8",0.9,21.8
"농업계","IOF-9",1.7,22.6
"농업계","IOF-10",0.4,21.9
"농업계","IOF-11",1,19
"농업계","IOF-12",3,20.9
"농업계","IOF-13",2,20.4
"농업계","IOF-14",-0.9,15.1
"농업계","IOF-15",1,22.5
"농업계","IOF-16",3.8,16.5
"농업계","IOF-17",-0.4,18.9
"농업계","IOF-18",-1.1,14.1
"농업계","IOF-19",7.6,19.7
"농업계","OF-1",20.4,7.4
"농업계","OF-2",-0.6,8
"농업계","OF-3",21.7,7.4
"농업계","OF-4",18.8,8.8
"농업계","OF-5",15,11
"농업계","OF-6",15.7,7.1
"농업계","OF-7",10.9,1.6
"농업계","OF-8",17.2,1
"농업계","OF-10",21.7,3.5
"농업계","OF-11",2.1,4.4
"농업계","OF-12",7.5,-4
"농업계","OF-14",11.5,14.1
"농업계","OF-16",-1.2,4.4
"농업계","OF-17",12.2,5.4
"농업계","OF-19",17.7,5.8
"농업계","OF-20",-1,-2.8
"농업계","OF-21",13,9.3
"농업계","OF-22",9.4,-4.5
"농업계","OF-23",13.2,10
"농업계","OF-25",17.1,2.6
"농업계","OF-26",13.2,3
"농업계","OF-27",15.4,1
"농업계","OF-28",22.9,6
"농업계","OF-29",14.8,7
"농업계","OF-30",12.1,4.5
"농업계","PCF-1",8,19.4
"농업계","PCF-2",10.2,11.7
"농업계","PCF-3",2,19.4
"농업계","PCF-4",14.6,9.4
"농업계","PCF-5",17.8,17.7
"농업계","PCF-6",15.4,11
"농업계","PCF-7",13.2,18.3
"농업계","PCF-8",7.6,19.6
"농업계","PCF-9",0.7,10.6
"농업계","PCF-10",15.3,12.3
"농업계","PCF-11",8.7,12.7
"농업계","PCF-12",12.5,13.8
"농업계","PCF-13",21.6,12.4
"농업계","PCF-15",15.4,1.8
"농업계","PCF-16",6.8,24.8
"농업계","PCF-17",1.8,21.1
"농업계","PCF-18",15.5,17.3
"농업계","PCF-19",15.8,15
"농업계","PCF-20",4.7,22.6
"농업계","PCF-21",6,18.6
"농업계","PCF-22",-1,20.3
"농업계","PCF-23",12.2,10.2
"농업계","비료-1",2,18
"농업계","비료-2",4.3,19.5
"농업계","비료-3",-0.3,13.9
"농업계","비료-4",4.5,15.5
"농업계","비료-5",10.1,14.7
"농업계","비료-6",2.3,11.4
"농업계","비료-7",4,13.4
"농업계","비료-8",-2.5,13.7
"농업계","비료-9",4.1,10.3
"농업계","비료-10",-2.6,11.2
"농업계","화학비료",-9.94,13.43
"농업계","화학비료",-2.84,20.3
"농업계","화학비료",6.82,15.2
"농업계","어분골드",6.76,16.34
"농업계","뿌리조은 황플러스",0.34,24.66
"농업계","복합비료(논에 주로 사용)",0.63,10.72
"농업계","복합비료(밭에 주로 사용)",1.1,18.05
