"구분","오염원","d15N","d18O","Step1_Pass","ModZ_d15N","ModZ_d18O","Step2_Pass","MCD_Distance","Step3_Pass"
"토양계","토양-1",0.6,10.9,TRUE,0.0465166041018341,0.939739934551661,TRUE,1.85297748278699,TRUE
"토양계","토양-2",0.5,11.1,TRUE,0,0.977632673848099,TRUE,1.8499907711343,TRUE
"토양계","토양-3",0.5,11.1,TRUE,0,0.977632673848099,TRUE,1.8499907711343,TRUE
"토양계","토양-4",4.1,9.6,TRUE,1.67459774766603,0.693437129124814,TRUE,15.1045268955058,FALSE
"토양계","토양-5",-1.6,9.5,TRUE,0.976848686138517,0.674490759476595,TRUE,2.15985264131476,TRUE
"토양계","토양-6",-0.1,13.5,TRUE,0.279099624611005,1.43234554540535,TRUE,3.14622752260467,TRUE
"토양계","토양-7",-0.1,9.9,TRUE,0.279099624611005,0.750276238069471,TRUE,0.752947556935625,TRUE
"토양계","토양-8",-0.1,8.2,TRUE,0.279099624611005,0.428187954049748,TRUE,0.201314737764282,TRUE
"토양계","산림유출수-2",-1.7,6.12,TRUE,1.02336529024035,0.0341034653667941,TRUE,2.51775502460366,TRUE
"토양계","산림유출수-1",-1.56,7.06,TRUE,0.958242044497784,0.212199340060052,TRUE,1.97348336935254,TRUE
"토양계","산림유출수-2",1.95,4.11,TRUE,0.674490759476595,0.346718564562407,TRUE,2.56801906218776,TRUE
"토양계","산림유출수-3",-0.05,3.65,TRUE,0.255841322560088,0.433871864944214,TRUE,0.522323746553571,TRUE
"토양계","산림유출수-4",0.04,3.48,TRUE,0.213976378868437,0.466080693346187,TRUE,0.542457427966805,TRUE
"토양계","장성천 산림유출수",1.75,7.65,TRUE,0.581457551272927,0.323982920984544,TRUE,2.60347776978839,TRUE
"토양계","광주천 산림유출수",4.34,0.88,TRUE,1.78623759751043,0.95868630419988,TRUE,13.2950969188879,FALSE
"토양계","광주천 산림토(대나무)",3.76,8.43,TRUE,1.51644129371979,0.471764604240652,TRUE,11.9537385142144,FALSE
"토양계","장성천 산림토",-10.98,5.94,TRUE,5.34010615089056,0,FALSE,NA,FALSE
"토양계","만봉천 산림토",-1.51,4.03,TRUE,0.934983742446866,0.361875660280982,TRUE,2.77438781323544,TRUE
"토양계","영산천 산림토",-0.08,4.13,TRUE,0.269796303790638,0.342929290632763,TRUE,0.377868022137983,TRUE
"토양계","동화호 상류01",2.36,-0.6,TRUE,0.865208836294115,1.23909257499352,TRUE,5.20982751386086,TRUE
"토양계","동화호 상류02",1.86,-1.83,TRUE,0.632625815784945,1.47213292166661,TRUE,4.96344950816989,TRUE
"토양계","장남호 상류",7.77,2.4,TRUE,3.38175711820334,0.670701485546952,TRUE,43.7540545650071,FALSE
"토양계","동화천 상류",0.92,0.08,TRUE,0.195369737227703,1.11025726138563,TRUE,2.42048511955977,TRUE
"토양계","오수천 상류",2.98,0.23,TRUE,1.15361178172549,1.0818377069133,TRUE,6.80689516637863,FALSE
"토양계","산림",-1.17,6.46,TRUE,0.77682728850063,0.0985211221707386,TRUE,1.19197072930281,TRUE
"토양계","산림",5.15,1.73,TRUE,2.16302209073529,0.797642162190019,TRUE,18.6830217583957,FALSE
"토양계","산림",1.17,1.62,TRUE,0.311661247482289,0.818483168803059,TRUE,1.73102092346645,TRUE
"강우계","강우-1",-4.8,23.7,TRUE,1.59617708525351,5.6244180594791,FALSE,NA,FALSE
"강우계","강우-2",-3.1,22.6,TRUE,0.995844995667015,5.86609227297234,FALSE,NA,FALSE
"강우계","강우-3",-1.5,54.8,TRUE,0.430826558409134,1.20837106746621,TRUE,1.92334408669424,TRUE
"강우계","강우-4",0.2,49.3,TRUE,0.169505531177364,0,TRUE,0.0173014218514105,TRUE
"강우계","강우-5",-7.2,51.1,TRUE,2.44370474114033,0.395466894807125,TRUE,84.0920396505569,FALSE
"강우계","강우(옥상)",-2.19,52.37,TRUE,0.674490759476595,0.674490759476595,TRUE,3.84214187219091,TRUE
"강우계","강우(순수)",-2.1,51.5,TRUE,0.64270847238084,0.483348426986486,TRUE,4.63451638131427,TRUE
"강우계","강우시료",3.25,40.02,TRUE,1.2465719272002,2.03885154656117,TRUE,3.84540869608585,TRUE
"강우계","강우(빗물)",1.75,45.94,TRUE,0.716867142270936,0.738204870306632,TRUE,0.746119439737661,TRUE
"강우계","강우(빗물)",0.13,51.47,TRUE,0.144785974547332,0.476757312073033,TRUE,1.26850012926556,TRUE
"강우계","강우-6",-0.28,47.37,TRUE,0,0.424028392765416,TRUE,2.34256478517114,TRUE
"강우계","강우-7",1.75,45.94,TRUE,0.716867142270936,0.738204870306632,TRUE,0.746119439737661,TRUE
"강우계","강우-8",0.13,51.47,TRUE,0.144785974547332,0.476757312073033,TRUE,1.26850012926556,TRUE
"생활계","하수처리장-1",21.9,13.2,TRUE,1.9025551674872,1.91846174102624,TRUE,7.27551172118595,FALSE
"생활계","하수처리장-2",14.4,9.2,TRUE,0.485557773628809,1.11068837638361,TRUE,1.56184589207742,TRUE
"생활계","하수처리장-3",4.2,11.2,TRUE,1.44155868201861,1.51457505870493,TRUE,12.5715156418316,FALSE
"생활계","하수처리장-4",11.5,11.2,TRUE,0.0623478853297693,1.51457505870493,TRUE,4.0253402812704,TRUE
"생활계","하수처리장-5",6.3,9.3,TRUE,1.04479941173826,1.13088271049968,TRUE,7.06943640814214,FALSE
"생활계","하수처리장-6",15.4,9.8,TRUE,0.674490759476595,1.23185438108001,TRUE,1.93725858685605,TRUE
"생활계","하수처리장-7",10.7,8,TRUE,0.213494274007998,0.868356366990826,TRUE,1.9089295584867,TRUE
"생활계","하수처리장-8",14.3,10.6,TRUE,0.466664475044031,1.39340905400853,TRUE,2.49127659923921,TRUE
"생활계","하수처리장-9",2.2,5.7,TRUE,1.81942465371418,0.403886682321314,TRUE,9.95736551003446,FALSE
"생활계","하수처리장-10",8.1,3.7,TRUE,0.704720037212241,0,TRUE,1.61340509713431,TRUE
"생활계","하수처리장-11",14,5.9,TRUE,0.409984579289695,0.444275350553446,TRUE,0.284914422959623,TRUE
"생활계","하수처리장-12",11.5,7.6,TRUE,0.0623478853297693,0.787579030526563,TRUE,1.29684731243897,TRUE
"생활계","하수처리장-13",14.4,5,TRUE,0.485557773628809,0.262526343508854,TRUE,0.225605375634419,TRUE
"생활계","하수처리장-14",16.3,3.9,TRUE,0.844530446739602,0.0403886682321314,TRUE,1.01090454223736,TRUE
"생활계","하수처리장-15",11.2,3,TRUE,0.119027781084105,0.14136033881246,TRUE,0.130286239383824,TRUE
"생활계","하수처리장-16",13.6,4.5,TRUE,0.334411384950581,0.161554672928526,TRUE,0.0737593210011427,TRUE
"생활계","하수처리장-17",10.1,5.1,TRUE,0.326854065516669,0.28272067762492,TRUE,0.833501295901523,TRUE
"생활계","하수처리장-18",20.4,9.3,TRUE,1.61915568871552,1.13088271049968,TRUE,4.20201017886257,TRUE
"생활계","하수처리장-19",12.7,14.7,TRUE,0.164371697687573,2.22137675276723,TRUE,7.3316606305862,FALSE
"생활계","광주1 유입수",-1.45,16.88,TRUE,2.50903005205859,2.66161323649746,TRUE,36.5188693058285,FALSE
"생활계","광주1 방류수",12.22,4.62,TRUE,0.0736838644806365,0.185787873867805,TRUE,0.0937126217466694,TRUE
"생활계","광주2 유입수",14.79,11.62,TRUE,0.559241638109446,1.59939126199241,TRUE,3.24220807194935,TRUE
"생활계","광주2 방류수",12.85,4.52,TRUE,0.192711645564741,0.165593539751739,TRUE,0.0407157382705841,TRUE
"생활계","담양 유입수",1.59,10.19,TRUE,1.93467377508133,1.31061228413267,TRUE,16.1659459753804,FALSE
"생활계","담양 방류수",-2.63,1.39,TRUE,2.73197097535898,0.466489118081118,TRUE,16.5695115648992,FALSE
"생활계","장성 유입수",14.29,6.45,TRUE,0.464775145185553,0.555344188191807,TRUE,0.434489428154265,TRUE
"생활계","장성 생활하수",6.31,8.55,TRUE,1.04291008187978,0.979425204629188,TRUE,6.31231686426371,FALSE
"생활계","장성 방류수",13.29,2.47,TRUE,0.275842159337767,0.248390309627608,TRUE,0.159976702848131,TRUE
"생활계","나주 유입수",29.74,-0.79,TRUE,3.38378977653384,0.906725601811351,TRUE,28.3682870128671,FALSE
"생활계","나주 매립지침출수",21.68,6.88,TRUE,1.86098991060069,0.64217982489089,TRUE,5.4126642740863,TRUE
"생활계","나주 산단폐수",19.49,6.84,TRUE,1.44722667159404,0.634102091244464,TRUE,3.08087526086261,TRUE
"생활계","나주 방류수",12.52,1.33,TRUE,0.130363760234972,0.478605718550758,TRUE,0.305757693266295,TRUE
"생활계","함평 유입수",-2.7,16.36,TRUE,2.74519628436833,2.55660269909392,TRUE,39.0615260172276,FALSE
"생활계","함평 방류수",20.52,6.5,TRUE,1.64182764701726,0.56544135524984,TRUE,4.11257137993197,TRUE
"생활계","무안 유입수",6.17,-13.97,TRUE,1.06936069989847,3.56833883830881,FALSE,NA,FALSE
"생활계","무안 방류수",33.58,12.91,TRUE,4.10929244218934,1.85989817208965,FALSE,NA,FALSE
"생활계","증심사천 방류수",10.89,1.05,TRUE,0.177597006696918,0.535149854075742,TRUE,0.382529534962397,TRUE
"생활계","신안천 방류수",19.19,4,TRUE,1.3905467758397,0.0605830023481971,TRUE,3.25392359048992,TRUE
"생활계","신안천방류수",15.92,-0.37,TRUE,0.772735912117444,0.821909398523875,TRUE,2.55785261486833,TRUE
"생활계","산포하수처리장 방류수",13.38,4.66,TRUE,0.292846128064068,0.193865607514231,TRUE,0.0659106099520331,TRUE
"생활계","내정마을방류수",7.56,-0.25,TRUE,0.806743849570045,0.797676197584596,TRUE,1.80301478121295,TRUE
"생활계","화순천 하수처리장 방류수",20.5,5.45,TRUE,1.6380489873003,0.35340084703115,TRUE,4.25884182428041,TRUE
"생활계","마을하수처리장 방류수",23.7,6.6,TRUE,2.24263454201322,0.585635689365906,TRUE,8.29796011611564,FALSE
"생활계","화순천 하수처리장 방류수",12.15,-0.53,TRUE,0.0604585554712915,0.85422033310958,TRUE,0.948139079017664,TRUE
"생활계","안계하수처리장",4.57,0.2,TRUE,1.37165347725492,0.7068016940623,TRUE,4.22207950163194,TRUE
"생활계","양평하수처리장",-4.02,-14.8,TRUE,2.9945878256874,3.73595181147216,FALSE,NA,FALSE
"생활계","하신하수처리장",7.66,1.41,TRUE,0.787850550985267,0.462450251257905,TRUE,1.59942579071477,TRUE
"생활계","하신하수처리장",9.57,3.31,TRUE,0.426988548015996,0.0787579030526564,TRUE,0.676988149751857,TRUE
"생활계","오수하수처리장",9.95,2.1,TRUE,0.355194013393837,0.323109345857052,TRUE,0.467133841970339,TRUE
"생활계","오수하수처리장",19.28,-3.13,TRUE,1.407550744566,1.37927302012729,TRUE,8.75255262709165,FALSE
"생활계","현포하수처리장",0.67,1.64,TRUE,2.10849212206129,0.416003282790954,TRUE,10.0678045915286,FALSE
"생활계","남원 생태습지 방류수",11.04,-3.61,TRUE,0.149257058819751,1.4762058238844,TRUE,2.70625965674654,TRUE
"생활계","남원하수처리장",10.83,-4.85,TRUE,0.188932985847786,1.72661556692362,TRUE,3.72485115050639,TRUE
"생활계","웅정 하수처리장",6.49,-4.55,TRUE,1.00890214442718,1.66603256457542,TRUE,4.14748454521362,TRUE
"생활계","화순읍 하수처리장 방류수",9.77,-1.17,TRUE,0.389201950846439,0.983464071452401,TRUE,1.25157250841366,TRUE
"생활계","화순읍 하수처리장 방류수",11.48,0.36,TRUE,0.0661265450467249,0.674490759476595,TRUE,0.534622778012751,TRUE
"생활계","화순읍 하수처리장 방류수",9.83,-1.54,TRUE,0.377865971695572,1.05818310768184,TRUE,1.40536681678147,TRUE
"생활계","화순읍 하수처리장 방류수",8.12,-0.73,TRUE,0.700941377495285,0.894609001341712,TRUE,1.62326854914727,TRUE
"생활계","화순읍 하수처리장 방류수",8.98,-0.69,TRUE,0.538459009666189,0.886531267695285,TRUE,1.2739249894305,TRUE
"생활계","화순읍 하수처리장 방류수",11.7,0.36,TRUE,0.0245612881602123,0.674490759476595,TRUE,0.539706392737193,TRUE
"생활계","화순읍 하수처리장 방류수",12.29,2.32,TRUE,0.0869091734899813,0.278681810801707,TRUE,0.0870319394227087,TRUE
"생활계","화순읍 하수처리장 방류수",12.98,2.63,TRUE,0.217272933724954,0.216079375041903,TRUE,0.0905811452325666,TRUE
"생활계","화순읍 하수처리장 방류수",20.5,5.45,TRUE,1.6380489873003,0.35340084703115,TRUE,4.25884182428041,TRUE
"생활계","화순읍 하수처리장 방류수",10.89,0.19,TRUE,0.177597006696918,0.708821127473907,TRUE,0.610510496279692,TRUE
"생활계","화순읍 하수처리장 방류수",10.95,-2.96,TRUE,0.166261027546052,1.34494265212998,TRUE,2.21235418884326,TRUE
"생활계","도곡온천 하수처리장 방류수",21.7,4.57,TRUE,1.86476857031765,0.175690706809772,TRUE,6.03163884694651,FALSE
"생활계","도곡온천 하수처리장 방류수",20.47,1.22,TRUE,1.63238099772487,0.50081948607843,TRUE,6.23836683857116,FALSE
"생활계","산포 하수종말처리시설 방류수",13.38,4.66,TRUE,0.292846128064068,0.193865607514231,TRUE,0.0659106099520331,TRUE
"생활계","이양 마을하수처리시설 방류수",2.16,-3.58,TRUE,1.82698197314809,1.47014752364958,TRUE,7.44760427327128,FALSE
"생활계","이양 마을하수처리시설 방류수",20.62,0.06,TRUE,1.66072094560204,0.735073761824792,TRUE,7.38314507225562,FALSE
"생활계","이양 마을하수처리시설 방류수",12.28,-1.7,TRUE,0.0850198436315034,1.09049404226755,TRUE,1.61625186991149,TRUE
"생활계","이양 마을하수처리시설 방류수",18.02,0.77,TRUE,1.16949518239779,0.591693989600726,TRUE,3.64425649028807,TRUE
"생활계","이양 마을하수처리시설 방류수",23.7,6.6,TRUE,2.24263454201322,0.585635689365906,TRUE,8.29796011611564,FALSE
"생활계","효천하수처리장 방류수",11.37,1.92,TRUE,0.0869091734899816,0.35945914726597,TRUE,0.177018584703114,TRUE
"생활계","효천하수처리장 방류수",11.83,0.92,TRUE,0,0.561402488426627,TRUE,0.369614460276622,TRUE
"생활계","월곡마을하수처리장",2.12,7.97,TRUE,1.834539292582,0.862298066756006,TRUE,12.3122501909005,FALSE
"생활계","효천하수처리장 방류수",11.83,0.92,TRUE,0,0.561402488426627,TRUE,0.369614460276622,TRUE
"축산계","퇴비-1",13.4,24.8,TRUE,0.847931240484863,1.88104054737103,TRUE,10.4099000117798,FALSE
"축산계","퇴비-2",17.8,17.8,TRUE,0,1.05705532636995,TRUE,3.8817970348182,TRUE
"축산계","퇴비-3",17.8,24.7,TRUE,0,1.86926932992816,TRUE,10.4765729480357,FALSE
"축산계","퇴비-4",15.2,8,TRUE,0.501050278468328,0.0965239830315547,TRUE,0.194566964027418,TRUE
"축산계","퇴비-5",21.6,10.4,TRUE,0.732304253146018,0.185985235597386,TRUE,1.30549132403122,TRUE
"축산계","퇴비-6",14.3,9.7,TRUE,0.674490759476595,0.103586713497278,TRUE,0.523155660367665,TRUE
"축산계","퇴비-7",12.5,10.3,TRUE,1.02137172149313,0.174214018154513,TRUE,1.16584852434555,TRUE
"축산계","퇴비-8",20.8,10.9,TRUE,0.578134936694224,0.244841322811748,TRUE,1.14291027985067,TRUE
"축산계","퇴비-9",12.9,15.3,TRUE,0.944287063267233,0.762774890298139,TRUE,2.68407132608685,TRUE
"축산계","퇴비-10",11.5,16.6,TRUE,1.21408336705787,0.915800717055482,TRUE,3.87001681054603,TRUE
"축산계","퇴비 유출수(소)-1",4.31,8.19,TRUE,2.59968009866836,0.0741586698900969,TRUE,7.20315763695321,FALSE
"축산계","나주 가축분뇨",20.92,-8.22,TRUE,0.601260334161994,2.00581545226548,TRUE,7.96665056096283,FALSE
"축산계","장성 분뇨처리수",21.67,6.23,TRUE,0.74579406833555,0.304874531770398,TRUE,0.816527369502138,TRUE
"축산계","장성 가축처리수",34.14,13.6,TRUE,3.14890828852788,0.562664193769306,TRUE,14.8651737805828,FALSE
"축산계","남평퇴비",31.91,29.75,TRUE,2.7191613189185,2.46371581079322,TRUE,30.0116977221028,FALSE
"축산계","계분 퇴비",-17.43,54.84,TRUE,6.78923127324584,5.41711426720993,FALSE,NA,FALSE
"축산계","감정천 퇴비유출수(소)",12.17,9.64,TRUE,1.08496656452949,0.0965239830315547,TRUE,1.20826235774556,TRUE
"축산계","돈분 액비-2",25.95,13.16,TRUE,1.57059991135264,0.510870837020667,TRUE,5.0166877431438,TRUE
"축산계","돈분 하천 방류수-3",17.72,8.82,TRUE,0.0154169316451797,0,TRUE,0.107217038094009,TRUE
"축산계","감정천 퇴비유출수",17.66,10.89,TRUE,0.0269796303790639,0.243664201067461,TRUE,0.48724466210556,TRUE
"축산계","감정천 퇴비유출수",18.17,9.27,TRUE,0.0713033088589545,0.0529704784929262,TRUE,0.201774087057209,TRUE
"축산계","복암제 상류 인공습지",23.54,53.59,TRUE,1.10616484554162,5.26997404917403,FALSE,NA,FALSE
"축산계","광주천 부숙퇴비",18.2,4.75,TRUE,0.0770846582258963,0.479088549924911,TRUE,0.20995453496716,TRUE
"축산계","만봉천 부숙퇴비(소)",15.31,3.09,TRUE,0.479851997456206,0.674490759476595,TRUE,0.819474268314669,TRUE
"축산계","영산천 부숙퇴비(소)",19.24,8.46,TRUE,0.277504769613227,0.042376382794341,TRUE,0.247371536744971,TRUE
"축산계","추동천 퇴비",24.47,-0.67,TRUE,1.28538667591683,1.1170885353286,TRUE,3.70523125891024,TRUE
"축산계","돈분퇴비",4.09,16.76,TRUE,2.64207666069261,0.934634664964078,TRUE,9.3050911641718,FALSE
"축산계","승가교 퇴비(소)",20.93,5.27,TRUE,0.603187450617641,0.417878219221974,TRUE,0.621454136937754,TRUE
"축산계","남평퇴비",24.39,1.32,TRUE,1.26996974427165,0.882841308215439,TRUE,2.89431755036705,TRUE
"축산계","적치퇴비",6.32,-0.06,TRUE,2.21232969108323,1.04528410892708,TRUE,7.83764242728385,FALSE
"축산계","요천 인근 적치퇴비",31.68,-7.79,TRUE,2.67483764043861,1.95519921726112,TRUE,14.2220620852318,FALSE
"축산계","적치퇴비",2,-3.04,TRUE,3.04484399992292,1.39606638872468,TRUE,15.3366867822728,FALSE
"축산계","적치퇴비",15.57,2.06,TRUE,0.429746969609374,0.795734299138182,TRUE,1.10488601200117,TRUE
"축산계","적치퇴비",31.9,-0.34,TRUE,2.71723420246285,1.07824351776712,TRUE,9.9802576201195,FALSE
"축산계","축사유출수",9.18,-0.3,TRUE,1.66117438476807,1.07353503078997,TRUE,5.38851833772881,TRUE
"축산계","적치퇴비",13.4,24.37,TRUE,0.847931240484863,1.83042431236668,TRUE,9.92241664345565,FALSE
"축산계","적치퇴비",15.93,15.78,TRUE,0.360370777206067,0.819276734023927,TRUE,2.45602567497285,TRUE
"축산계","적치퇴비",18.76,3.97,TRUE,0.185003179742152,0.570904045979317,TRUE,0.388795650178261,TRUE
"축산계","적치퇴비",15.11,9.72,TRUE,0.518394326569155,0.105940956985853,TRUE,0.366261785212966,TRUE
"축산계","시판퇴비",19.26,3,TRUE,0.281359002524523,0.68508485517518,TRUE,0.666970994526155,TRUE
"축산계","우분퇴비(만봉천)",15.97,2.65,TRUE,0.352662311383477,0.726284116225234,TRUE,0.829941048890723,TRUE
"축산계","우분퇴비(영산천)",19.62,7.36,TRUE,0.35073519492783,0.171859774665939,TRUE,0.240739293946429,TRUE
"축산계","우분퇴비(승가교)",21.09,4.13,TRUE,0.634021313907999,0.552070098070721,TRUE,0.813497497195924,TRUE
"축산계","우분퇴비(남평)",24.48,1.67,TRUE,1.28731379237247,0.841642047165385,TRUE,2.8373028249263,TRUE
"축산계","돈분퇴비",17.72,8.82,TRUE,0.0154169316451797,0,TRUE,0.107217038094009,TRUE
"축산계","감정천 퇴비 유출수",17.66,10.89,TRUE,0.0269796303790639,0.243664201067461,TRUE,0.48724466210556,TRUE
"축산계","감정천 퇴비 유출수",18.17,9.27,TRUE,0.0713033088589545,0.0529704784929262,TRUE,0.201774087057209,TRUE
"농업계","밭토양 유출수-3",12.25,7.79,TRUE,0.983412059169683,0.0826362851014372,TRUE,0.793944200773105,TRUE
"농업계","퇴비, 밭 유출수-5",-0.44,1.26,TRUE,0.933561678290114,0.646573095590975,TRUE,1.65758559581711,TRUE
"농업계","과수원 유출수-6",4.95,4.34,TRUE,0.119338790590484,0.302627476520128,TRUE,0.203300830229072,TRUE
"농업계","토양 유출수-4",2.93,3.51,TRUE,0.424483546277544,0.395314120620389,TRUE,0.508772201130435,TRUE
"농업계","논유출수",1.93,7.16,TRUE,0.575545306518663,0.0122837721096731,TRUE,0.3575724422761,TRUE
"농업계","논유출수",11.45,30.55,TRUE,0.862562650976788,2.62426040524834,TRUE,10.2110876386511,FALSE
"농업계","밭토양 감나무",6.44,-1.68,TRUE,0.105743232168783,0.974884822885874,TRUE,1.43239177321478,TRUE
"농업계","밭토양 깻잎",4.18,2.57,TRUE,0.235656345976145,0.500284536830322,TRUE,0.512970031832646,TRUE
"농업계","밭토양 고구마",8.31,-1.92,TRUE,0.388228723819675,1.00168578021607,TRUE,1.5550961894873,TRUE
"농업계","산포천 논배수로",9.6,5.88,TRUE,0.583098394530718,0.130654666984705,TRUE,0.281491839381794,TRUE
"농업계","대촌천 논토양1",1.67,4.11,TRUE,0.614821364181353,0.328311727294899,TRUE,0.635881405193952,TRUE
"농업계","광주천 논토양",8.62,11.47,TRUE,0.435057869494422,0.493584297497773,TRUE,0.445535575281452,TRUE
"농업계","만봉천 논토양",1.41,8.97,TRUE,0.654097421844044,0.214407658641567,TRUE,0.464884893759959,TRUE
"농업계","장성천 논토양",0.53,7.29,TRUE,0.787031770856229,0.0268009573301959,TRUE,0.634295207331127,TRUE
"농업계","영산천 논토양",17.56,8.84,TRUE,1.78555000605002,0.199890473421044,TRUE,2.79786864280495,TRUE
"농업계","논침출수",9.12,6.12,TRUE,0.510588749614981,0.103853709654509,TRUE,0.209135451897217,TRUE
"농업계","밭토양",2.6,-0.02,TRUE,0.474333927157113,0.789511534685352,TRUE,1.29143702412448,TRUE
"농업계","밭토양",1.49,1.82,TRUE,0.642012481024755,0.584037528487184,TRUE,1.05823091268611,TRUE
"농업계","논토양(모내기 물)",-8.46,-0.63,TRUE,2.14507699542389,0.857630634566267,TRUE,5.83189031714655,TRUE
"농업계","논토양(모내기 물)",-8.98,-2.64,TRUE,2.22362911074927,1.08208865220666,TRUE,6.88589211163576,FALSE
"농업계","밭토양",-9.38,-1.64,TRUE,2.28405381484572,0.970417996664174,TRUE,6.76998653038789,FALSE
"농업계","논토양(모내기 물)",-12.09,0.98,TRUE,2.69343118509915,0.67784087914287,TRUE,7.86756281062958,FALSE
"농업계","논토양(모내기 물)",1.37,4.26,TRUE,0.660139892253689,0.311561128963527,TRUE,0.676024725928271,TRUE
"농업계","밭토양",4.07,1.58,TRUE,0.252273139602668,0.61083848581738,TRUE,0.713426285837341,TRUE
"농업계","농배수로(4번지점 옆)",6.17,1.68,TRUE,0.064956556903681,0.599671420263132,TRUE,0.573211303881126,TRUE
"농업계","논토양(모내기 물)",3.11,-12.58,TRUE,0.397292429434142,2.19209496829893,TRUE,7.29820055948404,FALSE
"농업계","논토양(모내기 물)",10.37,4.37,TRUE,0.69941594991638,0.299277356853853,TRUE,0.502854715095781,TRUE
"농업계","농배수로(EM27 옆)",7.91,-0.2,TRUE,0.327804019723228,0.809612252682999,TRUE,1.03692010198458,TRUE
"농업계","논토양(모내기 물)",7.82,3.13,TRUE,0.314208461301527,0.437748969726532,TRUE,0.361639414495403,TRUE
"농업계","논토양(방계인근)",5.39,1.02,TRUE,0.0528716160843916,0.67337405292117,TRUE,0.736942479695834,TRUE
"농업계","논토양(모내기 물)",7.15,0.47,TRUE,0.212997081939977,0.734792913469536,TRUE,0.842079887945393,TRUE
"농업계","논토양",-4.8,0.87,TRUE,1.59219095294139,0.690124651252543,TRUE,3.39840118577197,TRUE
"농업계","논토양",3.03,8.2,TRUE,0.409377370253432,0.128421253873855,TRUE,0.192852518894889,TRUE
"농업계","농배수로",6.24,-0.86,TRUE,0.0755308801205594,0.883314885341038,TRUE,1.18906758650751,TRUE
"농업계","논토양 물",9.96,1.73,TRUE,0.637480628217521,0.594087887486008,TRUE,0.807299084914924,TRUE
"농업계","밭토양",6.11,-2.46,TRUE,0.055892851289214,1.06198793420901,TRUE,1.6955212902878,TRUE
"농업계","밭토양",3.42,-1.89,TRUE,0.350463283759396,0.998335660549795,TRUE,1.72793077813239,TRUE
"농업계","밭토양",9.88,-1.32,TRUE,0.625395687398232,0.93468338689058,TRUE,1.52391588330621,TRUE
"농업계","밭토양",9.18,-0.33,TRUE,0.519652455229448,0.824129437903522,TRUE,1.16959991549366,TRUE
"농업계","밭토양",18.7,-1.07,TRUE,1.9577604127249,0.906765723004959,TRUE,4.20180169679131,TRUE
"농업계","밭토양",4.6,-2.17,TRUE,0.172210406674875,1.02960344410169,TRUE,1.68694084544663,TRUE
"농업계","밭토양",7.71,-1.6,TRUE,0.297591667675004,0.965951170442475,TRUE,1.42433097765189,TRUE
"농업계","논토양",-2.78,-3.8,TRUE,1.28704619725433,1.21162661263594,TRUE,4.10505623312825,TRUE
"농업계","논토양",4.44,0.91,TRUE,0.196380288313454,0.685657825030843,TRUE,0.826149908763055,TRUE
"농업계","논토양",1.83,-3.68,TRUE,0.590651482542774,1.19822613397084,TRUE,2.65589981016203,TRUE
"농업계","논토양",4.32,-4.53,TRUE,0.214507699542389,1.29314619118195,TRUE,2.60772633628105,TRUE
"농업계","논토양",2.83,-1.1,TRUE,0.439589722301656,0.910115842671234,TRUE,1.56422953708512,TRUE
"농업계","논토양",1.06,-4.8,TRUE,0.706969037928436,1.32329726817842,TRUE,3.29883544816384,TRUE
"농업계","논유출수",-0.92,45.56,TRUE,1.00607132320585,4.30043694494101,FALSE,NA,FALSE
"농업계","농배수로",3.17,0.38,TRUE,0.388228723819675,0.744843272468359,TRUE,1.09952031516618,TRUE
"농업계","농배수로",3.41,1.41,TRUE,0.351973901361807,0.629822497259602,TRUE,0.825024806480272,TRUE
"농업계","농배수로",4.72,3.96,TRUE,0.154082995445941,0.345062325626271,TRUE,0.262086609364405,TRUE
"농업계","농배수로",8.22,5.43,TRUE,0.374633165397975,0.180906461978822,TRUE,0.151868342414474,TRUE
"농업계","퇴비(과수원 시비)",12.8,-1.16,TRUE,1.0664960273023,0.916816082003783,TRUE,2.03296198873244,TRUE
"농업계","논",8.07,5.95,TRUE,0.351973901361807,0.122837721096731,TRUE,0.11164913002692,TRUE
"농업계","논",11.58,25.48,TRUE,0.882200679808134,2.05809018164796,TRUE,6.55610020482433,FALSE
"농업계","밭",20.35,-4.02,TRUE,2.20701231712275,1.23619415685528,TRUE,5.96061966051085,TRUE
"농업계","비닐하우스",7.09,2.76,TRUE,0.20393337632551,0.479067112277251,TRUE,0.386222930572186,TRUE
"농업계","과수원",0.17,4.79,TRUE,0.841414004543032,0.252375681526011,TRUE,0.886234587323902,TRUE
"농업계","밭",11.45,-2.44,TRUE,0.862562650976788,1.05975452109816,TRUE,2.12070254757122,TRUE
"농업계","밭",8.62,1.91,TRUE,0.435057869494422,0.573987169488361,TRUE,0.619915909893536,TRUE
"농업계","비닐하우스",5.65,-0.27,TRUE,0.0135955584217007,0.817429198570973,TRUE,1.04302311757263,TRUE
"농업계","과수원",1.77,-0.12,TRUE,0.599715188157241,0.800678600239601,TRUE,1.4705324669259,TRUE
"농업계","밭",10.31,3.08,TRUE,0.690352244301913,0.443332502503656,TRUE,0.641974612932608,TRUE
"농업계","밭",1.67,-1.53,TRUE,0.614821364181353,0.958134224554501,TRUE,1.91324776050773,TRUE
"농업계","밭",5.82,-2.32,TRUE,0.0120849408192895,1.04635404243306,TRUE,1.65792017769655,TRUE
"농업계","논",-7.66,8.66,TRUE,2.02422758723099,0.179789755423397,TRUE,3.85078071443461,TRUE
"농업계","논",0.76,10.93,TRUE,0.752287566000772,0.433282143504833,TRUE,0.732749553466157,TRUE
"농업계","논(soil-A)",3.07,10.94,TRUE,0.403334899843787,0.434398850060257,TRUE,0.36395102735908,TRUE
"농업계","과수원",1.44,6.68,TRUE,0.649565569036811,0.0413181425507186,TRUE,0.461965683143422,TRUE
"농업계","과수원(퇴비)",-0.97,4.44,TRUE,1.01362441121791,0.29146041096588,TRUE,1.24082824366935,TRUE
"농업계","비닐하우스",9.17,6.08,TRUE,0.518141837627037,0.108320535876208,TRUE,0.216731409760454,TRUE
"농업계","비닐하우스",5.66,5.47,TRUE,0.0120849408192895,0.176439635757123,TRUE,0.0734310727203733,TRUE
"농업계","비닐하우스",9.56,1.69,TRUE,0.577055924121074,0.598554713707707,TRUE,0.761165543149345,TRUE
"농업계","과수원(감)",8.01,10.42,TRUE,0.342910195747339,0.376330109178167,TRUE,0.248240548470067,TRUE
"농업계","논",8.61,1.57,TRUE,0.433547251892011,0.611955192372805,TRUE,0.683462971566014,TRUE
"농업계","비닐하우스(쪽파)",8.19,-0.4,TRUE,0.370101312590741,0.831946383791496,TRUE,1.10537090871747,TRUE
"농업계","밭",-0.66,-5.07,TRUE,0.96679526554316,1.35344834517489,TRUE,3.90040196570807,TRUE
"농업계","밭",4.79,2.92,TRUE,0.143508672229063,0.461199807390453,TRUE,0.40572707233632,TRUE
"농업계","논",7.38,7.32,TRUE,0.247741286795435,0.0301510769964704,TRUE,0.0350357388167575,TRUE
"농업계","논",-0.78,7.39,TRUE,0.984922676772094,0.0379680228844441,TRUE,0.966235320589654,TRUE
"농업계","과수원(배)",12.06,1.55,TRUE,0.954710324723871,0.614188605483655,TRUE,1.22966370541248,TRUE
"농업계","논",3.35,6.93,TRUE,0.361037606976274,0.0134004786650979,TRUE,0.161098471974189,TRUE
"농업계","논",10.21,10.56,TRUE,0.675246068277801,0.391964000954114,TRUE,0.560028247975502,TRUE
"농업계","논",2.53,10.61,TRUE,0.484908250373991,0.397547533731238,TRUE,0.396355309611513,TRUE
"농업계","밭",11.41,4.6,TRUE,0.856520180567143,0.273593106079083,TRUE,0.679372815521338,TRUE
"농업계","밭(고추밭)",10.77,3.93,TRUE,0.759840654012827,0.348412445292546,TRUE,0.616837420515675,TRUE
"농업계","논",0.91,10.36,TRUE,0.729628301964604,0.369629869845618,TRUE,0.648069143055665,TRUE
"농업계","산림",-6.16,1.42,TRUE,1.79763494686931,0.628705790704177,TRUE,3.93145928224119,TRUE
"농업계","밭",8.6,7.99,TRUE,0.4320366342896,0.104970416209934,TRUE,0.140985011418906,TRUE
"농업계","산림",-2.21,-2.04,TRUE,1.20094099391689,1.01508625888117,TRUE,3.20847017291505,TRUE
"농업계","산림",0.98,4.29,TRUE,0.719053978747725,0.308211009297252,TRUE,0.75462257525936,TRUE
"농업계","밭(깨)",8.37,2.18,TRUE,0.397292429434142,0.54383609249189,TRUE,0.550749595755321,TRUE
"농업계","산림유출수",-1.26,2.93,TRUE,1.05743232168783,0.460083100835028,TRUE,1.55979712775129,TRUE
"농업계","석정천 상류",2.46,4.56,TRUE,0.49548257359087,0.278059932300782,TRUE,0.444176637018339,TRUE
"농업계","회송천 말단 측구",5.83,2.36,TRUE,0.0135955584217007,0.523735374494244,TRUE,0.452150649010636,TRUE
"농업계","유곡천 상류 측구",9.32,3.43,TRUE,0.540801101663205,0.404247773063787,TRUE,0.455645297393751,TRUE
"농업계","대초천 말단 측구",9.29,0.41,TRUE,0.536269248855971,0.741493152802085,TRUE,0.999104738137693,TRUE
"농업계","수춘천 측구",9.38,-0.66,TRUE,0.549864807277672,0.860980754232541,TRUE,1.27844976820754,TRUE
"농업계","대초천 말단 측구",0.98,5.25,TRUE,0.719053978747725,0.201007179976469,TRUE,0.650701079078412,TRUE
"농업계","송학천 골프장 영향지점 합류 후",6.82,2.08,TRUE,0.163146701060408,0.555003158046139,TRUE,0.496919938764045,TRUE
"농업계","수춘천 측구",1.56,1.42,TRUE,0.631438157807876,0.628705790704177,TRUE,1.13009226586059,TRUE
"농업계","회송천 농업유출수",8.42,1.95,TRUE,0.404845517446198,0.569520343266661,TRUE,0.595846333802016,TRUE
"농업계","산포천말단 배출수",14.34,3.59,TRUE,1.29913113807362,0.38638046817699,TRUE,1.56484244364668,TRUE
"농업계","석정천 논 유출수",6.83,3.8,TRUE,0.164657318662819,0.362929630513069,TRUE,0.23309123165854,TRUE
"농업계","대초천 논 유출수",5.11,4.53,TRUE,0.0951689089519048,0.281410051967056,TRUE,0.174574932869694,TRUE
"농업계","지석천 배수로 유출수",6.91,5.44,TRUE,0.176742259482109,0.179789755423397,TRUE,0.0788259477011138,TRUE
"농업계","지석천 배수로 유출수",8.96,8.98,TRUE,0.486418867976402,0.215524365196992,TRUE,0.226155435120351,TRUE
"농업계","지석천 배수로 유출수",6.09,2.36,TRUE,0.0528716160843915,0.523735374494244,TRUE,0.446885988106994,TRUE
"농업계","노동천(비닐하우스)",10.34,3.36,TRUE,0.694884097109146,0.412064718951761,TRUE,0.609595172052767,TRUE
"농업계","석정천(과수원)",6.05,1.94,TRUE,0.0468291456747468,0.570637049822086,TRUE,0.524461724891015,TRUE
"농업계","대촌천(비닐하우스)",8.77,4.98,TRUE,0.45771713353059,0.231158256972939,TRUE,0.234403701571414,TRUE
"농업계","비료",-15.2,19.1,TRUE,3.16323325944903,1.34563139928692,TRUE,10.8869705444691,FALSE
"농업계","비료",-7.9,18.2,TRUE,2.06048240968886,1.24512780929868,TRUE,5.54962198821739,TRUE
"농업계","비료",1,16.6,TRUE,0.716032743542903,1.06645476043071,TRUE,1.83467066228557,TRUE
"농업계","비료",8.4,20.9,TRUE,0.401824282241376,1.54663857926338,TRUE,3.33917334783874,TRUE
"농업계","슈퍼오레기",-17.75,13.45,TRUE,3.54844074806388,0.714692195471889,FALSE,NA,FALSE
"농업계","뿌리조은 황플러스",0.54,20.49,TRUE,0.785521153253818,1.50085361049097,TRUE,3.34889888750136,TRUE
"농업계","어분골드(유기질)",7.14,16.78,TRUE,0.211486464337566,1.08655547842836,TRUE,1.56134089602763,TRUE
"농업계","비료",-2.84,20.3,TRUE,1.2961099028688,1.4796361859379,TRUE,4.13653234665162,TRUE
"농업계","IOF-1",3.8,18.9,TRUE,0.29305981486777,1.32329726817842,TRUE,2.29481850137564,TRUE
"농업계","IOF-2",5.3,16.5,TRUE,0.0664671745060923,1.05528769487646,TRUE,1.40857013832248,TRUE
"농업계","IOF-3",6.2,17.6,TRUE,0.0694884097109146,1.17812541597319,TRUE,1.78775678945174,TRUE
"농업계","IOF-4",3.9,17.3,TRUE,0.277953638843659,1.14462421931045,TRUE,1.71031764167127,TRUE
"농업계","IOF-5",5.6,21.7,TRUE,0.0211486464337567,1.63597510369737,TRUE,3.49792351486856,TRUE
"농업계","IOF-6",4.7,19,TRUE,0.157104230650764,1.33446433373267,TRUE,2.2986569176173,TRUE
"농업계","IOF-7",0.5,22.7,TRUE,0.791563623663462,1.74764575923985,TRUE,4.39997025946881,TRUE
"농업계","IOF-8",0.9,21.8,TRUE,0.731138919567015,1.64714216925162,TRUE,3.88399548858993,TRUE
"농업계","IOF-9",1.7,22.6,TRUE,0.61028951137412,1.73647869368561,TRUE,4.1599806261785,TRUE
"농업계","IOF-10",0.4,21.9,TRUE,0.806669799687574,1.65830923480587,TRUE,4.02135621744919,TRUE
"농업계","IOF-11",1,19,TRUE,0.716032743542903,1.33446433373267,TRUE,2.65662709941263,TRUE
"농업계","IOF-12",3,20.9,TRUE,0.413909223060665,1.54663857926338,TRUE,3.19695612325456,TRUE
"농업계","IOF-13",2,20.4,TRUE,0.564970983301784,1.49080325149214,TRUE,3.0801572503934,TRUE
"농업계","IOF-14",-0.9,15.1,TRUE,1.00305008800103,0.898948777116986,TRUE,1.8476327478057,TRUE
"농업계","IOF-15",1,22.5,TRUE,0.716032743542903,1.72531162813136,TRUE,4.21242672890875,TRUE
"농업계","IOF-16",3.8,16.5,TRUE,0.29305981486777,1.05528769487646,TRUE,1.46040184597331,TRUE
"농업계","IOF-17",-0.4,18.9,TRUE,0.927519207880469,1.32329726817842,TRUE,2.90110960986035,TRUE
"농업계","IOF-18",-1.1,14.1,TRUE,1.03326244004925,0.787278121574503,TRUE,1.67574609668843,TRUE
"농업계","IOF-19",7.6,19.7,TRUE,0.280974874048481,1.41263379261241,TRUE,2.70321990397443,TRUE
"농업계","OF-1",20.4,7.4,TRUE,2.2145654051348,0.039084729439869,TRUE,4.22064332582404,TRUE
"농업계","OF-2",-0.6,8,TRUE,0.957731559928693,0.106087122765359,TRUE,0.908858541251597,TRUE
"농업계","OF-3",21.7,7.4,TRUE,2.41094569344826,0.039084729439869,TRUE,5.02137323200147,TRUE
"농업계","OF-4",18.8,8.8,TRUE,1.97286658874901,0.195423647199345,TRUE,3.41731619434266,TRUE
"농업계","OF-5",15,11,TRUE,1.39883189983276,0.441099089392807,TRUE,1.95636551327938,TRUE
"농업계","OF-6",15.7,7.1,TRUE,1.50457513200154,0.00558353277712411,TRUE,1.89870330114827,TRUE
"농업계","OF-7",10.9,1.6,TRUE,0.779478682844173,0.60860507270653,TRUE,0.983297704807941,TRUE
"농업계","OF-8",17.2,1,TRUE,1.73116777236322,0.67560746603202,TRUE,3.04401240552283,TRUE
"농업계","OF-9",23.2,14.4,TRUE,2.63753833380993,0.820779318237248,TRUE,7.23857285716194,FALSE
"농업계","OF-10",21.7,3.5,TRUE,2.41094569344826,0.396430827175813,TRUE,5.10217610094349,TRUE
"농업계","OF-11",2.1,4.4,TRUE,0.549864807277672,0.295927237187579,TRUE,0.521877367774213,TRUE
"농업계","OF-12",7.5,-4,TRUE,0.265868698024369,1.23396074374443,TRUE,2.25678539569655,TRUE
"농업계","OF-13",24.4,10.5,TRUE,2.81881244609928,0.385263761621565,TRUE,7.24342200038346,FALSE
"농업계","OF-14",11.5,14.1,TRUE,0.870115738988844,0.787278121574503,TRUE,1.48377417919687,TRUE
"농업계","OF-15",24,7.6,TRUE,2.75838774200283,0.0614188605483654,TRUE,6.61977797434902,FALSE
"농업계","OF-16",-1.2,4.4,TRUE,1.04836861607336,0.295927237187579,TRUE,1.31573314321197,TRUE
"농업계","OF-17",12.2,5.4,TRUE,0.975858971157627,0.184256581645096,TRUE,0.806248551293372,TRUE
"농업계","OF-18",22.6,12.5,TRUE,2.54690127766526,0.608605072706531,TRUE,6.31873385009473,FALSE
"농업계","OF-19",17.7,5.8,TRUE,1.80669865248378,0.139588319428103,TRUE,2.76896287883115,TRUE
"농업계","OF-20",-1,-2.8,TRUE,1.01815626402514,1.09995595709345,TRUE,3.06696687584368,TRUE
"농업계","OF-21",13,9.3,TRUE,1.09670837935052,0.251258974970586,TRUE,1.08669915556729,TRUE
"농업계","OF-22",9.4,-4.5,TRUE,0.552886042482495,1.28979607151567,TRUE,2.57266476340467,TRUE
"농업계","OF-23",13.2,10,TRUE,1.12692073139875,0.329428433850324,TRUE,1.21446970186475,TRUE
"농업계","OF-24",26.2,10.7,TRUE,3.09072361453329,0.407597892730062,TRUE,8.71825615497303,FALSE
"농업계","OF-25",17.1,2.6,TRUE,1.71606159633911,0.496934417164048,TRUE,2.74255730229365,TRUE
"농업계","OF-26",13.2,3,TRUE,1.12692073139875,0.452266154947055,TRUE,1.28910706031383,TRUE
"농업계","OF-27",15.4,1,TRUE,1.45925660392921,0.67560746603202,TRUE,2.32254576309792,TRUE
"농업계","OF-28",22.9,6,TRUE,2.5922198057376,0.117254188319607,TRUE,5.7854889834507,TRUE
"농업계","OF-29",14.8,7,TRUE,1.36861954778454,0.00558353277712411,TRUE,1.5585446057534,TRUE
"농업계","OF-30",12.1,4.5,TRUE,0.960752795133515,0.284760171633331,TRUE,0.84277987737223,TRUE
"농업계","PCF-1",8,19.4,TRUE,0.341399578144928,1.37913259594966,TRUE,2.61942851544692,TRUE
"농업계","PCF-2",10.2,11.7,TRUE,0.67373545067539,0.519268548272544,TRUE,0.718068659819086,TRUE
"농업계","PCF-3",2,19.4,TRUE,0.564970983301784,1.37913259594966,TRUE,2.6619527593797,TRUE
"농업계","PCF-4",14.6,9.4,TRUE,1.33840719573631,0.262426040524834,TRUE,1.61374183464544,TRUE
"농업계","PCF-5",17.8,17.7,TRUE,1.82180482850789,1.18929248152744,TRUE,5.01956151816656,TRUE
"농업계","PCF-6",15.4,11,TRUE,1.45925660392921,0.441099089392807,TRUE,2.11095287363888,TRUE
"농업계","PCF-7",13.2,18.3,TRUE,1.12692073139875,1.25629487485293,TRUE,3.32208734350585,TRUE
"농업계","PCF-8",7.6,19.6,TRUE,0.280974874048481,1.40146672705816,TRUE,2.66053403950445,TRUE
"농업계","PCF-9",0.7,10.6,TRUE,0.761351271615239,0.396430827175813,TRUE,0.712864724360444,TRUE
"농업계","PCF-10",15.3,12.3,TRUE,1.4441504279051,0.586270941598034,TRUE,2.29782361678705,TRUE
"농업계","PCF-11",8.7,12.7,TRUE,0.447142810313711,0.630939203815027,TRUE,0.66243467340159,TRUE
"농업계","PCF-12",12.5,13.8,TRUE,1.02117749922996,0.753776924911758,TRUE,1.67475485972532,TRUE
"농업계","PCF-13",21.6,12.4,TRUE,2.39583951742414,0.597438007152282,TRUE,5.62173867066148,TRUE
"농업계","PCF-14",12,31,TRUE,0.945646619109403,2.67451220024246,TRUE,10.749614297053,FALSE
"농업계","PCF-15",15.4,1.8,TRUE,1.45925660392921,0.586270941598034,TRUE,2.17833732235632,TRUE
"농업계","PCF-16",6.8,24.8,TRUE,0.160125465855586,1.98215413587907,TRUE,5.25876355746119,TRUE
"농업계","PCF-17",1.8,21.1,TRUE,0.595183335350008,1.56897271037188,TRUE,3.41934631403968,TRUE
"농업계","PCF-18",15.5,17.3,TRUE,1.47436277995332,1.14462421931045,TRUE,3.79515212427741,TRUE
"농업계","PCF-19",15.8,15,TRUE,1.51968130802565,0.887781711562737,TRUE,3.1608691796414,TRUE
"농업계","PCF-20",4.7,22.6,TRUE,0.157104230650764,1.73647869368561,TRUE,3.94628523913359,TRUE
"농업계","PCF-21",6,18.6,TRUE,0.0392760576626908,1.28979607151567,TRUE,2.14954357906388,TRUE
"농업계","PCF-22",-1,20.3,TRUE,1.01815626402514,1.4796361859379,TRUE,3.60493110304311,TRUE
"농업계","PCF-23",12.2,10.2,TRUE,0.975858971157627,0.35176256495882,TRUE,0.956063573469465,TRUE
"농업계","PCF-24",25.5,12.9,TRUE,2.98498038236451,0.653273334923524,TRUE,8.60519701200747,FALSE
"농업계","비료-1",2,18,TRUE,0.564970983301784,1.22279367819018,TRUE,2.13457301981449,TRUE
"농업계","비료-2",4.3,19.5,TRUE,0.217528934747211,1.39029966150391,TRUE,2.51162608357934,TRUE
"농업계","비료-3",-0.3,13.9,TRUE,0.912413031856357,0.764943990466006,TRUE,1.42802567987898,TRUE
"농업계","비료-4",4.5,15.5,TRUE,0.187316582698987,0.943617039333978,TRUE,1.13365989722659,TRUE
"농업계","비료-5",10.1,14.7,TRUE,0.658629274651278,0.854280514899992,TRUE,1.33445922507125,TRUE
"농업계","비료-6",2.3,11.4,TRUE,0.519652455229449,0.4857673516098,TRUE,0.516751656944059,TRUE
"농업계","비료-7",4,13.4,TRUE,0.262847462819547,0.709108662694765,TRUE,0.663296790660647,TRUE
"농업계","비료-8",-2.5,13.7,TRUE,1.24474890438682,0.74260985935751,TRUE,2.02142084430248,TRUE
"농업계","비료-9",4.1,10.3,TRUE,0.247741286795435,0.362929630513069,TRUE,0.203405260240175,TRUE
"농업계","비료-10",-2.6,11.2,TRUE,1.25985508041093,0.463433220501303,TRUE,1.68914703946244,TRUE
"농업계","화학비료",-27.11,26.92,TRUE,4.96237882392075,2.21889592562913,FALSE,NA,FALSE
"농업계","화학비료",-9.94,13.43,TRUE,2.36864840058074,0.712458782361039,TRUE,5.59461998897568,TRUE
"농업계","화학비료",-2.84,20.3,TRUE,1.2961099028688,1.4796361859379,TRUE,4.13653234665162,TRUE
"농업계","화학비료",6.82,15.2,TRUE,0.163146701060408,0.910115842671233,TRUE,1.06952208285344,TRUE
"농업계","화학비료",-12.24,14.07,TRUE,2.71609044913532,0.783928001908228,TRUE,7.27873150594645,FALSE
"농업계","그레뉼요소",-25.59,13.49,TRUE,4.73276494835425,0.719159021693588,FALSE,NA,FALSE
"농업계","어분골드",6.76,16.34,TRUE,0.154082995445941,1.03742038998966,TRUE,1.3969828553238,TRUE
"농업계","뿌리조은 황플러스",0.34,24.66,TRUE,0.815733505302041,1.96652024410312,TRUE,5.49549054022108,TRUE
"농업계","슈퍼 오~래기",-17.55,13.36,TRUE,3.51822839601566,0.704641836473066,FALSE,NA,FALSE
"농업계","복합비료(밭에 주로 사용)",-11.3,17.24,TRUE,2.57409239450866,1.1379239799779,TRUE,7.33827987268137,FALSE
"농업계","복합비료(논에 주로 사용)",0.63,10.72,TRUE,0.771925594832117,0.409831305840911,TRUE,0.739070596541992,TRUE
"농업계","복합비료(논에 주로 사용)",-15.52,19.5,TRUE,3.21157302272618,1.39029966150391,TRUE,11.2948232140861,FALSE
"농업계","복합비료(밭에 주로 사용)",1.1,18.05,TRUE,0.700926567518791,1.22837721096731,TRUE,2.2900759510255,TRUE
