"구분","오염원","d15N","d18O","Kendall_Pass","KDE_Pass","center_d15N","center_d18O","delta_d15N","delta_d18O","vector_slope","Denit_Pass","Final_Decision"
"강우계","강우-1",-4.8,23.7,FALSE,TRUE,0.114,49.018,-4.914,-25.318,5.15221815221815,FALSE,"Drop (Outlier)"
"강우계","강우-2",-3.1,22.6,FALSE,TRUE,0.114,49.018,-3.214,-26.418,8.21966397013068,FALSE,"Drop (Outlier)"
"강우계","강우-3",-1.5,54.8,TRUE,TRUE,0.114,49.018,-1.614,5.782,-3.58240396530359,FALSE,"Pass (Approved)"
"강우계","강우-4",0.2,49.3,TRUE,TRUE,0.114,49.018,0.086,0.281999999999996,3.27906976744182,FALSE,"Pass (Approved)"
"강우계","강우-5",-7.2,51.1,TRUE,FALSE,0.114,49.018,-7.314,2.082,-0.284659557013946,FALSE,"Review Required"
"강우계","강우(옥상)",-2.19,52.37,TRUE,TRUE,0.114,49.018,-2.304,3.352,-1.45486111111111,FALSE,"Pass (Approved)"
"강우계","강우(순수)",-2.1,51.5,TRUE,TRUE,0.114,49.018,-2.214,2.482,-1.12104787714544,FALSE,"Pass (Approved)"
"강우계","강우시료",3.25,40.02,TRUE,TRUE,0.114,49.018,3.136,-8.998,-2.86926020408163,FALSE,"Pass (Approved)"
"강우계","강우(빗물)",1.75,45.94,TRUE,TRUE,0.114,49.018,1.636,-3.078,-1.88141809290954,FALSE,"Pass (Approved)"
"강우계","강우(빗물)",0.13,51.47,TRUE,TRUE,0.114,49.018,0.016,2.452,153.25,FALSE,"Pass (Approved)"
"강우계","강우-6",-0.28,47.37,TRUE,TRUE,0.114,49.018,-0.394,-1.648,4.18274111675128,FALSE,"Pass (Approved)"
"강우계","강우-7",1.75,45.94,TRUE,TRUE,0.114,49.018,1.636,-3.078,-1.88141809290954,FALSE,"Pass (Approved)"
"강우계","강우-8",0.13,51.47,TRUE,TRUE,0.114,49.018,0.016,2.452,153.25,FALSE,"Pass (Approved)"
"농업계","밭토양 유출수-3",12.25,7.79,FALSE,TRUE,1.85365591397849,9.15591397849462,10.3963440860215,-1.36591397849462,-0.131384068013983,FALSE,"Drop (Outlier)"
"농업계","퇴비, 밭 유출수-5",-0.44,1.26,TRUE,TRUE,1.85365591397849,9.15591397849462,-2.29365591397849,-7.89591397849462,3.44250152360414,FALSE,"Pass (Approved)"
"농업계","과수원 유출수-6",4.95,4.34,TRUE,TRUE,1.85365591397849,9.15591397849462,3.09634408602151,-4.81591397849462,-1.55535491040422,FALSE,"Pass (Approved)"
"농업계","토양 유출수-4",2.93,3.51,TRUE,TRUE,1.85365591397849,9.15591397849462,1.07634408602151,-5.64591397849462,-5.24545454545455,FALSE,"Pass (Approved)"
"농업계","논유출수",1.93,7.16,TRUE,TRUE,1.85365591397849,9.15591397849462,0.0763440860215052,-1.99591397849462,-26.143661971831,FALSE,"Pass (Approved)"
"농업계","논유출수",11.45,30.55,FALSE,FALSE,1.85365591397849,9.15591397849462,9.5963440860215,21.3940860215054,2.22939963695852,FALSE,"Drop (Outlier)"
"농업계","밭토양 감나무",6.44,-1.68,FALSE,TRUE,1.85365591397849,9.15591397849462,4.58634408602151,-10.8359139784946,-2.36264741049867,FALSE,"Drop (Outlier)"
"농업계","밭토양 깻잎",4.18,2.57,TRUE,TRUE,1.85365591397849,9.15591397849462,2.32634408602151,-6.58591397849462,-2.83101455974116,FALSE,"Pass (Approved)"
"농업계","밭토양 고구마",8.31,-1.92,FALSE,TRUE,1.85365591397849,9.15591397849462,6.45634408602151,-11.0759139784946,-1.71550862700686,FALSE,"Drop (Outlier)"
"농업계","산포천 논배수로",9.6,5.88,FALSE,TRUE,1.85365591397849,9.15591397849462,7.74634408602151,-3.27591397849462,-0.422898071931261,FALSE,"Drop (Outlier)"
"농업계","대촌천 논토양1",1.67,4.11,TRUE,TRUE,1.85365591397849,9.15591397849462,-0.183655913978495,-5.04591397849462,27.4748243559719,FALSE,"Pass (Approved)"
"농업계","광주천 논토양",8.62,11.47,FALSE,TRUE,1.85365591397849,9.15591397849462,6.7663440860215,2.31408602150538,0.341999459691389,FALSE,"Drop (Outlier)"
"농업계","만봉천 논토양",1.41,8.97,TRUE,TRUE,1.85365591397849,9.15591397849462,-0.443655913978495,-0.185913978494623,0.419049927290353,FALSE,"Pass (Approved)"
"농업계","장성천 논토양",0.53,7.29,TRUE,TRUE,1.85365591397849,9.15591397849462,-1.32365591397849,-1.86591397849462,1.40966693744923,FALSE,"Pass (Approved)"
"농업계","영산천 논토양",17.56,8.84,FALSE,TRUE,1.85365591397849,9.15591397849462,15.7063440860215,-0.315913978494624,-0.0201137818428277,FALSE,"Drop (Outlier)"
"농업계","논침출수",9.12,6.12,FALSE,TRUE,1.85365591397849,9.15591397849462,7.2663440860215,-3.03591397849462,-0.417804874439528,FALSE,"Drop (Outlier)"
"농업계","밭토양",2.6,-0.02,TRUE,TRUE,1.85365591397849,9.15591397849462,0.746344086021505,-9.17591397849462,-12.2944820631033,FALSE,"Pass (Approved)"
"농업계","밭토양",1.49,1.82,TRUE,TRUE,1.85365591397849,9.15591397849462,-0.363655913978495,-7.33591397849462,20.1726788882318,FALSE,"Pass (Approved)"
"농업계","논토양(모내기 물)",-8.46,-0.63,FALSE,TRUE,1.85365591397849,9.15591397849462,-10.3136559139785,-9.78591397849462,0.948830759927854,FALSE,"Drop (Outlier)"
"농업계","논토양(모내기 물)",-8.98,-2.64,FALSE,TRUE,1.85365591397849,9.15591397849462,-10.8336559139785,-11.7959139784946,1.08882117654065,FALSE,"Drop (Outlier)"
"농업계","밭토양",-9.38,-1.64,FALSE,TRUE,1.85365591397849,9.15591397849462,-11.2336559139785,-10.7959139784946,0.961032994170743,FALSE,"Drop (Outlier)"
"농업계","논토양(모내기 물)",-12.09,0.98,FALSE,FALSE,1.85365591397849,9.15591397849462,-13.9436559139785,-8.17591397849462,0.586353681483081,FALSE,"Drop (Outlier)"
"농업계","논토양(모내기 물)",1.37,4.26,TRUE,TRUE,1.85365591397849,9.15591397849462,-0.483655913978495,-4.89591397849462,10.1227212094264,FALSE,"Pass (Approved)"
"농업계","밭토양",4.07,1.58,TRUE,TRUE,1.85365591397849,9.15591397849462,2.21634408602151,-7.57591397849462,-3.41820298855036,FALSE,"Pass (Approved)"
"농업계","농배수로(4번지점 옆)",6.17,1.68,FALSE,TRUE,1.85365591397849,9.15591397849462,4.31634408602151,-7.47591397849462,-1.73200139504758,FALSE,"Drop (Outlier)"
"농업계","논토양(모내기 물)",3.11,-12.58,FALSE,FALSE,1.85365591397849,9.15591397849462,1.25634408602151,-21.7359139784946,-17.3009243409791,FALSE,"Drop (Outlier)"
"농업계","논토양(모내기 물)",10.37,4.37,FALSE,TRUE,1.85365591397849,9.15591397849462,8.5163440860215,-4.78591397849462,-0.561968132117876,FALSE,"Drop (Outlier)"
"농업계","농배수로(EM27 옆)",7.91,-0.2,FALSE,TRUE,1.85365591397849,9.15591397849462,6.05634408602151,-9.35591397849462,-1.5448121582274,FALSE,"Drop (Outlier)"
"농업계","논토양(모내기 물)",7.82,3.13,FALSE,TRUE,1.85365591397849,9.15591397849462,5.96634408602151,-6.02591397849462,-1.00998432065168,FALSE,"Drop (Outlier)"
"농업계","논토양(방계인근)",5.39,1.02,TRUE,TRUE,1.85365591397849,9.15591397849462,3.53634408602151,-8.13591397849462,-2.30065677450742,FALSE,"Pass (Approved)"
"농업계","논토양(모내기 물)",7.15,0.47,FALSE,TRUE,1.85365591397849,9.15591397849462,5.29634408602151,-8.68591397849462,-1.63998294624005,FALSE,"Drop (Outlier)"
"농업계","논토양",-4.8,0.87,TRUE,TRUE,1.85365591397849,9.15591397849462,-6.65365591397849,-8.28591397849462,1.2453174744259,FALSE,"Pass (Approved)"
"농업계","논토양",3.03,8.2,TRUE,TRUE,1.85365591397849,9.15591397849462,1.17634408602151,-0.955913978494625,-0.812614259597807,FALSE,"Pass (Approved)"
"농업계","농배수로",6.24,-0.86,FALSE,TRUE,1.85365591397849,9.15591397849462,4.38634408602151,-10.0159139784946,-2.28343098080553,FALSE,"Drop (Outlier)"
"농업계","논토양 물",9.96,1.73,FALSE,TRUE,1.85365591397849,9.15591397849462,8.10634408602151,-7.42591397849462,-0.916062024963854,FALSE,"Drop (Outlier)"
"농업계","밭토양",6.11,-2.46,FALSE,TRUE,1.85365591397849,9.15591397849462,4.25634408602151,-11.6159139784946,-2.72908245755861,FALSE,"Drop (Outlier)"
"농업계","밭토양",3.42,-1.89,TRUE,TRUE,1.85365591397849,9.15591397849462,1.56634408602151,-11.0459139784946,-7.05203542253038,FALSE,"Pass (Approved)"
"농업계","밭토양",9.88,-1.32,FALSE,TRUE,1.85365591397849,9.15591397849462,8.02634408602151,-10.4759139784946,-1.30519123852904,FALSE,"Drop (Outlier)"
"농업계","밭토양",9.18,-0.33,FALSE,TRUE,1.85365591397849,9.15591397849462,7.32634408602151,-9.48591397849462,-1.29476774051515,FALSE,"Drop (Outlier)"
"농업계","밭토양",18.7,-1.07,FALSE,TRUE,1.85365591397849,9.15591397849462,16.8463440860215,-10.2259139784946,-0.607010869912109,FALSE,"Drop (Outlier)"
"농업계","밭토양",4.6,-2.17,TRUE,TRUE,1.85365591397849,9.15591397849462,2.74634408602151,-11.3259139784946,-4.12399671117028,FALSE,"Pass (Approved)"
"농업계","밭토양",7.71,-1.6,FALSE,TRUE,1.85365591397849,9.15591397849462,5.85634408602151,-10.7559139784946,-1.83662602820212,FALSE,"Drop (Outlier)"
"농업계","논토양",-2.78,-3.8,TRUE,TRUE,1.85365591397849,9.15591397849462,-4.63365591397849,-12.9559139784946,2.79604576149259,FALSE,"Pass (Approved)"
"농업계","논토양",4.44,0.91,TRUE,TRUE,1.85365591397849,9.15591397849462,2.58634408602151,-8.24591397849462,-3.18825094582796,FALSE,"Pass (Approved)"
"농업계","논토양",1.83,-3.68,TRUE,TRUE,1.85365591397849,9.15591397849462,-0.0236559139784946,-12.8359139784946,542.60909090909,FALSE,"Pass (Approved)"
"농업계","논토양",4.32,-4.53,TRUE,TRUE,1.85365591397849,9.15591397849462,2.46634408602151,-13.6859139784946,-5.54906918951912,FALSE,"Pass (Approved)"
"농업계","논토양",2.83,-1.1,TRUE,TRUE,1.85365591397849,9.15591397849462,0.976344086021505,-10.2559139784946,-10.5044052863436,FALSE,"Pass (Approved)"
"농업계","논토양",1.06,-4.8,TRUE,TRUE,1.85365591397849,9.15591397849462,-0.793655913978495,-13.9559139784946,17.5843381655602,FALSE,"Pass (Approved)"
"농업계","논유출수",-0.92,45.56,FALSE,FALSE,1.85365591397849,9.15591397849462,-2.77365591397849,36.4040860215054,-13.1249466950959,FALSE,"Drop (Outlier)"
"농업계","농배수로",3.17,0.38,TRUE,TRUE,1.85365591397849,9.15591397849462,1.31634408602151,-8.77591397849462,-6.66688449599739,FALSE,"Pass (Approved)"
"농업계","농배수로",3.41,1.41,TRUE,TRUE,1.85365591397849,9.15591397849462,1.55634408602151,-7.74591397849462,-4.97699322923863,FALSE,"Pass (Approved)"
"농업계","농배수로",4.72,3.96,TRUE,TRUE,1.85365591397849,9.15591397849462,2.86634408602151,-5.19591397849462,-1.81273211539183,FALSE,"Pass (Approved)"
"농업계","농배수로",8.22,5.43,FALSE,TRUE,1.85365591397849,9.15591397849462,6.36634408602151,-3.72591397849462,-0.585251743881636,FALSE,"Drop (Outlier)"
"농업계","퇴비(과수원 시비)",12.8,-1.16,FALSE,TRUE,1.85365591397849,9.15591397849462,10.9463440860215,-10.3159139784946,-0.942407245508394,FALSE,"Drop (Outlier)"
"농업계","논",8.07,5.95,FALSE,TRUE,1.85365591397849,9.15591397849462,6.21634408602151,-3.20591397849462,-0.515723379229226,FALSE,"Drop (Outlier)"
"농업계","논",11.58,25.48,FALSE,FALSE,1.85365591397849,9.15591397849462,9.72634408602151,16.3240860215054,1.67833729478746,FALSE,"Drop (Outlier)"
"농업계","밭",20.35,-4.02,FALSE,FALSE,1.85365591397849,9.15591397849462,18.4963440860215,-13.1759139784946,-0.712352339317273,FALSE,"Drop (Outlier)"
"농업계","비닐하우스",7.09,2.76,FALSE,TRUE,1.85365591397849,9.15591397849462,5.23634408602151,-6.39591397849462,-1.22144646597396,FALSE,"Drop (Outlier)"
"농업계","과수원",0.17,4.79,TRUE,TRUE,1.85365591397849,9.15591397849462,-1.68365591397849,-4.36591397849462,2.59311534040107,FALSE,"Pass (Approved)"
"농업계","밭",11.45,-2.44,FALSE,TRUE,1.85365591397849,9.15591397849462,9.5963440860215,-11.5959139784946,-1.20836788203393,FALSE,"Drop (Outlier)"
"농업계","밭",8.62,1.91,FALSE,TRUE,1.85365591397849,9.15591397849462,6.7663440860215,-7.24591397849462,-1.07087577669363,FALSE,"Drop (Outlier)"
"농업계","비닐하우스",5.65,-0.27,TRUE,TRUE,1.85365591397849,9.15591397849462,3.79634408602151,-9.42591397849462,-2.48289242621651,FALSE,"Pass (Approved)"
"농업계","과수원",1.77,-0.12,TRUE,TRUE,1.85365591397849,9.15591397849462,-0.0836559139784947,-9.27591397849462,110.881748071979,FALSE,"Pass (Approved)"
"농업계","밭",10.31,3.08,FALSE,TRUE,1.85365591397849,9.15591397849462,8.45634408602151,-6.07591397849462,-0.718503636641066,FALSE,"Drop (Outlier)"
"농업계","밭",1.67,-1.53,TRUE,TRUE,1.85365591397849,9.15591397849462,-0.183655913978495,-10.6859139784946,58.1844262295081,FALSE,"Pass (Approved)"
"농업계","밭",5.82,-2.32,TRUE,TRUE,1.85365591397849,9.15591397849462,3.96634408602151,-11.4759139784946,-2.89332285086887,FALSE,"Pass (Approved)"
"농업계","논",-7.66,8.66,FALSE,FALSE,1.85365591397849,9.15591397849462,-9.51365591397849,-0.495913978494624,0.0521265413610317,FALSE,"Drop (Outlier)"
"농업계","논",0.76,10.93,TRUE,TRUE,1.85365591397849,9.15591397849462,-1.09365591397849,1.77408602150538,-1.62216104611149,FALSE,"Pass (Approved)"
"농업계","논(soil-A)",3.07,10.94,TRUE,TRUE,1.85365591397849,9.15591397849462,1.21634408602151,1.78408602150538,1.46676096181047,FALSE,"Pass (Approved)"
"농업계","과수원",1.44,6.68,TRUE,TRUE,1.85365591397849,9.15591397849462,-0.413655913978495,-2.47591397849462,5.98544320249545,FALSE,"Pass (Approved)"
"농업계","과수원(퇴비)",-0.97,4.44,TRUE,TRUE,1.85365591397849,9.15591397849462,-2.82365591397849,-4.71591397849462,1.67014470677837,FALSE,"Pass (Approved)"
"농업계","비닐하우스",9.17,6.08,FALSE,TRUE,1.85365591397849,9.15591397849462,7.31634408602151,-3.07591397849462,-0.420416801387378,FALSE,"Drop (Outlier)"
"농업계","비닐하우스",5.66,5.47,TRUE,TRUE,1.85365591397849,9.15591397849462,3.80634408602151,-3.68591397849462,-0.968360688155033,FALSE,"Pass (Approved)"
"농업계","비닐하우스",9.56,1.69,FALSE,TRUE,1.85365591397849,9.15591397849462,7.70634408602151,-7.46591397849462,-0.968801015780882,FALSE,"Drop (Outlier)"
"농업계","과수원(감)",8.01,10.42,FALSE,TRUE,1.85365591397849,9.15591397849462,6.15634408602151,1.26408602150538,0.205330631920914,FALSE,"Drop (Outlier)"
"농업계","논",8.61,1.57,FALSE,TRUE,1.85365591397849,9.15591397849462,6.7563440860215,-7.58591397849462,-1.12278384314225,FALSE,"Drop (Outlier)"
"농업계","비닐하우스(쪽파)",8.19,-0.4,FALSE,TRUE,1.85365591397849,9.15591397849462,6.33634408602151,-9.55591397849462,-1.50811159380939,FALSE,"Drop (Outlier)"
"농업계","밭",-0.66,-5.07,TRUE,TRUE,1.85365591397849,9.15591397849462,-2.51365591397849,-14.2259139784946,5.65945159772426,FALSE,"Pass (Approved)"
"농업계","밭",4.79,2.92,TRUE,TRUE,1.85365591397849,9.15591397849462,2.93634408602151,-6.23591397849462,-2.12370001464772,FALSE,"Pass (Approved)"
"농업계","논",7.38,7.32,FALSE,TRUE,1.85365591397849,9.15591397849462,5.52634408602151,-1.83591397849462,-0.332211304601615,FALSE,"Drop (Outlier)"
"농업계","논",-0.78,7.39,TRUE,TRUE,1.85365591397849,9.15591397849462,-2.63365591397849,-1.76591397849462,0.670518107214306,FALSE,"Pass (Approved)"
"농업계","과수원(배)",12.06,1.55,FALSE,TRUE,1.85365591397849,9.15591397849462,10.2063440860215,-7.60591397849462,-0.745214340648342,FALSE,"Drop (Outlier)"
"농업계","논",3.35,6.93,TRUE,TRUE,1.85365591397849,9.15591397849462,1.49634408602151,-2.22591397849462,-1.48756826674332,FALSE,"Pass (Approved)"
"농업계","논",10.21,10.56,FALSE,TRUE,1.85365591397849,9.15591397849462,8.35634408602151,1.40408602150538,0.168026353038063,FALSE,"Drop (Outlier)"
"농업계","논",2.53,10.61,TRUE,TRUE,1.85365591397849,9.15591397849462,0.676344086021505,1.45408602150538,2.14992050874404,FALSE,"Pass (Approved)"
"농업계","밭",11.41,4.6,FALSE,TRUE,1.85365591397849,9.15591397849462,9.55634408602151,-4.55591397849462,-0.476742354344353,FALSE,"Drop (Outlier)"
"농업계","밭(고추밭)",10.77,3.93,FALSE,TRUE,1.85365591397849,9.15591397849462,8.91634408602151,-5.22591397849462,-0.586105014350836,FALSE,"Drop (Outlier)"
"농업계","논",0.91,10.36,TRUE,TRUE,1.85365591397849,9.15591397849462,-0.943655913978495,1.20408602150538,-1.27597994530538,FALSE,"Pass (Approved)"
"농업계","산림",-6.16,1.42,FALSE,TRUE,1.85365591397849,9.15591397849462,-8.01365591397849,-7.73591397849462,0.965341419888094,FALSE,"Drop (Outlier)"
"농업계","밭",8.6,7.99,FALSE,TRUE,1.85365591397849,9.15591397849462,6.74634408602151,-1.16591397849462,-0.172821599910744,FALSE,"Drop (Outlier)"
"농업계","산림",-2.21,-2.04,TRUE,TRUE,1.85365591397849,9.15591397849462,-4.06365591397849,-11.1959139784946,2.755133361558,FALSE,"Pass (Approved)"
"농업계","산림",0.98,4.29,TRUE,TRUE,1.85365591397849,9.15591397849462,-0.873655913978495,-4.86591397849462,5.5696,FALSE,"Pass (Approved)"
"농업계","밭(깨)",8.37,2.18,FALSE,TRUE,1.85365591397849,9.15591397849462,6.5163440860215,-6.97591397849462,-1.07052572522359,FALSE,"Drop (Outlier)"
"농업계","산림유출수",-1.26,2.93,TRUE,TRUE,1.85365591397849,9.15591397849462,-3.11365591397849,-6.22591397849462,1.999551058466,FALSE,"Pass (Approved)"
"농업계","석정천 상류",2.46,4.56,TRUE,TRUE,1.85365591397849,9.15591397849462,0.606344086021505,-4.59591397849462,-7.5797127150204,FALSE,"Pass (Approved)"
"농업계","회송천 말단 측구",5.83,2.36,TRUE,TRUE,1.85365591397849,9.15591397849462,3.97634408602151,-6.79591397849462,-1.70908599242834,FALSE,"Pass (Approved)"
"농업계","유곡천 상류 측구",9.32,3.43,FALSE,TRUE,1.85365591397849,9.15591397849462,7.46634408602151,-5.72591397849462,-0.766896611316733,FALSE,"Drop (Outlier)"
"농업계","대초천 말단 측구",9.29,0.41,FALSE,TRUE,1.85365591397849,9.15591397849462,7.4363440860215,-8.74591397849462,-1.17610399375343,FALSE,"Drop (Outlier)"
"농업계","수춘천 측구",9.38,-0.66,FALSE,TRUE,1.85365591397849,9.15591397849462,7.52634408602151,-9.81591397849462,-1.30420744338881,FALSE,"Drop (Outlier)"
"농업계","대초천 말단 측구",0.98,5.25,TRUE,TRUE,1.85365591397849,9.15591397849462,-0.873655913978495,-3.90591397849462,4.47076923076923,FALSE,"Pass (Approved)"
"농업계","송학천 골프장 영향지점 합류 후",6.82,2.08,FALSE,TRUE,1.85365591397849,9.15591397849462,4.96634408602151,-7.07591397849462,-1.42477320458138,FALSE,"Drop (Outlier)"
"농업계","수춘천 측구",1.56,1.42,TRUE,TRUE,1.85365591397849,9.15591397849462,-0.293655913978495,-7.73591397849462,26.3434639326254,FALSE,"Pass (Approved)"
"농업계","회송천 농업유출수",8.42,1.95,FALSE,TRUE,1.85365591397849,9.15591397849462,6.56634408602151,-7.20591397849462,-1.09740121505887,FALSE,"Drop (Outlier)"
"농업계","산포천말단 배출수",14.34,3.59,FALSE,TRUE,1.85365591397849,9.15591397849462,12.4863440860215,-5.56591397849462,-0.445760099205153,FALSE,"Drop (Outlier)"
"농업계","석정천 논 유출수",6.83,3.8,FALSE,TRUE,1.85365591397849,9.15591397849462,4.97634408602151,-5.35591397849462,-1.07627484874676,FALSE,"Drop (Outlier)"
"농업계","대초천 논 유출수",5.11,4.53,TRUE,TRUE,1.85365591397849,9.15591397849462,3.25634408602151,-4.62591397849462,-1.42058512746004,FALSE,"Pass (Approved)"
"농업계","지석천 배수로 유출수",6.91,5.44,FALSE,TRUE,1.85365591397849,9.15591397849462,5.05634408602151,-3.71591397849462,-0.734901326981967,FALSE,"Drop (Outlier)"
"농업계","지석천 배수로 유출수",8.96,8.98,FALSE,TRUE,1.85365591397849,9.15591397849462,7.10634408602151,-0.175913978494624,-0.0247544977227678,FALSE,"Drop (Outlier)"
"농업계","지석천 배수로 유출수",6.09,2.36,FALSE,TRUE,1.85365591397849,9.15591397849462,4.23634408602151,-6.79591397849462,-1.60419310624905,FALSE,"Drop (Outlier)"
"농업계","노동천(비닐하우스)",10.34,3.36,FALSE,TRUE,1.85365591397849,9.15591397849462,8.48634408602151,-5.79591397849462,-0.682969476578437,FALSE,"Drop (Outlier)"
"농업계","석정천(과수원)",6.05,1.94,FALSE,TRUE,1.85365591397849,9.15591397849462,4.19634408602151,-7.21591397849462,-1.71957156767283,FALSE,"Drop (Outlier)"
"농업계","대촌천(비닐하우스)",8.77,4.98,FALSE,TRUE,1.85365591397849,9.15591397849462,6.91634408602151,-4.17591397849462,-0.603774758247567,FALSE,"Drop (Outlier)"
"농업계","비료",-15.2,19.1,FALSE,TRUE,1.85365591397849,9.15591397849462,-17.0536559139785,9.94408602150538,-0.583105820339346,FALSE,"Drop (Outlier)"
"농업계","비료",-7.9,18.2,FALSE,FALSE,1.85365591397849,9.15591397849462,-9.75365591397849,9.04408602150538,-0.927250879185086,FALSE,"Drop (Outlier)"
"농업계","비료",1,16.6,TRUE,TRUE,1.85365591397849,9.15591397849462,-0.853655913978495,7.44408602150538,-8.72024184406096,FALSE,"Pass (Approved)"
"농업계","비료",8.4,20.9,FALSE,TRUE,1.85365591397849,9.15591397849462,6.54634408602151,11.7440860215054,1.79399155730031,FALSE,"Drop (Outlier)"
"농업계","슈퍼오레기",-17.75,13.45,FALSE,TRUE,1.85365591397849,9.15591397849462,-19.6036559139785,4.29408602150538,-0.219045163838213,FALSE,"Drop (Outlier)"
"농업계","뿌리조은 황플러스",0.54,20.49,TRUE,TRUE,1.85365591397849,9.15591397849462,-1.31365591397849,11.3340860215054,-8.62789555537366,FALSE,"Pass (Approved)"
"농업계","어분골드(유기질)",7.14,16.78,FALSE,TRUE,1.85365591397849,9.15591397849462,5.28634408602151,7.62408602150538,1.44222280983667,FALSE,"Drop (Outlier)"
"농업계","비료",-2.84,20.3,TRUE,TRUE,1.85365591397849,9.15591397849462,-4.69365591397849,11.1440860215054,-2.3742869579162,FALSE,"Pass (Approved)"
"농업계","IOF-1",3.8,18.9,TRUE,TRUE,1.85365591397849,9.15591397849462,1.94634408602151,9.74408602150537,5.00635324015248,FALSE,"Pass (Approved)"
"농업계","IOF-2",5.3,16.5,TRUE,TRUE,1.85365591397849,9.15591397849462,3.44634408602151,7.34408602150538,2.13097875261302,FALSE,"Pass (Approved)"
"농업계","IOF-3",6.2,17.6,FALSE,TRUE,1.85365591397849,9.15591397849462,4.34634408602151,8.44408602150538,1.94280200885678,FALSE,"Drop (Outlier)"
"농업계","IOF-4",3.9,17.3,TRUE,TRUE,1.85365591397849,9.15591397849462,2.0463440860215,8.14408602150538,3.97982239503967,FALSE,"Pass (Approved)"
"농업계","IOF-5",5.6,21.7,TRUE,TRUE,1.85365591397849,9.15591397849462,3.74634408602151,12.5440860215054,3.34835395080509,FALSE,"Pass (Approved)"
"농업계","IOF-6",4.7,19,TRUE,TRUE,1.85365591397849,9.15591397849462,2.84634408602151,9.84408602150538,3.45850175663934,FALSE,"Pass (Approved)"
"농업계","IOF-7",0.5,22.7,TRUE,TRUE,1.85365591397849,9.15591397849462,-1.35365591397849,13.5440860215054,-10.0055604098816,FALSE,"Pass (Approved)"
"농업계","IOF-8",0.9,21.8,TRUE,TRUE,1.85365591397849,9.15591397849462,-0.953655913978495,12.6440860215054,-13.258540985455,FALSE,"Pass (Approved)"
"농업계","IOF-9",1.7,22.6,TRUE,TRUE,1.85365591397849,9.15591397849462,-0.153655913978495,13.4440860215054,-87.4947515745276,FALSE,"Pass (Approved)"
"농업계","IOF-10",0.4,21.9,TRUE,TRUE,1.85365591397849,9.15591397849462,-1.45365591397849,12.7440860215054,-8.76692063022413,FALSE,"Pass (Approved)"
"농업계","IOF-11",1,19,TRUE,TRUE,1.85365591397849,9.15591397849462,-0.853655913978495,9.84408602150538,-11.5316790527774,FALSE,"Pass (Approved)"
"농업계","IOF-12",3,20.9,TRUE,TRUE,1.85365591397849,9.15591397849462,1.14634408602151,11.7440860215054,10.2448175593284,FALSE,"Pass (Approved)"
"농업계","IOF-13",2,20.4,TRUE,TRUE,1.85365591397849,9.15591397849462,0.146344086021505,11.2440860215054,76.8332108743571,FALSE,"Pass (Approved)"
"농업계","IOF-14",-0.9,15.1,TRUE,TRUE,1.85365591397849,9.15591397849462,-2.75365591397849,5.94408602150538,-2.15861611152329,FALSE,"Pass (Approved)"
"농업계","IOF-15",1,22.5,TRUE,TRUE,1.85365591397849,9.15591397849462,-0.853655913978495,13.3440860215054,-15.6316916488223,FALSE,"Pass (Approved)"
"농업계","IOF-16",3.8,16.5,TRUE,TRUE,1.85365591397849,9.15591397849462,1.94634408602151,7.34408602150538,3.77327219490636,FALSE,"Pass (Approved)"
"농업계","IOF-17",-0.4,18.9,TRUE,TRUE,1.85365591397849,9.15591397849462,-2.25365591397849,9.74408602150537,-4.32367956486473,FALSE,"Pass (Approved)"
"농업계","IOF-18",-1.1,14.1,TRUE,TRUE,1.85365591397849,9.15591397849462,-2.9536559139785,4.94408602150538,-1.67388692708144,FALSE,"Pass (Approved)"
"농업계","IOF-19",7.6,19.7,FALSE,TRUE,1.85365591397849,9.15591397849462,5.74634408602151,10.5440860215054,1.83492075372841,FALSE,"Drop (Outlier)"
"농업계","OF-1",20.4,7.4,FALSE,TRUE,1.85365591397849,9.15591397849462,18.5463440860215,-1.75591397849462,-0.0946770948684203,FALSE,"Drop (Outlier)"
"농업계","OF-2",-0.6,8,TRUE,TRUE,1.85365591397849,9.15591397849462,-2.45365591397849,-1.15591397849462,0.471098645865288,FALSE,"Pass (Approved)"
"농업계","OF-3",21.7,7.4,FALSE,TRUE,1.85365591397849,9.15591397849462,19.8463440860215,-1.75591397849462,-0.0884754376364651,FALSE,"Drop (Outlier)"
"농업계","OF-4",18.8,8.8,FALSE,TRUE,1.85365591397849,9.15591397849462,16.9463440860215,-0.355913978494623,-0.0210024048070761,FALSE,"Drop (Outlier)"
"농업계","OF-5",15,11,FALSE,TRUE,1.85365591397849,9.15591397849462,13.1463440860215,1.84408602150538,0.140273676806177,FALSE,"Drop (Outlier)"
"농업계","OF-6",15.7,7.1,FALSE,TRUE,1.85365591397849,9.15591397849462,13.8463440860215,-2.05591397849462,-0.148480636168081,FALSE,"Drop (Outlier)"
"농업계","OF-7",10.9,1.6,FALSE,TRUE,1.85365591397849,9.15591397849462,9.04634408602151,-7.55591397849462,-0.835245034529484,FALSE,"Drop (Outlier)"
"농업계","OF-8",17.2,1,FALSE,TRUE,1.85365591397849,9.15591397849462,15.3463440860215,-8.15591397849462,-0.531456478023556,FALSE,"Drop (Outlier)"
"농업계","OF-9",23.2,14.4,FALSE,TRUE,1.85365591397849,9.15591397849462,21.3463440860215,5.24408602150538,0.245666705285587,FALSE,"Drop (Outlier)"
"농업계","OF-10",21.7,3.5,FALSE,TRUE,1.85365591397849,9.15591397849462,19.8463440860215,-5.65591397849462,-0.284985181854137,FALSE,"Drop (Outlier)"
"농업계","OF-11",2.1,4.4,TRUE,TRUE,1.85365591397849,9.15591397849462,0.246344086021505,-4.75591397849462,-19.3059799214317,FALSE,"Pass (Approved)"
"농업계","OF-12",7.5,-4,FALSE,TRUE,1.85365591397849,9.15591397849462,5.64634408602151,-13.1559139784946,-2.32998800251376,FALSE,"Drop (Outlier)"
"농업계","OF-13",24.4,10.5,FALSE,TRUE,1.85365591397849,9.15591397849462,22.5463440860215,1.34408602150538,0.0596143665854321,FALSE,"Drop (Outlier)"
"농업계","OF-14",11.5,14.1,FALSE,TRUE,1.85365591397849,9.15591397849462,9.64634408602151,4.94408602150538,0.512534694742005,FALSE,"Drop (Outlier)"
"농업계","OF-15",24,7.6,FALSE,TRUE,1.85365591397849,9.15591397849462,22.1463440860215,-1.55591397849462,-0.070256019343468,FALSE,"Drop (Outlier)"
"농업계","OF-16",-1.2,4.4,TRUE,TRUE,1.85365591397849,9.15591397849462,-3.05365591397849,-4.75591397849462,1.55744920595796,FALSE,"Pass (Approved)"
"농업계","OF-17",12.2,5.4,FALSE,TRUE,1.85365591397849,9.15591397849462,10.3463440860215,-3.75591397849462,-0.363018467902017,FALSE,"Drop (Outlier)"
"농업계","OF-18",22.6,12.5,FALSE,TRUE,1.85365591397849,9.15591397849462,20.7463440860215,3.34408602150538,0.161189171819364,FALSE,"Drop (Outlier)"
"농업계","OF-19",17.7,5.8,FALSE,TRUE,1.85365591397849,9.15591397849462,15.8463440860215,-3.35591397849462,-0.2117784367345,FALSE,"Drop (Outlier)"
"농업계","OF-20",-1,-2.8,TRUE,TRUE,1.85365591397849,9.15591397849462,-2.85365591397849,-11.9559139784946,4.18968310787897,FALSE,"Pass (Approved)"
"농업계","OF-21",13,9.3,FALSE,TRUE,1.85365591397849,9.15591397849462,11.1463440860215,0.144086021505377,0.0129267516230791,FALSE,"Drop (Outlier)"
"농업계","OF-22",9.4,-4.5,FALSE,TRUE,1.85365591397849,9.15591397849462,7.54634408602151,-13.6559139784946,-1.80960658867785,FALSE,"Drop (Outlier)"
"농업계","OF-23",13.2,10,FALSE,TRUE,1.85365591397849,9.15591397849462,11.3463440860215,0.844086021505376,0.0743927748978876,FALSE,"Drop (Outlier)"
"농업계","OF-24",26.2,10.7,FALSE,TRUE,1.85365591397849,9.15591397849462,24.3463440860215,1.54408602150538,0.0634216790845372,FALSE,"Drop (Outlier)"
"농업계","OF-25",17.1,2.6,FALSE,TRUE,1.85365591397849,9.15591397849462,15.2463440860215,-6.55591397849462,-0.429999083157605,FALSE,"Drop (Outlier)"
"농업계","OF-26",13.2,3,FALSE,TRUE,1.85365591397849,9.15591397849462,11.3463440860215,-6.15591397849462,-0.542546033490964,FALSE,"Drop (Outlier)"
"농업계","OF-27",15.4,1,FALSE,TRUE,1.85365591397849,9.15591397849462,13.5463440860215,-8.15591397849462,-0.602074916058771,FALSE,"Drop (Outlier)"
"농업계","OF-28",22.9,6,FALSE,TRUE,1.85365591397849,9.15591397849462,21.0463440860215,-3.15591397849462,-0.14995069764115,FALSE,"Drop (Outlier)"
"농업계","OF-29",14.8,7,FALSE,TRUE,1.85365591397849,9.15591397849462,12.9463440860215,-2.15591397849462,-0.166526856089235,FALSE,"Drop (Outlier)"
"농업계","OF-30",12.1,4.5,FALSE,TRUE,1.85365591397849,9.15591397849462,10.2463440860215,-4.65591397849462,-0.45439758214312,FALSE,"Drop (Outlier)"
"농업계","PCF-1",8,19.4,FALSE,TRUE,1.85365591397849,9.15591397849462,6.14634408602151,10.2440860215054,1.66669582407586,FALSE,"Drop (Outlier)"
"농업계","PCF-2",10.2,11.7,FALSE,TRUE,1.85365591397849,9.15591397849462,8.3463440860215,2.54408602150538,0.304814418778423,FALSE,"Drop (Outlier)"
"농업계","PCF-3",2,19.4,TRUE,TRUE,1.85365591397849,9.15591397849462,0.146344086021505,10.2440860215054,70,FALSE,"Pass (Approved)"
"농업계","PCF-4",14.6,9.4,FALSE,TRUE,1.85365591397849,9.15591397849462,12.7463440860215,0.244086021505376,0.0191494925806261,FALSE,"Drop (Outlier)"
"농업계","PCF-5",17.8,17.7,FALSE,TRUE,1.85365591397849,9.15591397849462,15.9463440860215,8.54408602150538,0.535802186094497,FALSE,"Drop (Outlier)"
"농업계","PCF-6",15.4,11,FALSE,TRUE,1.85365591397849,9.15591397849462,13.5463440860215,1.84408602150538,0.136131638897929,FALSE,"Drop (Outlier)"
"농업계","PCF-7",13.2,18.3,FALSE,TRUE,1.85365591397849,9.15591397849462,11.3463440860215,9.14408602150538,0.805905933416097,FALSE,"Drop (Outlier)"
"농업계","PCF-8",7.6,19.6,FALSE,TRUE,1.85365591397849,9.15591397849462,5.74634408602151,10.4440860215054,1.81751838476076,FALSE,"Drop (Outlier)"
"농업계","PCF-9",0.7,10.6,TRUE,TRUE,1.85365591397849,9.15591397849462,-1.15365591397849,1.44408602150538,-1.25174759996272,FALSE,"Pass (Approved)"
"농업계","PCF-10",15.3,12.3,FALSE,TRUE,1.85365591397849,9.15591397849462,13.4463440860215,3.14408602150538,0.233824599563378,FALSE,"Drop (Outlier)"
"농업계","PCF-11",8.7,12.7,FALSE,TRUE,1.85365591397849,9.15591397849462,6.8463440860215,3.54408602150538,0.517661101600415,FALSE,"Drop (Outlier)"
"농업계","PCF-12",12.5,13.8,FALSE,TRUE,1.85365591397849,9.15591397849462,10.6463440860215,4.64408602150538,0.436214158022846,FALSE,"Drop (Outlier)"
"농업계","PCF-13",21.6,12.4,FALSE,TRUE,1.85365591397849,9.15591397849462,19.7463440860215,3.24408602150538,0.164287931344308,FALSE,"Drop (Outlier)"
"농업계","PCF-14",12,31,FALSE,FALSE,1.85365591397849,9.15591397849462,10.1463440860215,21.8440860215054,2.15290215237227,FALSE,"Drop (Outlier)"
"농업계","PCF-15",15.4,1.8,FALSE,TRUE,1.85365591397849,9.15591397849462,13.5463440860215,-7.35591397849462,-0.543018391662235,FALSE,"Drop (Outlier)"
"농업계","PCF-16",6.8,24.8,FALSE,TRUE,1.85365591397849,9.15591397849462,4.94634408602151,15.6440860215054,3.16275733136236,FALSE,"Drop (Outlier)"
"농업계","PCF-17",1.8,21.1,TRUE,TRUE,1.85365591397849,9.15591397849462,-0.0536559139784947,11.9440860215054,-222.605210420842,FALSE,"Pass (Approved)"
"농업계","PCF-18",15.5,17.3,FALSE,TRUE,1.85365591397849,9.15591397849462,13.6463440860215,8.14408602150538,0.596796180000158,FALSE,"Drop (Outlier)"
"농업계","PCF-19",15.8,15,FALSE,TRUE,1.85365591397849,9.15591397849462,13.9463440860215,5.84408602150538,0.419040716725391,FALSE,"Drop (Outlier)"
"농업계","PCF-20",4.7,22.6,TRUE,TRUE,1.85365591397849,9.15591397849462,2.84634408602151,13.4440860215054,4.72328208227872,FALSE,"Pass (Approved)"
"농업계","PCF-21",6,18.6,TRUE,TRUE,1.85365591397849,9.15591397849462,4.14634408602151,9.44408602150538,2.27768989393429,FALSE,"Pass (Approved)"
"농업계","PCF-22",-1,20.3,TRUE,TRUE,1.85365591397849,9.15591397849462,-2.85365591397849,11.1440860215054,-3.90519612645541,FALSE,"Pass (Approved)"
"농업계","PCF-23",12.2,10.2,FALSE,TRUE,1.85365591397849,9.15591397849462,10.3463440860215,1.04408602150538,0.100913521996238,FALSE,"Drop (Outlier)"
"농업계","PCF-24",25.5,12.9,FALSE,TRUE,1.85365591397849,9.15591397849462,23.6463440860215,3.74408602150538,0.158336781698051,FALSE,"Drop (Outlier)"
"농업계","비료-1",2,18,TRUE,TRUE,1.85365591397849,9.15591397849462,0.146344086021505,8.84408602150538,60.4335047759001,FALSE,"Pass (Approved)"
"농업계","비료-2",4.3,19.5,TRUE,TRUE,1.85365591397849,9.15591397849462,2.44634408602151,10.3440860215054,4.22838556546965,FALSE,"Pass (Approved)"
"농업계","비료-3",-0.3,13.9,TRUE,TRUE,1.85365591397849,9.15591397849462,-2.15365591397849,4.74408602150538,-2.20280593139947,FALSE,"Pass (Approved)"
"농업계","비료-4",4.5,15.5,TRUE,TRUE,1.85365591397849,9.15591397849462,2.64634408602151,6.34408602150538,2.39730201942221,FALSE,"Pass (Approved)"
"농업계","비료-5",10.1,14.7,FALSE,TRUE,1.85365591397849,9.15591397849462,8.24634408602151,5.54408602150538,0.672308354304938,FALSE,"Drop (Outlier)"
"농업계","비료-6",2.3,11.4,TRUE,TRUE,1.85365591397849,9.15591397849462,0.446344086021505,2.24408602150538,5.02770416767044,FALSE,"Pass (Approved)"
"농업계","비료-7",4,13.4,TRUE,TRUE,1.85365591397849,9.15591397849462,2.14634408602151,4.24408602150538,1.9773558438956,FALSE,"Pass (Approved)"
"농업계","비료-8",-2.5,13.7,TRUE,TRUE,1.85365591397849,9.15591397849462,-4.35365591397849,4.54408602150538,-1.04374027513646,FALSE,"Pass (Approved)"
"농업계","비료-9",4.1,10.3,TRUE,TRUE,1.85365591397849,9.15591397849462,2.24634408602151,1.14408602150538,0.509310229285338,TRUE,"Pass (Approved)"
"농업계","비료-10",-2.6,11.2,TRUE,TRUE,1.85365591397849,9.15591397849462,-4.4536559139785,2.04408602150538,-0.458968106424587,FALSE,"Pass (Approved)"
"농업계","화학비료",-27.11,26.92,FALSE,FALSE,1.85365591397849,9.15591397849462,-28.9636559139785,17.7640860215054,-0.613323334397576,FALSE,"Drop (Outlier)"
"농업계","화학비료",-9.94,13.43,FALSE,TRUE,1.85365591397849,9.15591397849462,-11.7936559139785,4.27408602150538,-0.362405521466799,FALSE,"Drop (Outlier)"
"농업계","화학비료",-2.84,20.3,TRUE,TRUE,1.85365591397849,9.15591397849462,-4.69365591397849,11.1440860215054,-2.3742869579162,FALSE,"Pass (Approved)"
"농업계","화학비료",6.82,15.2,FALSE,TRUE,1.85365591397849,9.15591397849462,4.96634408602151,6.04408602150538,1.21700911511897,FALSE,"Drop (Outlier)"
"농업계","화학비료",-12.24,14.07,FALSE,TRUE,1.85365591397849,9.15591397849462,-14.0936559139785,4.91408602150538,-0.348673619641263,FALSE,"Drop (Outlier)"
"농업계","그레뉼요소",-25.59,13.49,FALSE,FALSE,1.85365591397849,9.15591397849462,-27.4436559139785,4.33408602150538,-0.157926700257811,FALSE,"Drop (Outlier)"
"농업계","어분골드",6.76,16.34,FALSE,TRUE,1.85365591397849,9.15591397849462,4.90634408602151,7.18408602150538,1.46424423064279,FALSE,"Drop (Outlier)"
"농업계","뿌리조은 황플러스",0.34,24.66,TRUE,TRUE,1.85365591397849,9.15591397849462,-1.51365591397849,15.5040860215054,-10.2428074163529,FALSE,"Pass (Approved)"
"농업계","슈퍼 오~래기",-17.55,13.36,FALSE,TRUE,1.85365591397849,9.15591397849462,-19.4036559139785,4.20408602150538,-0.216664634754563,FALSE,"Drop (Outlier)"
"농업계","복합비료(밭에 주로 사용)",-11.3,17.24,FALSE,TRUE,1.85365591397849,9.15591397849462,-13.1536559139785,8.08408602150537,-0.614588527659018,FALSE,"Drop (Outlier)"
"농업계","복합비료(논에 주로 사용)",0.63,10.72,TRUE,TRUE,1.85365591397849,9.15591397849462,-1.22365591397849,1.56408602150538,-1.27820738137083,FALSE,"Pass (Approved)"
"농업계","복합비료(논에 주로 사용)",-15.52,19.5,FALSE,TRUE,1.85365591397849,9.15591397849462,-17.3736559139785,10.3440860215054,-0.595389138171128,FALSE,"Drop (Outlier)"
"농업계","복합비료(밭에 주로 사용)",1.1,18.05,TRUE,TRUE,1.85365591397849,9.15591397849462,-0.753655913978495,8.89408602150538,-11.8012555286061,FALSE,"Pass (Approved)"
"생활계","하수처리장-1",21.9,13.2,TRUE,TRUE,13.7390476190476,3.63857142857143,8.16095238095238,9.56142857142857,1.171606955304,FALSE,"Pass (Approved)"
"생활계","하수처리장-2",14.4,9.2,TRUE,TRUE,13.7390476190476,3.63857142857143,0.660952380952381,5.56142857142857,8.414265129683,FALSE,"Pass (Approved)"
"생활계","하수처리장-3",4.2,11.2,FALSE,TRUE,13.7390476190476,3.63857142857143,-9.53904761904762,7.56142857142857,-0.792681709265176,FALSE,"Drop (Outlier)"
"생활계","하수처리장-4",11.5,11.2,TRUE,TRUE,13.7390476190476,3.63857142857143,-2.23904761904762,7.56142857142857,-3.37707358570821,FALSE,"Pass (Approved)"
"생활계","하수처리장-5",6.3,9.3,TRUE,TRUE,13.7390476190476,3.63857142857143,-7.43904761904762,5.66142857142857,-0.761042120087057,FALSE,"Pass (Approved)"
"생활계","하수처리장-6",15.4,9.8,TRUE,TRUE,13.7390476190476,3.63857142857143,1.66095238095238,6.16142857142857,3.7095756880734,FALSE,"Pass (Approved)"
"생활계","하수처리장-7",10.7,8,TRUE,TRUE,13.7390476190476,3.63857142857143,-3.03904761904762,4.36142857142857,-1.43513005327484,FALSE,"Pass (Approved)"
"생활계","하수처리장-8",14.3,10.6,TRUE,TRUE,13.7390476190476,3.63857142857143,0.560952380952381,6.96142857142857,12.4100169779287,FALSE,"Pass (Approved)"
"생활계","하수처리장-9",2.2,5.7,FALSE,TRUE,13.7390476190476,3.63857142857143,-11.5390476190476,2.06142857142857,-0.178648068669528,FALSE,"Drop (Outlier)"
"생활계","하수처리장-10",8.1,3.7,TRUE,TRUE,13.7390476190476,3.63857142857143,-5.63904761904762,0.0614285714285718,-0.0108934301638237,FALSE,"Pass (Approved)"
"생활계","하수처리장-11",14,5.9,TRUE,TRUE,13.7390476190476,3.63857142857143,0.26095238095238,2.26142857142857,8.66605839416061,FALSE,"Pass (Approved)"
"생활계","하수처리장-12",11.5,7.6,TRUE,TRUE,13.7390476190476,3.63857142857143,-2.23904761904762,3.96142857142857,-1.76924712888133,FALSE,"Pass (Approved)"
"생활계","하수처리장-13",14.4,5,TRUE,TRUE,13.7390476190476,3.63857142857143,0.660952380952381,1.36142857142857,2.05979827089337,FALSE,"Pass (Approved)"
"생활계","하수처리장-14",16.3,3.9,TRUE,TRUE,13.7390476190476,3.63857142857143,2.56095238095238,0.261428571428572,0.10208255857196,FALSE,"Pass (Approved)"
"생활계","하수처리장-15",11.2,3,TRUE,TRUE,13.7390476190476,3.63857142857143,-2.53904761904762,-0.638571428571428,0.251500375093773,FALSE,"Pass (Approved)"
"생활계","하수처리장-16",13.6,4.5,TRUE,TRUE,13.7390476190476,3.63857142857143,-0.13904761904762,0.861428571428572,-6.19520547945202,FALSE,"Pass (Approved)"
"생활계","하수처리장-17",10.1,5.1,TRUE,TRUE,13.7390476190476,3.63857142857143,-3.63904761904762,1.46142857142857,-0.401596440722324,FALSE,"Pass (Approved)"
"생활계","하수처리장-18",20.4,9.3,TRUE,TRUE,13.7390476190476,3.63857142857143,6.66095238095238,5.66142857142857,0.849942808121247,TRUE,"Pass (Approved)"
"생활계","하수처리장-19",12.7,14.7,TRUE,TRUE,13.7390476190476,3.63857142857143,-1.03904761904762,11.0614285714286,-10.6457378551787,FALSE,"Pass (Approved)"
"생활계","광주1 유입수",-1.45,16.88,FALSE,TRUE,13.7390476190476,3.63857142857143,-15.1890476190476,13.2414285714286,-0.871774775057215,FALSE,"Drop (Outlier)"
"생활계","광주1 방류수",12.22,4.62,TRUE,TRUE,13.7390476190476,3.63857142857143,-1.51904761904762,0.981428571428572,-0.646081504702195,FALSE,"Pass (Approved)"
"생활계","광주2 유입수",14.79,11.62,TRUE,TRUE,13.7390476190476,3.63857142857143,1.05095238095238,7.98142857142857,7.59447213411872,FALSE,"Pass (Approved)"
"생활계","광주2 방류수",12.85,4.52,TRUE,TRUE,13.7390476190476,3.63857142857143,-0.88904761904762,0.881428571428571,-0.99143010176754,FALSE,"Pass (Approved)"
"생활계","담양 유입수",1.59,10.19,FALSE,TRUE,13.7390476190476,3.63857142857143,-12.1490476190476,6.55142857142857,-0.539254497707051,FALSE,"Drop (Outlier)"
"생활계","담양 방류수",-2.63,1.39,FALSE,TRUE,13.7390476190476,3.63857142857143,-16.3690476190476,-2.24857142857143,0.137367272727273,FALSE,"Drop (Outlier)"
"생활계","장성 유입수",14.29,6.45,TRUE,TRUE,13.7390476190476,3.63857142857143,0.55095238095238,2.81142857142857,5.10285220397581,FALSE,"Pass (Approved)"
"생활계","장성 생활하수",6.31,8.55,TRUE,TRUE,13.7390476190476,3.63857142857143,-7.42904761904762,4.91142857142857,-0.66111146721364,FALSE,"Pass (Approved)"
"생활계","장성 방류수",13.29,2.47,TRUE,TRUE,13.7390476190476,3.63857142857143,-0.44904761904762,-1.16857142857143,2.60233297985153,FALSE,"Pass (Approved)"
"생활계","나주 유입수",29.74,-0.79,FALSE,FALSE,13.7390476190476,3.63857142857143,16.0009523809524,-4.42857142857143,-0.276769239926195,FALSE,"Drop (Outlier)"
"생활계","나주 매립지침출수",21.68,6.88,TRUE,TRUE,13.7390476190476,3.63857142857143,7.94095238095238,3.24142857142857,0.408191412808827,FALSE,"Pass (Approved)"
"생활계","나주 산단폐수",19.49,6.84,TRUE,TRUE,13.7390476190476,3.63857142857143,5.75095238095238,3.20142857142857,0.556677982942784,TRUE,"Pass (Approved)"
"생활계","나주 방류수",12.52,1.33,TRUE,TRUE,13.7390476190476,3.63857142857143,-1.21904761904762,-2.30857142857143,1.89375,FALSE,"Pass (Approved)"
"생활계","함평 유입수",-2.7,16.36,FALSE,TRUE,13.7390476190476,3.63857142857143,-16.4390476190476,12.7214285714286,-0.773854353745438,FALSE,"Drop (Outlier)"
"생활계","함평 방류수",20.52,6.5,TRUE,TRUE,13.7390476190476,3.63857142857143,6.78095238095238,2.86142857142857,0.421980337078652,FALSE,"Pass (Approved)"
"생활계","무안 유입수",6.17,-13.97,FALSE,FALSE,13.7390476190476,3.63857142857143,-7.56904761904762,-17.6085714285714,2.32639194715319,FALSE,"Drop (Outlier)"
"생활계","무안 방류수",33.58,12.91,FALSE,FALSE,13.7390476190476,3.63857142857143,19.8409523809524,9.27142857142857,0.467287476599626,FALSE,"Drop (Outlier)"
"생활계","증심사천 방류수",10.89,1.05,TRUE,TRUE,13.7390476190476,3.63857142857143,-2.84904761904762,-2.58857142857143,0.908574293832525,FALSE,"Pass (Approved)"
"생활계","신안천 방류수",19.19,4,TRUE,TRUE,13.7390476190476,3.63857142857143,5.45095238095238,0.361428571428572,0.0663055822486241,FALSE,"Pass (Approved)"
"생활계","신안천방류수",15.92,-0.37,TRUE,TRUE,13.7390476190476,3.63857142857143,2.18095238095238,-4.00857142857143,-1.83799126637555,FALSE,"Pass (Approved)"
"생활계","산포하수처리장 방류수",13.38,4.66,TRUE,TRUE,13.7390476190476,3.63857142857143,-0.359047619047619,1.02142857142857,-2.8448275862069,FALSE,"Pass (Approved)"
"생활계","내정마을방류수",7.56,-0.25,TRUE,TRUE,13.7390476190476,3.63857142857143,-6.17904761904762,-3.88857142857143,0.629315659679408,FALSE,"Pass (Approved)"
"생활계","화순천 하수처리장 방류수",20.5,5.45,TRUE,TRUE,13.7390476190476,3.63857142857143,6.76095238095238,1.81142857142857,0.267925059867587,FALSE,"Pass (Approved)"
"생활계","마을하수처리장 방류수",23.7,6.6,TRUE,TRUE,13.7390476190476,3.63857142857143,9.96095238095238,2.96142857142857,0.297303757529401,FALSE,"Pass (Approved)"
"생활계","화순천 하수처리장 방류수",12.15,-0.53,TRUE,TRUE,13.7390476190476,3.63857142857143,-1.58904761904762,-4.16857142857143,2.62331435421037,FALSE,"Pass (Approved)"
"생활계","안계하수처리장",4.57,0.2,FALSE,TRUE,13.7390476190476,3.63857142857143,-9.16904761904762,-3.43857142857143,0.375019475460919,FALSE,"Drop (Outlier)"
"생활계","양평하수처리장",-4.02,-14.8,FALSE,FALSE,13.7390476190476,3.63857142857143,-17.7590476190476,-18.4385714285714,1.0382635276452,FALSE,"Drop (Outlier)"
"생활계","하신하수처리장",7.66,1.41,TRUE,TRUE,13.7390476190476,3.63857142857143,-6.07904761904762,-2.22857142857143,0.366598778004073,FALSE,"Pass (Approved)"
"생활계","하신하수처리장",9.57,3.31,TRUE,TRUE,13.7390476190476,3.63857142857143,-4.16904761904762,-0.328571428571428,0.0788121073672187,FALSE,"Pass (Approved)"
"생활계","오수하수처리장",9.95,2.1,TRUE,TRUE,13.7390476190476,3.63857142857143,-3.78904761904762,-1.53857142857143,0.406057559381676,FALSE,"Pass (Approved)"
"생활계","오수하수처리장",19.28,-3.13,TRUE,TRUE,13.7390476190476,3.63857142857143,5.54095238095238,-6.76857142857143,-1.2215537985562,FALSE,"Pass (Approved)"
"생활계","현포하수처리장",0.67,1.64,FALSE,TRUE,13.7390476190476,3.63857142857143,-13.0690476190476,-1.99857142857143,0.152924029877938,FALSE,"Drop (Outlier)"
"생활계","남원 생태습지 방류수",11.04,-3.61,TRUE,TRUE,13.7390476190476,3.63857142857143,-2.69904761904762,-7.24857142857143,2.68560338743825,FALSE,"Pass (Approved)"
"생활계","남원하수처리장",10.83,-4.85,TRUE,TRUE,13.7390476190476,3.63857142857143,-2.90904761904762,-8.48857142857143,2.91798985103945,FALSE,"Pass (Approved)"
"생활계","웅정 하수처리장",6.49,-4.55,TRUE,TRUE,13.7390476190476,3.63857142857143,-7.24904761904762,-8.18857142857143,1.12960651645536,FALSE,"Pass (Approved)"
"생활계","화순읍 하수처리장 방류수",9.77,-1.17,TRUE,TRUE,13.7390476190476,3.63857142857143,-3.96904761904762,-4.80857142857143,1.21151769646071,FALSE,"Pass (Approved)"
"생활계","화순읍 하수처리장 방류수",11.48,0.36,TRUE,TRUE,13.7390476190476,3.63857142857143,-2.25904761904762,-3.27857142857143,1.45130691399663,FALSE,"Pass (Approved)"
"생활계","화순읍 하수처리장 방류수",9.83,-1.54,TRUE,TRUE,13.7390476190476,3.63857142857143,-3.90904761904762,-5.17857142857143,1.32476550127908,FALSE,"Pass (Approved)"
"생활계","화순읍 하수처리장 방류수",8.12,-0.73,TRUE,TRUE,13.7390476190476,3.63857142857143,-5.61904761904762,-4.36857142857143,0.777457627118644,FALSE,"Pass (Approved)"
"생활계","화순읍 하수처리장 방류수",8.98,-0.69,TRUE,TRUE,13.7390476190476,3.63857142857143,-4.75904761904762,-4.32857142857143,0.909545727436462,FALSE,"Pass (Approved)"
"생활계","화순읍 하수처리장 방류수",11.7,0.36,TRUE,TRUE,13.7390476190476,3.63857142857143,-2.03904761904762,-3.27857142857143,1.60789350770668,FALSE,"Pass (Approved)"
"생활계","화순읍 하수처리장 방류수",12.29,2.32,TRUE,TRUE,13.7390476190476,3.63857142857143,-1.44904761904762,-1.31857142857143,0.909957279000985,FALSE,"Pass (Approved)"
"생활계","화순읍 하수처리장 방류수",12.98,2.63,TRUE,TRUE,13.7390476190476,3.63857142857143,-0.759047619047619,-1.00857142857143,1.32873274780427,FALSE,"Pass (Approved)"
"생활계","화순읍 하수처리장 방류수",20.5,5.45,TRUE,TRUE,13.7390476190476,3.63857142857143,6.76095238095238,1.81142857142857,0.267925059867587,FALSE,"Pass (Approved)"
"생활계","화순읍 하수처리장 방류수",10.89,0.19,TRUE,TRUE,13.7390476190476,3.63857142857143,-2.84904761904762,-3.44857142857143,1.21042955039278,FALSE,"Pass (Approved)"
"생활계","화순읍 하수처리장 방류수",10.95,-2.96,TRUE,TRUE,13.7390476190476,3.63857142857143,-2.78904761904762,-6.59857142857143,2.365886972853,FALSE,"Pass (Approved)"
"생활계","도곡온천 하수처리장 방류수",21.7,4.57,TRUE,TRUE,13.7390476190476,3.63857142857143,7.96095238095238,0.931428571428572,0.116999641105395,FALSE,"Pass (Approved)"
"생활계","도곡온천 하수처리장 방류수",20.47,1.22,TRUE,TRUE,13.7390476190476,3.63857142857143,6.73095238095238,-2.41857142857143,-0.359320834807216,FALSE,"Pass (Approved)"
"생활계","산포 하수종말처리시설 방류수",13.38,4.66,TRUE,TRUE,13.7390476190476,3.63857142857143,-0.359047619047619,1.02142857142857,-2.8448275862069,FALSE,"Pass (Approved)"
"생활계","이양 마을하수처리시설 방류수",2.16,-3.58,FALSE,TRUE,13.7390476190476,3.63857142857143,-11.5790476190476,-7.21857142857143,0.623416680375062,FALSE,"Drop (Outlier)"
"생활계","이양 마을하수처리시설 방류수",20.62,0.06,TRUE,TRUE,13.7390476190476,3.63857142857143,6.88095238095238,-3.57857142857143,-0.520069204152249,FALSE,"Pass (Approved)"
"생활계","이양 마을하수처리시설 방류수",12.28,-1.7,TRUE,TRUE,13.7390476190476,3.63857142857143,-1.45904761904762,-5.33857142857143,3.65894255874673,FALSE,"Pass (Approved)"
"생활계","이양 마을하수처리시설 방류수",18.02,0.77,TRUE,TRUE,13.7390476190476,3.63857142857143,4.28095238095238,-2.86857142857143,-0.67007786429366,FALSE,"Pass (Approved)"
"생활계","이양 마을하수처리시설 방류수",23.7,6.6,TRUE,TRUE,13.7390476190476,3.63857142857143,9.96095238095238,2.96142857142857,0.297303757529401,FALSE,"Pass (Approved)"
"생활계","효천하수처리장 방류수",11.37,1.92,TRUE,TRUE,13.7390476190476,3.63857142857143,-2.36904761904762,-1.71857142857143,0.725427135678391,FALSE,"Pass (Approved)"
"생활계","효천하수처리장 방류수",11.83,0.92,TRUE,TRUE,13.7390476190476,3.63857142857143,-1.90904761904762,-2.71857142857143,1.42404589673235,FALSE,"Pass (Approved)"
"생활계","월곡마을하수처리장",2.12,7.97,FALSE,TRUE,13.7390476190476,3.63857142857143,-11.6190476190476,4.33142857142857,-0.372786885245902,FALSE,"Drop (Outlier)"
"생활계","효천하수처리장 방류수",11.83,0.92,TRUE,TRUE,13.7390476190476,3.63857142857143,-1.90904761904762,-2.71857142857143,1.42404589673235,FALSE,"Pass (Approved)"
"축산계","퇴비-1",13.4,24.8,FALSE,TRUE,17.8053333333333,5.711,-4.40533333333333,19.089,-4.33315677966102,FALSE,"Drop (Outlier)"
"축산계","퇴비-2",17.8,17.8,FALSE,TRUE,17.8053333333333,5.711,-0.00533333333333275,12.089,-2266.68750000025,FALSE,"Drop (Outlier)"
"축산계","퇴비-3",17.8,24.7,FALSE,TRUE,17.8053333333333,5.711,-0.00533333333333275,18.989,-3560.43750000039,FALSE,"Drop (Outlier)"
"축산계","퇴비-4",15.2,8,TRUE,TRUE,17.8053333333333,5.711,-2.60533333333333,2.289,-0.878582395087001,FALSE,"Pass (Approved)"
"축산계","퇴비-5",21.6,10.4,TRUE,TRUE,17.8053333333333,5.711,3.79466666666667,4.689,1.23568165846802,FALSE,"Pass (Approved)"
"축산계","퇴비-6",14.3,9.7,TRUE,TRUE,17.8053333333333,5.711,-3.50533333333333,3.989,-1.1379802206162,FALSE,"Pass (Approved)"
"축산계","퇴비-7",12.5,10.3,TRUE,TRUE,17.8053333333333,5.711,-5.30533333333333,4.589,-0.864978637848706,FALSE,"Pass (Approved)"
"축산계","퇴비-8",20.8,10.9,TRUE,TRUE,17.8053333333333,5.711,2.99466666666667,5.189,1.73274710596616,FALSE,"Pass (Approved)"
"축산계","퇴비-9",12.9,15.3,FALSE,TRUE,17.8053333333333,5.711,-4.90533333333333,9.589,-1.9548110899701,FALSE,"Drop (Outlier)"
"축산계","퇴비-10",11.5,16.6,FALSE,TRUE,17.8053333333333,5.711,-6.30533333333333,10.889,-1.72695072954113,FALSE,"Drop (Outlier)"
"축산계","퇴비 유출수(소)-1",4.31,8.19,FALSE,TRUE,17.8053333333333,5.711,-13.4953333333333,2.479,-0.18369312848886,FALSE,"Drop (Outlier)"
"축산계","나주 가축분뇨",20.92,-8.22,TRUE,TRUE,17.8053333333333,5.711,3.11466666666667,-13.931,-4.47270976027397,FALSE,"Pass (Approved)"
"축산계","장성 분뇨처리수",21.67,6.23,TRUE,TRUE,17.8053333333333,5.711,3.86466666666667,0.519,0.134293600138002,FALSE,"Pass (Approved)"
"축산계","장성 가축처리수",34.14,13.6,FALSE,TRUE,17.8053333333333,5.711,16.3346666666667,7.889,0.482960574646968,FALSE,"Drop (Outlier)"
"축산계","남평퇴비",31.91,29.75,FALSE,FALSE,17.8053333333333,5.711,14.1046666666667,24.039,1.70432953632368,FALSE,"Drop (Outlier)"
"축산계","계분 퇴비",-17.43,54.84,FALSE,FALSE,17.8053333333333,5.711,-35.2353333333333,49.129,-1.39431063515789,FALSE,"Drop (Outlier)"
"축산계","감정천 퇴비유출수(소)",12.17,9.64,TRUE,TRUE,17.8053333333333,5.711,-5.63533333333333,3.929,-0.697208091801727,FALSE,"Pass (Approved)"
"축산계","돈분 액비-2",25.95,13.16,FALSE,TRUE,17.8053333333333,5.711,8.14466666666667,7.449,0.914586232299255,FALSE,"Drop (Outlier)"
"축산계","돈분 하천 방류수-3",17.72,8.82,TRUE,TRUE,17.8053333333333,5.711,-0.0853333333333346,3.109,-36.4335937499995,FALSE,"Pass (Approved)"
"축산계","감정천 퇴비유출수",17.66,10.89,TRUE,TRUE,17.8053333333333,5.711,-0.145333333333333,5.179,-35.6353211009174,FALSE,"Pass (Approved)"
"축산계","감정천 퇴비유출수",18.17,9.27,TRUE,TRUE,17.8053333333333,5.711,0.364666666666668,3.559,9.75959780621568,FALSE,"Pass (Approved)"
"축산계","복암제 상류 인공습지",23.54,53.59,FALSE,FALSE,17.8053333333333,5.711,5.73466666666667,47.879,8.34904673331784,FALSE,"Drop (Outlier)"
"축산계","광주천 부숙퇴비",18.2,4.75,TRUE,TRUE,17.8053333333333,5.711,0.394666666666666,-0.961,-2.43496621621622,FALSE,"Pass (Approved)"
"축산계","만봉천 부숙퇴비(소)",15.31,3.09,TRUE,TRUE,17.8053333333333,5.711,-2.49533333333333,-2.621,1.05036067325675,FALSE,"Pass (Approved)"
"축산계","영산천 부숙퇴비(소)",19.24,8.46,TRUE,TRUE,17.8053333333333,5.711,1.43466666666666,2.749,1.91612453531599,FALSE,"Pass (Approved)"
"축산계","추동천 퇴비",24.47,-0.67,TRUE,TRUE,17.8053333333333,5.711,6.66466666666667,-6.381,-0.957437231169351,FALSE,"Pass (Approved)"
"축산계","돈분퇴비",4.09,16.76,FALSE,TRUE,17.8053333333333,5.711,-13.7153333333333,11.049,-0.805594711515093,FALSE,"Drop (Outlier)"
"축산계","승가교 퇴비(소)",20.93,5.27,TRUE,TRUE,17.8053333333333,5.711,3.12466666666667,-0.441000000000001,-0.141135054405804,FALSE,"Pass (Approved)"
"축산계","남평퇴비",24.39,1.32,TRUE,TRUE,17.8053333333333,5.711,6.58466666666667,-4.391,-0.666852283081907,FALSE,"Pass (Approved)"
"축산계","적치퇴비",6.32,-0.06,TRUE,TRUE,17.8053333333333,5.711,-11.4853333333333,-5.771,0.502466914325517,FALSE,"Pass (Approved)"
"축산계","요천 인근 적치퇴비",31.68,-7.79,FALSE,TRUE,17.8053333333333,5.711,13.8746666666667,-13.501,-0.973068422064194,FALSE,"Drop (Outlier)"
"축산계","적치퇴비",2,-3.04,FALSE,TRUE,17.8053333333333,5.711,-15.8053333333333,-8.751,0.553673865361903,FALSE,"Drop (Outlier)"
"축산계","적치퇴비",15.57,2.06,TRUE,TRUE,17.8053333333333,5.711,-2.23533333333333,-3.651,1.63331345064122,FALSE,"Pass (Approved)"
"축산계","적치퇴비",31.9,-0.34,FALSE,TRUE,17.8053333333333,5.711,14.0946666666667,-6.051,-0.429311323432031,FALSE,"Drop (Outlier)"
"축산계","축사유출수",9.18,-0.3,TRUE,TRUE,17.8053333333333,5.711,-8.62533333333333,-6.011,0.696900602875251,FALSE,"Pass (Approved)"
"축산계","적치퇴비",13.4,24.37,FALSE,TRUE,17.8053333333333,5.711,-4.40533333333333,18.659,-4.23554782082324,FALSE,"Drop (Outlier)"
"축산계","적치퇴비",15.93,15.78,FALSE,TRUE,17.8053333333333,5.711,-1.87533333333333,10.069,-5.36917881265553,FALSE,"Drop (Outlier)"
"축산계","적치퇴비",18.76,3.97,TRUE,TRUE,17.8053333333333,5.711,0.954666666666668,-1.741,-1.82367318435754,FALSE,"Pass (Approved)"
"축산계","적치퇴비",15.11,9.72,TRUE,TRUE,17.8053333333333,5.711,-2.69533333333333,4.009,-1.48738560474895,FALSE,"Pass (Approved)"
"축산계","시판퇴비",19.26,3,TRUE,TRUE,17.8053333333333,5.711,1.45466666666667,-2.711,-1.86365719523373,FALSE,"Pass (Approved)"
"축산계","우분퇴비(만봉천)",15.97,2.65,TRUE,TRUE,17.8053333333333,5.711,-1.83533333333333,-3.061,1.66781692698874,FALSE,"Pass (Approved)"
"축산계","우분퇴비(영산천)",19.62,7.36,TRUE,TRUE,17.8053333333333,5.711,1.81466666666667,1.649,0.908706833210874,FALSE,"Pass (Approved)"
"축산계","우분퇴비(승가교)",21.09,4.13,TRUE,TRUE,17.8053333333333,5.711,3.28466666666667,-1.581,-0.481327379744266,FALSE,"Pass (Approved)"
"축산계","우분퇴비(남평)",24.48,1.67,TRUE,TRUE,17.8053333333333,5.711,6.67466666666667,-4.041,-0.605423491809828,FALSE,"Pass (Approved)"
"축산계","돈분퇴비",17.72,8.82,TRUE,TRUE,17.8053333333333,5.711,-0.0853333333333346,3.109,-36.4335937499995,FALSE,"Pass (Approved)"
"축산계","감정천 퇴비 유출수",17.66,10.89,TRUE,TRUE,17.8053333333333,5.711,-0.145333333333333,5.179,-35.6353211009174,FALSE,"Pass (Approved)"
"축산계","감정천 퇴비 유출수",18.17,9.27,TRUE,TRUE,17.8053333333333,5.711,0.364666666666668,3.559,9.75959780621568,FALSE,"Pass (Approved)"
"토양계","토양-1",0.6,10.9,TRUE,TRUE,2.132,4.56533333333333,-1.532,6.33466666666667,-4.1348999129678,FALSE,"Pass (Approved)"
"토양계","토양-2",0.5,11.1,TRUE,TRUE,2.132,4.56533333333333,-1.632,6.53466666666667,-4.00408496732026,FALSE,"Pass (Approved)"
"토양계","토양-3",0.5,11.1,TRUE,TRUE,2.132,4.56533333333333,-1.632,6.53466666666667,-4.00408496732026,FALSE,"Pass (Approved)"
"토양계","토양-4",4.1,9.6,TRUE,TRUE,2.132,4.56533333333333,1.968,5.03466666666667,2.55826558265583,FALSE,"Pass (Approved)"
"토양계","토양-5",-1.6,9.5,FALSE,TRUE,2.132,4.56533333333333,-3.732,4.93466666666667,-1.3222579492676,FALSE,"Drop (Outlier)"
"토양계","토양-6",-0.1,13.5,FALSE,TRUE,2.132,4.56533333333333,-2.232,8.93466666666667,-4.00298685782557,FALSE,"Drop (Outlier)"
"토양계","토양-7",-0.1,9.9,FALSE,TRUE,2.132,4.56533333333333,-2.232,5.33466666666667,-2.39008363201912,FALSE,"Drop (Outlier)"
"토양계","토양-8",-0.1,8.2,FALSE,TRUE,2.132,4.56533333333333,-2.232,3.63466666666667,-1.6284348864994,FALSE,"Drop (Outlier)"
"토양계","산림유출수-2",-1.7,6.12,FALSE,TRUE,2.132,4.56533333333333,-3.832,1.55466666666667,-0.405706332637439,FALSE,"Drop (Outlier)"
"토양계","산림유출수-1",-1.56,7.06,FALSE,TRUE,2.132,4.56533333333333,-3.692,2.49466666666667,-0.675695196821957,FALSE,"Drop (Outlier)"
"토양계","산림유출수-2",1.95,4.11,TRUE,TRUE,2.132,4.56533333333333,-0.182,-0.455333333333333,2.5018315018315,FALSE,"Pass (Approved)"
"토양계","산림유출수-3",-0.05,3.65,FALSE,TRUE,2.132,4.56533333333333,-2.182,-0.915333333333333,0.419492820042774,FALSE,"Drop (Outlier)"
"토양계","산림유출수-4",0.04,3.48,TRUE,TRUE,2.132,4.56533333333333,-2.092,-1.08533333333333,0.518801784576163,FALSE,"Pass (Approved)"
"토양계","장성천 산림유출수",1.75,7.65,TRUE,TRUE,2.132,4.56533333333333,-0.382,3.08466666666667,-8.07504363001745,FALSE,"Pass (Approved)"
"토양계","광주천 산림유출수",4.34,0.88,TRUE,TRUE,2.132,4.56533333333333,2.208,-3.68533333333333,-1.66908212560387,FALSE,"Pass (Approved)"
"토양계","광주천 산림토(대나무)",3.76,8.43,TRUE,TRUE,2.132,4.56533333333333,1.628,3.86466666666667,2.37387387387387,FALSE,"Pass (Approved)"
"토양계","장성천 산림토",-10.98,5.94,FALSE,FALSE,2.132,4.56533333333333,-13.112,1.37466666666667,-0.104840349806793,FALSE,"Drop (Outlier)"
"토양계","만봉천 산림토",-1.51,4.03,FALSE,TRUE,2.132,4.56533333333333,-3.642,-0.535333333333333,0.146988833974007,FALSE,"Drop (Outlier)"
"토양계","영산천 산림토",-0.08,4.13,FALSE,TRUE,2.132,4.56533333333333,-2.212,-0.435333333333333,0.196805304400241,FALSE,"Drop (Outlier)"
"토양계","동화호 상류01",2.36,-0.6,TRUE,TRUE,2.132,4.56533333333333,0.228,-5.16533333333333,-22.6549707602339,FALSE,"Pass (Approved)"
"토양계","동화호 상류02",1.86,-1.83,TRUE,TRUE,2.132,4.56533333333333,-0.272,-6.39533333333333,23.5122549019608,FALSE,"Pass (Approved)"
"토양계","장남호 상류",7.77,2.4,FALSE,FALSE,2.132,4.56533333333333,5.638,-2.16533333333333,-0.384060541563202,FALSE,"Drop (Outlier)"
"토양계","동화천 상류",0.92,0.08,TRUE,TRUE,2.132,4.56533333333333,-1.212,-4.48533333333333,3.7007700770077,FALSE,"Pass (Approved)"
"토양계","오수천 상류",2.98,0.23,TRUE,TRUE,2.132,4.56533333333333,0.848,-4.33533333333333,-5.1124213836478,FALSE,"Pass (Approved)"
"토양계","산림",-1.17,6.46,FALSE,TRUE,2.132,4.56533333333333,-3.302,1.89466666666667,-0.573793660407834,FALSE,"Drop (Outlier)"
"토양계","산림",5.15,1.73,TRUE,TRUE,2.132,4.56533333333333,3.018,-2.83533333333333,-0.939474265518003,FALSE,"Pass (Approved)"
"토양계","산림",1.17,1.62,TRUE,TRUE,2.132,4.56533333333333,-0.962,-2.94533333333333,3.06167706167706,FALSE,"Pass (Approved)"
