spot,temp,pH,DO,BOD,EC,TN,DTN,NO3N,NH3N,TP,DTP,PO4P,TOC,Cl,d15N,d18O,source
JS-8,14,9.4,11.9,0.5,85,2.235,2.125,2.054333333,0.025,0.138,0.115,0.112,1,6.385,12.37,1.23,
JS-9,15.4,9,10.5,0.7,89,1.686,1.643,1.468,0.038,0.077,0.051,0.047,1.7,6.741666667,8.4,4.9,
JS-11,15.6,8.2,10.6,1.3,104,2.233,2.082,1.843666667,0.068,0.167,0.11,0.108,1.7,7.500666667,8.77,6.38,
JS-13,14.5,8.5,10.7,1.1,103,1.977,1.924,1.709333333,0.037,0.115,0.083,0.08,1.8,7.277333333,9.17,3.61,
JS-14,13.7,9.1,11.3,1.4,125,1.876,1.82,1.574333333,0.04,0.052,0.03,0.024,2.4,9.060666667,6.52,2.88,
JS-15,14.3,7.2,10.1,1.3,104,1.74,1.671,1.445666667,0.024,0.079,0.052,0.048,1.9,7.499,8.77,3.77,
JS-17,14.5,7.3,9.9,1.1,107,1.786,1.676,1.477,0.018,0.07,0.047,0.044,2,7.682,8.71,4.45,
JS-19,15.8,7.5,10.3,1.3,120,1.694,1.615,1.434666667,0.016,0.069,0.043,0.039,2.2,7.887,8.2,3.53,
JS-20,16,7.8,10.7,1.4,181,1.929,1.866,1.626,0.018,0.036,0.02,0.013,2,11.57133333,8.59,3.51,
JS-21,16.6,7.9,11.1,1.8,152,2.075,1.976,1.697333333,0.078,0.071,0.041,0.038,2.6,10.875,8.75,4.05,
JS-23,16,8.2,10.7,2,182,3.57,3.514,3.103666667,0.116,0.204,0.158,0.155,2.9,12.046,6.54,12.27,
JS-24,15.2,8.9,13.8,1.8,162,2.334,2.242,1.923,0.036,0.097,0.059,0.054,3.5,10.375,7.52,3.73,
JS-25,15.8,8.4,12,1.7,158,2.278,2.232,1.914666667,0.061,0.089,0.055,0.049,2.8,10.67166667,7.69,4.36,
JS-26,14.1,7.3,11.7,1.1,155,1.492,1.427,1.167,0.013,0.04,0.019,0.012,3,10.69366667,8.29,2.86,
JS-27,18.2,9.3,12.3,1.8,155,2.415,2.341,2.040333333,0.045,0.185,0.15,0.148,2.6,10.392,6.91,5.44,
JS-28,15.3,8.6,14.7,1,235,4.085,4.026,3.882,0.025,0.048,0.033,0.026,2.3,15.652,8.3,3.67,
JS-29,14.7,7.8,10.9,1.9,145,2.162,2.141,1.821666667,0.029,0.08,0.044,0.036,3,10.05566667,7.02,4.09,
JS-30,12.3,7.3,10.4,0.6,152,2.887,2.881,2.768333333,0.012,0.025,0.014,0.009,1.5,10.09466667,9.19,2.41,
JS-31,15.3,7.4,10,1.2,156,2.207,2.164,1.898333333,0.031,0.075,0.049,0.045,2.4,10.34766667,7.59,5.01,
JS-32,13.7,7.3,8.2,1.5,196,2.498,2.445,2.124666667,0.051,0.074,0.047,0.042,2.9,15.446,9.95,3.7,
JS-33,15.6,7.2,9.6,3.3,271,3.05,2.997,2.149333333,0.447,0.117,0.052,0.047,3.6,28.462,10.21,2.8,
JS-34,14.5,7.8,9.7,1.5,154,2.23,2.155,1.889666667,0.035,0.068,0.041,0.035,2.6,10.69966667,7.58,4.32,
JS-35,14.2,7.6,7.4,2,333,4.36,4.301,3.714333333,0.088,0.146,0.095,0.09,4.9,26.26333333,12.01,5.67,
JS-36,15.1,8.5,10.8,1.6,240,2.437,2.364,2.045,0.034,0.094,0.053,0.044,3,12.32533333,8.58,4.87,
JS-1,16,6.6,10.4,1.3,105,0.941,0.883,0.711,0.023,0.022,0.015,0.004,1.5,9.155,3.78,2.01,
JS-2,16.7,6.7,10.1,1.3,72,0.946,0.915,0.752,0.022,0.023,0.012,0.003,1.6,4.715,4.27,2.37,
JS-3,16.4,6.2,10.6,1.3,87,0.99,0.923,0.761,0.028,0.024,0.013,0.003,1.6,6.377,4.5,2.29,
JS-4,16.4,6.5,10.4,1.1,63,0.673,0.638,0.497,0.029,0.02,0.012,0,1.8,4.254,2.41,2.35,
JS-5,16.9,6.3,9.8,1.3,83,0.982,0.909,0.722,0.052,0.031,0.019,0.005,2,6.103,4.56,2.99,
JS-6,17,6.5,10.5,1.7,90,1.052,1.001,0.815,0.03,0.038,0.025,0.012,1.7,5.926,5.95,2.46,
JS-7,16.9,6.2,9.5,1.3,85,1.059,0.98,0.782,0.045,0.036,0.022,0.007,2.2,6.095,5.22,3.37,
JS-10,16.9,7.6,11.4,1.4,96,0.945,0.872,0.676,0.035,0.094,0.079,0.073,2,8.802,7.47,1.41,
JS-12,16.9,8.1,9.7,0.9,116,1.514,1.511,1.323,0.012,0.016,0.009,0.002,1.2,5.648,6.71,1.62,
JS-14,18,7.5,10.1,1.6,128,1.649,1.631,1.247,0.05,0.063,0.043,0.028,3.1,8.932,6.86,2.61,
JS-18,15.7,7.1,9,0.7,180,1.328,1.31,1.124,0.022,0.024,0.015,0.008,1.9,6.813,5.64,1.22,
JS-22,17,7.6,10.3,0.9,232,1.834,1.758,1.272,0.142,0.03,0.02,0.008,2.5,23.107,13.1,1.02,
JS-30,13.9,5.6,6.4,0.4,179,2.088,2.084,1.855,0.018,0.031,0.017,0.015,1.5,10.669,14.01,3.85,
JS-20B,18,7,8.2,13.3,350,8.271,7.645,4.11,2.179,0.289,0.099,0.068,11.6,43.034,9.77,-1.17,
JS-27(N),19.5,7.4,11.1,1.9,210,2.429,2.413,1.917,0.089,0.112,0.103,0.092,3.3,14.104,9,5.53,
JS-1,14.8,7.7,10.1,1.6,96,1.215,1.169,1.0335,0.0195,0.045,0.0265,0.017,2.05,8.07,3.3,2.48,
JS-2,16.1,7.3,9.7,1.7,67,1.272,1.2105,1.054,0.026,0.041,0.0165,0.0065,2.5,4.319,3.52,3.04,
JS-3,15.5,6.9,10,1.5,75,1.277,1.1815,1.0505,0.033,0.044,0.016,0.008,2.4,5.5035,3.61,2.16,
JS-4,14.3,7,10.2,1.5,56,0.902,0.8845,0.7505,0.028,0.035,0.0145,0.008,2,3.9415,1.81,2.22,
JS-5,15,6.8,10,1.6,72,1.238,1.151,1.013,0.0265,0.056,0.017,0.008,2.4,5.265,3.85,2.26,
JS-6,15.3,6.9,10,1.9,82,1.538,1.4595,1.2095,0.0785,0.072,0.0355,0.024,2.6,5.506,4.38,2.24,
JS-7,14.9,6.7,10,1.3,75,1.295,1.2185,1.0905,0.0265,0.046,0.0205,0.011,2.2,5.4945,3.64,1.17,
JS-8,15.2,7.7,10.2,1.1,82,1.923,1.8735,1.7475,0.0275,0.0965,0.081,0.079,1.3,6.0545,8.39,1.86,
JS-9,15.7,7.4,10.2,1.5,81,1.62,1.495,1.3585,0.033,0.069,0.0415,0.036,2.1,5.779,5.99,1.63,
JS-10,15.9,7.3,10.1,1.7,84,1.322,1.258,1.054,0.042,0.1325,0.1145,0.1075,2.4,7.6265,6.11,1.21,
JS-11,16.1,7.3,10,1.9,87,1.8785,1.723,1.5515,0.0505,0.1365,0.1035,0.1015,2.3,6.1515,8.26,1.58,
JS-12,16.8,7.3,9.6,1.2,94,2.0415,1.975,1.8055,0.019,0.0365,0.011,0.005,1.8,5.444,6.84,2.23,
JS-13,16.3,7.4,10,0.8,88,1.7505,1.673,1.5135,0.0375,0.071,0.0435,0.038,2.15,5.9805,6.5,1.95,
JS-14,17,7.4,10,0.9,114,2.333,2.1585,1.9815,0.0365,0.0795,0.056,0.047,3,7.519,5.18,2.31,
JS-15,16.1,7.1,9.9,1,99,1.878,1.7485,1.58,0.0485,0.074,0.047,0.0425,2.3,6.135,6,1.41,
JS-16,16.7,7,9,1.3,107,2.9265,2.699,2.454,0.037,0.0975,0.062,0.0495,4.55,9.322,7.27,1.99,
JS-17,16,7.2,9.9,1,119,1.941,1.831,1.6695,0.0425,0.0765,0.0505,0.0445,2.6,6.4095,6.14,1.89,
JS-18,18,6.9,9,1,190,1.225,1.129,0.9885,0.033,0.0325,0.013,0.0035,2.45,6.4025,5.11,2.8,
JS-19,16.1,7.1,9.8,0.9,109,1.8375,1.705,1.545,0.0395,0.0715,0.0425,0.038,2.5,6.2245,5.9,1.97,
JS-20,16.3,7.1,10,1.2,156,2.3075,2.148,1.894,0.066,0.091,0.0585,0.0515,2.95,9.0535,6.79,2.69,
JS-21,16.5,7.2,9.7,1.5,131,2.1985,1.9995,1.75,0.1,0.0965,0.053,0.046,2.95,7.925,6.79,2.49,
JS-22,15.9,7.2,10.3,1.6,145,2.4955,2.36,2.2445,0.0135,0.0455,0.0295,0.0245,2.4,12.603,5.7,-0.68,
JS-23,16.4,7.5,9.8,1.9,118,2.092,1.916,1.715,0.0635,0.088,0.0515,0.045,3,7.513,6.38,2.35,
JS-24,17.1,7.3,9.8,2.3,150,2.3765,2.1875,1.848,0.0995,0.119,0.085,0.0805,4.15,8.8695,6.94,3.07,
JS-25,16.3,7.2,9.7,1.8,123,2.2115,2.0405,1.774,0.0755,0.1015,0.062,0.0535,3.3,7.851,6.37,2.46,
JS-26,17,7.3,9.4,2.5,148,2.2235,1.9855,1.7365,0.0275,0.0895,0.049,0.0355,4.55,9.4835,7.54,2.41,
JS-27,18.6,7.9,10.7,1.8,147,3.867,3.7225,3.3975,0.044,0.312,0.303,0.295,5.25,9.4085,6.09,2.36,
JS-28,16.5,6.9,10.1,1.4,207,3.8155,3.649,3.4835,0.0275,0.0925,0.066,0.058,3.3,12.5825,6.6,2.39,
JS-29,17.1,7,9,1.8,111,2.14,1.9655,1.728,0.0825,0.0855,0.054,0.046,3.1,7.319,5.52,2.68,
JS-30,16.1,7.3,9.4,1.9,133,2.9225,2.705,2.6195,0.02,0.0665,0.044,0.0385,3.05,7.9255,7.38,1.66,
JS-31,16.7,6.7,9.3,2,126,2.24,2.022,1.8505,0.0795,0.091,0.0515,0.0465,3.05,7.5585,6.05,2.9,
JS-32,15.8,6.5,8.7,2.4,153,2.6805,2.4795,2.1645,0.114,0.16,0.116,0.1145,3.9,10.244,7.74,3.22,
JS-33,17.4,6.5,9.4,2.7,215,2.974,2.633,2.0625,0.2495,0.1675,0.0685,0.059,4.7,19.0315,8.07,2.42,
JS-34,17,6.5,9.5,1.7,126,2.2425,2.036,1.847,0.065,0.0925,0.056,0.047,3.25,7.6335,6.09,2.94,
JS-35,19.9,7.9,9.7,2.9,163,2.262,1.985,1.6175,0.07,0.191,0.1055,0.094,5.2,10.0415,7.3,3.37,
JS-36,17.5,7.1,9.4,1.9,131,2.3185,2.0855,1.8785,0.0805,0.1035,0.0575,0.052,3.3,8.1045,6.22,2.95,
JS-20B,17.6,6.9,8.5,12.1,313,9.9175,8.0695,3.928,3.587,0.8,0.2855,0.272,14.36666667,33.9405,11.48,0.36,
JS-16U,22,7.2,7.6,,262,,1.178,0.47,,,0.039,0.032,,20.737,9.83,-1.54,
JS-16S,22.1,6.9,6.9,,211,,2.499,0.82,,,0.488,0.438,,18.175,13.13,3.23,
JS-20B,21.4,7.4,7.8,12.8,352,7.441,6.326,3.641,1.996,0.429,0.115,0.103,8.9,40.943,,,
GW-1,,,,,,,22.006,21.282,,,0.112,0.109,,39.961,6.83,3.8,
JS-1,23.1,7.6,8.5,3.1,203,2.637,2.628,0.788,1.464,0.39,0.297,0.284,5.4,17.975,3.98,-0.49,
JS-2,23.6,7.3,7.2,1.2,99,1.027,0.89,0.62,0.038,0.065,0.027,0.014,3.4,6.001,7.05,2.16,
JS-3,23.4,7.2,9.5,1.8,124,1.202,1.041,0.638,0.081,0.083,0.039,0.026,4.1,9.358,7.81,2.87,
JS-4,22.3,7.3,8.3,1.5,97,1.146,1.023,0.614,0.077,0.067,0.035,0.022,4,6.191,7.62,0.31,
JS-5,23.9,7.1,7.2,1.5,129,1.486,1.385,0.868,0.157,0.088,0.049,0.04,4,9.617,7.23,4.27,
JS-6,24.9,7.3,7.9,3.9,134,1.85,1.719,0.647,0.42,0.095,0.039,0.02,6.7,8.333,5.52,-1.41,
JS-7,24,7.1,6.9,1.5,128,1.551,1.41,0.892,0.08,0.064,0.031,0.019,4.2,9.595,7.76,2.1,
JS-8,23.7,6.6,5.7,1.3,175,2.595,2.532,1.927,0.104,0.153,0.108,0.104,4.7,12.201,9.16,13.54,
JS-9,25.8,8.3,12.5,4.5,133,1.553,1.177,0.737,0.039,0.106,0.023,0.004,5.8,10.811,9.05,7.58,
JS-10,25.5,7.5,8.7,2.3,235,2.036,1.889,1.132,0.156,0.146,0.094,0.087,5.9,24.848,11.99,4.31,
JS-11,25.5,7.3,8.3,2.6,174,2.899,2.688,1.961,0.071,0.195,0.114,0.109,6.5,12.449,5.98,9.96,
JS-12,23.9,7.5,8.7,1.2,109,1.097,0.993,0.773,0.019,0.033,0.008,0.002,2.6,5.788,5.91,4.4,
JS-13,24.7,7.4,9.5,1.2,146,1.852,1.757,1.267,0.053,0.114,0.082,0.078,4.2,9.723,7.97,6.34,
JS-14,25,7.2,7.1,4,274,2.823,2.59,0.709,0.55,0.422,0.258,0.22,13.5,22.032,8.32,3.18,
JS-15,24.8,7.1,7.4,3.3,235,2.487,2.3,1.272,0.222,0.241,0.15,0.132,8.4,16.137,8.88,7.56,
JS-16,24.7,7.1,7.4,3.5,245,1.878,1.723,0.5,0.162,0.175,0.104,0.073,10.5,18.211,6.38,1.42,
JS-17,24.7,7.1,6.9,3.3,215,2.548,2.199,1.209,0.175,0.271,0.164,0.146,8.9,16.762,9.25,5.33,
JS-18,20,7.2,7.7,0.5,237,0.942,0.839,0.691,0.036,0.028,0.01,0.007,1.8,7.748,8.56,2.98,
JS-19,27.2,8.1,9.7,4.3,212,1.772,1.426,0.755,0.036,0.155,0.058,0.039,7.6,14.92,10.05,6.47,
JS-20,27.4,7.5,8.2,2.2,300,2.258,2.05,1.297,0.111,0.15,0.079,0.069,6.3,20.54,5.16,10.28,
JS-21,27.2,7.5,8.6,2.7,274,2.843,2.594,1.724,0.211,0.152,0.082,0.07,6.7,23.191,9.02,2.76,
JS-23,27.1,8.5,9.2,4.2,265,2.631,2.266,1.413,0.055,0.235,0.113,0.099,8.8,21.857,8.26,5.61,
JS-24,27.1,7.7,8.8,3.2,294,2.604,2.423,1.017,0.112,0.172,0.116,0.09,11.5,23.463,7.89,0.1,
JS-25,25.7,7.8,7.8,4.1,273,2.496,2.125,1.26,0.027,0.232,0.102,0.087,9.2,22.177,8.49,5.03,
JS-26,24.6,7.5,7.8,5.8,295,3.501,3.133,0.759,0.705,0.611,0.315,0.244,17.1,26.889,8.32,2.76,
JS-27,26,7.4,8.6,3.2,286,2.924,2.615,1.688,0.082,0.239,0.155,0.142,9,22.591,7.37,8.71,
JS-28,25.5,7,7.9,4.8,238,3.722,3.465,0.945,0.616,0.149,0.056,0.033,9.5,18.575,4.73,1.03,
JS-29,27.7,9.1,13.1,4.8,254,1.964,1.544,0.797,0.026,0.123,0.045,0.024,8,20.748,11.11,8.88,
JS-30,22.3,7.1,7.1,1.3,179,0.433,0.238,0.122,0.012,0.05,0.018,0.015,2.6,11.715,9.15,5.78,
JS-31,28,9.1,13,6.2,256,1.963,1.454,0.753,0.03,0.149,0.047,0.032,8.4,20.995,11.59,8.86,
JS-32,26.4,7.3,3.1,3.2,285,2.111,1.795,0.342,0.74,0.328,0.132,0.128,7.7,20.811,12.06,4.85,
JS-33,27,8,8.4,4.4,315,2.706,2.262,1.378,0.081,0.159,0.055,0.039,9.2,37.981,9.63,2.5,
JS-34,27.3,9.1,12.9,5.8,271,2.267,1.658,0.902,0.047,0.161,0.041,0.021,8.8,23.801,11.8,8.14,
JS-35,25,7.4,6.9,2.6,281,2.358,2.032,1.18,0.053,0.168,0.086,0.075,9.3,25.395,8.84,3.22,
JS-36,25.5,7.5,8,2.6,285,2.617,2.177,1.465,0.03,0.186,0.086,0.08,8.9,25.149,10.72,4.22,
JS-20B,23.5,7.3,7.3,11.2,365,6.787,6.013,3.526,1.925,0.423,0.123,0.098,10,44.474,8.12,-0.73,
JS-22B,24.2,7.5,8.1,0.1,473,2.022,1.793,1.336,0.043,0.042,0.014,0.003,3.5,73.1,21.7,4.57,
JS-26S,26.1,7.8,7.3,,558,,6.843,0.442,,,0.913,0.707,,56.443,5.11,4.53,
JS-35B,,,,18.1,,13.017,11.968,4.731,6.573,0.885,0.494,0.49,17.6,70.017,,,
GW-2,,,,,,,23.439,23.021,,,0.53,0.526,,43.309,,,
GW-3,,,,,,,19.186,,,,0.006,0.003,,,,,
JS-3,23.8,7.4,9.4,1,126,1.192,1.049,0.744,0.066,0.078,0.038,0.028,3.4,9.049,7.43,2.73,
JS-5,22.8,7.2,7.8,1.1,126,1.326,1.18,0.821,0.124,0.102,0.061,0.055,3.7,8.915,7.01,3.91,
JS-7,23.2,7.1,8.2,1,116,1.136,1.044,0.712,0.065,0.071,0.043,0.032,3.5,7.92,7.7,2.04,
JS-9,24.6,6.9,7.4,1.2,122,1.584,1.418,0.932,0.179,0.132,0.089,0.08,4.2,8.236,8.81,4.87,
JS-10,23.4,7.1,8.7,2.2,223,2.309,2.129,1.11,0.419,0.182,0.11,0.104,6.6,18.408,10.86,1.1,
JS-11,24,7.2,7.5,1.6,150,2.404,2.198,1.555,0.196,0.236,0.151,0.145,5.1,9.449,7.56,5.75,
JS-12,24,7.3,8.6,0.7,201,1.234,1.134,0.921,0.073,0.042,0.022,0.015,2.2,7.29,8.78,2.46,
JS-13,24.3,7.3,8.8,1,149,2.008,1.883,1.404,0.088,0.168,0.131,0.128,4.6,9.193,9.63,3.12,
JS-18,20.6,7.2,7.5,0.3,228,0.754,0.684,0.567,0.02,0.02,0.01,0.005,2,7.141,8.57,2.31,
JS-19,24.1,7.2,8.4,1.5,180,1.7,1.502,0.874,0.187,0.148,0.083,0.079,5.7,11.026,8.5,4.31,
JS-20,24.9,7.3,7.6,1.6,281,1.761,1.569,0.858,0.273,0.113,0.06,0.051,5.6,15.479,7.82,2.5,
JS-21,24.7,7.2,6.9,2.4,264,3.212,2.957,1.977,0.569,0.184,0.099,0.094,5.9,19.633,8.67,2.59,
JS-22,23.8,7.7,7.8,0.7,312,1.055,0.957,0.724,0.026,0.041,0.023,0.013,2.8,35.561,17.45,3.43,
JS-23,23.9,7.6,8.8,2.1,233,2.414,2.152,1.519,0.189,0.18,0.105,0.103,6.1,15.664,8.4,4.21,
JS-25,24.5,7.7,7.4,2.1,239,2.373,2.187,1.504,0.172,0.18,0.117,0.11,6.2,15.841,8.73,3.22,
JS-26,23.4,7.8,7.3,2.3,228,2.165,1.959,1.026,0.189,0.19,0.103,0.096,7.5,14.048,8.03,2.42,
JS-27,24.7,7.8,8.9,1.9,243,2.527,2.432,1.663,0.142,0.201,0.142,0.138,6.5,15.883,8.59,5.72,
JS-28,23.1,7.9,8.2,2.7,269,2.067,1.85,1.272,0.101,0.14,0.043,0.031,7.8,17.835,9.61,3.81,
JS-29,24.9,7.7,7.5,2.6,229,2.104,1.885,1.109,0.228,0.16,0.094,0.086,6.8,14.838,7.91,4.46,
JS-31,24.8,7.1,7.9,2.1,227,1.982,1.821,1.083,0.184,0.14,0.091,0.086,6.3,14.699,8.25,3.45,
JS-32,24.1,6.8,7.1,1.8,229,1.948,1.785,1.152,0.099,0.181,0.107,0.1,6.4,15.487,8.81,2.65,
JS-34,25.1,7.6,7.9,2.8,246,2.428,2.236,1.201,0.369,0.149,0.083,0.074,7.3,18.877,7.76,2.06,
JS-35,25,7.5,6.7,2.5,323,2.69,2.486,1.351,0.203,0.217,0.115,0.104,10.8,26.072,10.16,1.11,
JS-20B,23.4,7.1,6.8,10.3,384,12.655,7.21,4.248,2.962,0.511,0.132,0.111,9.9,46.903,8.98,-0.69,
JS-9B,23.6,6.8,5.6,3.2,246,2.476,2.256,0.363,1.747,0.13,0.065,0.047,4.9,52.81,2.16,-3.58,
JS-20B,24.7,6.8,7.1,7.4,315,8.577,7.943,5.21,2.182,0.451,0.217,0.201,9.3,37.715,11.7,0.36,
JS-9B,24.6,6.9,7,1.6,358,1.048,0.967,0.518,0.14,0.103,0.065,0.035,4.7,56.935,20.62,0.06,
JS-1,22,7.6,8.7,1,93,1.093,0.965,0.776,0.028,0.032,0.022,0.007,1.9,7.355,4.04,3.23,
JS-2,23.2,7.3,8,1.1,59,0.966,0.795,0.658,0.027,0.033,0.014,0,2.5,3.779,4.16,3.24,
JS-3,22.8,7.2,8.4,1.1,68,1.025,0.811,0.691,0.02,0.03,0.014,0,2.3,4.556,4.56,3.31,
JS-4,23.2,7.2,8.4,0.8,57,0.894,0.708,0.595,0.026,0.03,0.016,0.002,2.2,3.945,3.74,3.08,
JS-5,22.9,7.1,8.4,1.2,68,0.985,0.822,0.699,0.025,0.031,0.015,0.001,2.5,4.619,4.84,3.06,
JS-6,22.5,7.2,8.5,1.1,75,1.052,0.913,0.794,0.028,0.043,0.025,0.01,2.2,4.891,5.85,3.45,
JS-7,22.9,7.1,8.1,1,71,1.002,0.854,0.752,0.022,0.032,0.018,0.004,2.1,4.844,5.44,3.11,
JS-8,22.8,6.6,8.3,1,80,1.394,1.254,1.129,0.034,0.076,0.057,0.048,1.9,5.136,6.88,4.84,
JS-9,23.2,6.8,8.5,0.9,77,1.171,1.01,0.921,0.025,0.048,0.035,0.02,2,5.11,6.38,4.01,
JS-10,22.4,6.7,8.5,1.3,61,0.788,0.63,0.486,0.04,0.047,0.032,0.018,2.5,5.174,5.6,3.19,
JS-11,24.4,6.7,8,1,83,1.333,1.162,1.022,0.053,0.098,0.07,0.059,2.2,5.457,7.77,4.05,
JS-12,19.6,6.7,8.9,0.8,80,1.551,1.325,1.222,0.032,0.023,0.01,0.002,2.1,4.802,5.33,2.58,
JS-13,23,6.7,8.4,1.4,83,1.432,1.239,1.102,0.033,0.051,0.032,0.017,2.2,5.252,6.31,3.55,
JS-14,24.6,6.8,8.6,1.5,110,1.52,1.295,1.142,0.031,0.068,0.05,0.037,2.7,6.626,6.58,3.86,
JS-15,23.4,7.2,8.5,1.4,88,1.438,1.253,1.113,0.023,0.063,0.042,0.028,2.3,5.354,6.33,4.24,
JS-16,25.4,7,7.6,1.4,141,2.179,1.914,1.628,0.026,0.077,0.054,0.038,4.6,8.129,7.76,3.75,
JS-17,24,7.1,8.6,1.5,90,1.553,1.318,1.16,0.027,0.069,0.049,0.036,2.5,5.632,6.59,4.16,
JS-18,25.4,6.9,6.8,1.5,158,1.32,1.041,0.884,0.041,0.025,0.015,0.003,3.3,5.735,5.72,3.28,
JS-19,24.8,7,8.3,1.4,101,1.554,1.236,1.089,0.023,0.067,0.04,0.027,2.8,5.539,6.53,3.1,
JS-20,24.4,7,8.2,1.6,146,2.403,2.092,1.866,0.054,0.087,0.053,0.038,2.9,7.717,7.25,2.84,
JS-21,25,7,7.8,1.5,119,1.882,1.589,1.41,0.072,0.094,0.055,0.041,3,6.802,7.18,3.1,
JS-22,22.8,7.5,8,1.1,170,2.874,2.625,2.479,0.03,0.064,0.045,0.032,2.7,10.022,7.13,2.15,
JS-23,25.1,7.5,7.9,1.5,124,1.801,1.57,1.395,0.052,0.097,0.061,0.045,3,6.571,7.25,3.07,
JS-24,25.6,7.4,7.7,1.8,164,2.496,2.261,1.911,0.06,0.102,0.073,0.053,4.3,8.156,6.62,3.69,
JS-25,25,7.2,7.7,1,136,2.136,1.846,1.61,0.047,0.107,0.067,0.05,3.5,7.229,6.96,2.81,
JS-26,26,6.9,6.7,0.8,158,1.748,1.498,1.25,0.027,0.11,0.072,0.057,4.5,8.538,7.96,2.08,
JS-27,25.2,7.3,7.4,0.9,133,2.066,1.819,1.636,0.044,0.101,0.063,0.048,3.1,7.177,7.24,3.14,
JS-28,24.5,7.2,7.7,0.7,251,4.597,4.228,4.096,0.029,0.092,0.075,0.061,3.2,12.396,7.14,3.58,
JS-29,25.6,7.2,7,1,131,2.147,1.844,1.613,0.06,0.101,0.071,0.055,3.2,7.154,6.6,2.85,
JS-30,23,7.5,7.5,0.6,178,4.399,4.137,4.004,0.023,0.057,0.044,0.028,2.8,9.116,8.79,2.52,
JS-31,25.6,6.7,7.5,0.9,132,2.219,1.877,1.722,0.063,0.118,0.07,0.058,3.5,7.032,6.78,3,
JS-32,24.7,7.1,6.5,0.8,186,2.673,2.259,1.976,0.044,0.161,0.094,0.077,3.9,11.037,9.19,3.3,
JS-33,26.8,8.8,6.7,1.2,254,2.973,2.611,2.143,0.155,0.15,0.105,0.092,3.6,19.747,8.93,2.5,
JS-34,26,6.9,7.6,0.9,133,2.361,1.908,1.717,0.042,0.115,0.073,0.057,3.3,7.134,6.89,2.83,
JS-35,27.2,6.9,6.4,1.1,186,2.229,1.879,1.531,0.055,0.169,0.096,0.08,4.5,10.725,8.34,3.67,
JS-36,26.5,7.3,7.7,1,139,2.472,1.996,1.802,0.044,0.148,0.088,0.073,3.6,7.431,7.51,2.96,
JS-20B,23.8,6.8,7.3,9.2,288,8.726,7.317,3.525,3.309,0.691,0.261,0.233,9.1,28.954,12.29,2.32,
JS-1,26.9,7.6,8,0.9,120,0.587,0.529,0.369,0.03,0.06,0.037,0.025,2.7,9.477,6.48,4.31,
JS-2,27.5,7.1,7,0.8,90,0.832,0.792,0.623,0.042,0.035,0.019,0.006,2.6,4.957,7.12,2.07,
JS-3,27.3,7,8,0.8,113,0.754,0.703,0.553,0.036,0.041,0.021,0.012,2.5,7.197,7.98,3.39,
JS-4,27.1,7.2,7.6,0.7,85,0.516,0.472,0.307,0.054,0.04,0.025,0.01,2.7,4.763,7.23,2.39,
JS-5,27.9,7.1,7.3,0.9,111,0.934,0.863,0.656,0.062,0.048,0.028,0.016,2.5,7.192,7.29,5.72,
JS-6,27.4,7.4,9.7,0.9,87,0.54,0.48,0.341,0.036,0.047,0.021,0.011,2.5,4.903,6.94,4.21,
JS-7,27.2,7,7,0.7,102,0.751,0.686,0.532,0.045,0.038,0.021,0.009,2.3,6.51,8.08,4.28,
JS-9,28.9,7.1,7.6,0.8,116,1.134,1.055,0.869,0.062,0.099,0.083,0.077,2.3,6.459,9.56,7.55,
JS-12,30.4,7.5,8,0.5,116,1.075,1.006,0.874,0.023,0.029,0.011,0.004,2.1,4.823,7.64,3.6,
JS-24,30.3,7.1,7.6,1.2,188,1.25,1.206,0.761,0.089,0.102,0.072,0.056,3.8,8.029,7.7,2.22,
JS-26,28.8,7,7.4,1,155,1.349,1.272,0.94,0.023,0.101,0.075,0.067,4.2,7.823,7.78,2.31,
JS-28,26.9,7.3,7.4,1.1,219,3.087,3.064,2.59,0.041,0.135,0.093,0.084,4,9.698,6.4,4.04,
JS-20B,28.2,7.4,7.1,8.9,293,7.461,6.693,3.921,2.302,0.462,0.209,0.174,7.6,33.569,12.98,2.63,
JS-22B,27.9,7.1,7.4,0.8,440,2.917,2.895,1.296,1.158,0.036,0.019,0.008,3.7,60.531,20.47,1.22,
JS-20B,26.8,6.8,6.6,9.4,345,7.306,6.236,3.395,2.445,0.583,0.267,0.244,8.8,42.621,12.28,-1.7,
JS-9B,,,,2.5,,2.728,2.447,1.635,0.484,0.098,0.034,0.01,4.7,67.588,20.5,5.45,
JS-22,26.6,6.9,7,0.3,239,1.139,1.073,0.901,0.016,0.043,0.035,0.022,2.4,21.497,14.28,2.68,
JS-32,28.4,7.9,4.4,1.4,278,1.227,1.087,0.518,0.178,0.358,0.309,0.306,5,15.552,13.02,4.28,
JS-36,28.8,8.4,7.3,1,212,2.19,2.065,1.77,0.025,0.185,0.155,0.151,4.1,11.619,11.63,3.26,
JS-20B,27.1,6.9,6.7,12,409,7.23,6.342,3.27,2.429,0.61,0.285,0.257,10.6,39.957,18.02,0.77,
JS-9B,27.9,6.9,7.1,2.3,370,2.399,2.08,1.587,0.098,0.167,0.08,0.055,5.2,51.753,10.89,0.19,
JS-20B,23.8,6.7,7.8,10.9,327,11.413,10.447,7.236,3.056,0.6,0.364,0.273,8.9,31.735,23.7,6.6,
JS-9B,25.8,6.5,6.4,1,151,1.37,1.197,0.835,0.023,0.099,0.078,0.015,3.4,27.654,10.95,-2.96,
JS-20B,22.5,6.9,8.7,7,307,7.18,6.675,4.208,1.783,0.338,0.151,0.142,5.8,33.402,12.15,-0.53,
JS-18,16,6.9,9.7,0.5,176,1.226,1.161,0.798,0.016,0.016,0.007,0.001,2.7,4.335,4.11,0.88,
JS-24,15.2,7.4,11.1,0.7,234,4.779,4.724,3.329,0.168,0.33,0.253,0.25,3.4,12.331,6.28,8.36,
JS-25,15.2,7.6,11.9,0.6,212,2.686,2.586,1.835,0.026,0.131,0.1,0.098,2.2,11.701,9.08,5.62,
JS-20B,19,7.2,9.1,4,349,7.761,7.662,5.267,0.28,0.094,0.034,0.016,5.6,48.56,11.75,1.33,
JT-1,16.3,6.9,11.8,1,119,1.123,1.036,0.892,0.014,0.024,0.012,0.002,2.3,6.341,2.92,2.95,
JT-5,16.1,6.6,9.5,2.2,231,2.904,2.834,2.324,0.064,0.051,0.032,0.012,5.7,16.777,9.74,4.7,
JT-6,15.3,6.8,12.3,2.1,100,1.921,1.825,1.142,0.317,0.087,0.063,0.048,4.6,14.102,7.06,3.96,
JT-10,16.8,7,10.8,4.1,169,3.478,3.148,1.888,0.676,0.671,0.563,0.539,5.8,10.632,14,2.4,
JT-12,19.2,6.5,12.1,2.2,185,0.54,0.468,0.296,0.047,0.098,0.06,0.049,3.6,13.93,13.84,6.6,
JT-15,20.5,7.2,12.6,1.4,301,2.656,2.601,2.16,0.048,0.069,0.049,0.038,4,23.274,8.35,3.23,
JT-18,18.3,7.5,9.4,1.1,210,1.249,1.201,0.948,0.031,0.032,0.016,0.008,3,20.753,7.14,3.95,
JT-20,17.1,7.9,9.9,0.9,214,2.015,1.958,1.656,0.023,0.026,0.011,0.005,3.2,20.318,7.64,4.43,
JT-25,19.3,7.6,11.4,1.9,352,2.943,2.879,2.224,0.128,0.084,0.064,0.049,4.2,58.03,11.63,3.6,
JT-29,18.4,7.2,13.5,3.8,236,1.975,1.734,1.323,0.014,0.137,0.068,0.047,5.1,20.53,9.05,11.68,
23B,20.1,6.8,8.1,,485,8.187,7.635,6.188,0.931,0.134,0.114,0.105,4.4,88.139,11.37,1.92,
28B,17.8,7.9,9,,315,4.943,4.747,3.597,0.177,0.417,0.335,0.317,5.6,29.404,14.34,3.59,
JT-1,20.7,7.4,7.8,0.9,100,1.311,1.309,1.126,0.019,0.027,0.01,0.01,2,6.217,4.66,3.45,
JT-5,21.9,7.1,7.2,1.7,175,2.267,2.193,1.795,0.065,0.098,0.06,0.048,4.4,12.32,8.45,4.38,
JT-6,20.7,7.4,6.9,2.1,197,3.213,3.149,1.629,0.408,0.189,0.133,0.131,4.7,14.313,5.32,2.36,
JT-10,21,7.1,6.2,3,138,1.661,1.396,0.873,0.205,0.375,0.21,0.21,5,9.861,10.33,3.3,
JT-12,22.1,7.4,7.4,2.9,155,1.646,1.471,1.048,0.071,0.241,0.146,0.144,4.6,9.939,11.05,3.69,
JT-13,23.2,7.9,12.4,2.8,180,1.571,1.522,1.085,0.028,0.174,0.112,0.109,4.5,11.824,10.13,4.01,
JT-14,21.6,7.9,9.3,4.2,238,3.059,2.383,1.446,0.189,0.644,0.096,0.078,9.8,20.841,6.79,3.99,
JT-15,20.3,7.5,12.3,2.2,307,4.565,4.552,4.122,0.052,0.117,0.084,0.082,3.5,21.355,8.01,3.7,
JT-18,20.2,7.3,11.9,1.3,213,2.603,2.529,2.21,0.041,0.067,0.029,0.021,2.6,16.575,6.8,1.82,
JT-22,17.3,7.3,11.6,1.3,422,1.611,1.46,1.194,0.099,0.074,0.048,0.04,1.8,7.243,4.43,1.47,
JT-23,22.8,6.8,8.8,3,424,2.661,2.591,0.837,1.228,0.132,0.091,0.087,4.3,66.657,13.72,-2.65,
JT-2,21.4,9,8.2,2.8,183,0.606,0.566,0.311,0.055,0.038,0.035,0.022,4.3,11.516,7.7,6.03,
JT-5,21.6,7.3,7.4,2.5,273,1.028,0.953,0.657,0.095,0.07,0.07,0.068,5.2,21.325,10.09,4.6,
JT-6,20.5,7.6,6.7,7.1,252,4.202,3.897,0.668,1.509,0.16,0.122,0.107,11,19.16,7.04,0.95,
JT-7,21.3,7.6,7,6.8,244,2.186,2.181,0.686,0.391,0.197,0.176,0.15,10.6,21.189,7.88,5.28,
JT-10,20.7,7.4,6.5,3.1,126,1.536,1.508,0.777,0.233,0.253,0.247,0.242,4.7,7.867,11.02,3.08,
JT-12,21.9,7.5,7.2,3.1,157,1.365,1.281,0.676,0.074,0.156,0.142,0.126,5.9,10.383,11.12,2.95,
JT-13,23.6,7.8,11.4,3.6,183,1.793,1.711,0.905,0.085,0.15,0.144,0.127,6.8,12.247,10.04,2.88,
JT-14,21.9,7.8,8.8,6.9,233,2.303,2.263,0.997,0.352,0.133,0.096,0.072,10.8,15.164,4.99,2.2,
JT-15,24.3,7.5,10.7,3.2,328,3.546,3.499,2.452,0.239,0.072,0.064,0.051,4.2,23.522,9.01,4.17,
JT-22,16.4,7.3,8.8,1.6,423,3.381,3.369,2.479,0.119,0.155,0.154,0.149,2,8.853,7.2,-0.57,
JT-25,21.8,7.4,11.5,2.5,332,2.64,2.619,1.632,0.091,0.06,0.053,0.037,6.2,37.286,11.64,0.11,
JT-26,23.7,7.6,9.7,3.3,335,5.537,5.33,1.71,1.309,0.152,0.15,0.124,8.8,36.399,5.28,-3.71,
JT-27,24.7,8.4,13.4,3.1,241,1.002,0.921,0.309,0.028,0.083,0.051,0.023,7.5,19.122,7.37,3.73,
JT-29,23.8,7.9,9.5,3.3,289,2.609,2.501,1.529,0.052,0.18,0.18,0.156,6.7,20.83,9.41,5.79,
JT-1,23.4,7.8,9.2,1,120,0.705,0.671,0.463,0.029,0.019,0.013,0.001,3.5,5.601,3.72,5.14,
JT-2,23.4,7.6,9,4.8,282,2.491,2.314,0.546,0.321,0.299,0.219,0.177,15.2,22.974,8.2,2.9,
JT-3,23.9,7.5,8.4,2.4,187,0.774,0.657,0.23,0.037,0.054,0.031,0.005,8.2,16.067,5.52,0.95,
JT-4,22.9,7.5,8.9,2.8,213,1.308,1.179,0.402,0.172,0.089,0.055,0.031,8.5,17.675,7.08,-0.29,
JT-6,22.1,7.5,8.3,2.5,322,2.144,2.073,0.6,0.323,0.133,0.107,0.085,13.4,25.136,7.23,0.9,
JT-7,23.8,7.6,9.1,3.2,242,1.98,1.904,0.672,0.186,0.174,0.109,0.087,10.5,19.7,7.2,1.5,
JT-9,25.1,7.7,10,9,306,1.778,1.527,0.527,0.052,0.206,0.124,0.074,12.6,19.929,7.14,11.32,
JT-10,23,8.1,12.8,18,140,2.79,2.169,1.261,0.116,0.469,0.343,0.34,28,8.304,12.16,2.77,
JT-14,21.8,7.8,8.5,3,224,1.657,1.638,0.779,0.092,0.112,0.075,0.059,9.3,14.362,7.33,0.67,
JT-2,20.5,7.3,7.1,3.5,255,1.92,1.839,0.608,0.266,0.132,0.113,0.086,9.8,20.013,8.24,3.54,
JT-3,21.8,7.1,5.9,1.7,184,1.37,1.339,0.724,0.125,0.042,0.03,0.013,5.7,15.353,9.6,1.56,
JT-5,21.6,7.1,5,4.1,304,3.005,2.889,0.921,0.856,0.093,0.077,0.047,9,27.676,8.36,2.24,
JT-6,20.6,7.1,6.2,3.2,293,2.193,2.159,0.81,0.271,0.114,0.092,0.068,11.4,21.429,6.14,3.04,
JT-10,20.8,7.3,6,3.3,140,2.5,2.452,1.044,0.692,0.486,0.458,0.457,6.7,8.597,12.46,2.74,
JT-12,22,7,6.2,1.7,182,1.763,1.758,0.73,0.227,0.127,0.104,0.091,7.4,12.272,10.71,-0.01,
JT-13,21.3,7.5,6.7,4,211,1.954,1.949,0.846,0.205,0.147,0.118,0.103,10.8,14.521,9.04,2.02,
JT-14,20.7,7.7,9,6.3,196,2.582,2.536,1.242,0.265,0.264,0.214,0.204,12,12.587,5.04,2.23,
JT-15,20.3,7.5,9,3.8,326,2.767,2.761,1.549,0.179,0.183,0.165,0.143,10.8,25.695,9.36,3.16,
JT-18,19.5,7.6,9.6,1.8,156,1.011,1.009,0.578,0.069,0.075,0.066,0.053,6.5,9.971,5.87,4.11,
JT-22,20.3,7.8,8.1,4.3,162,3.013,2.981,1.818,0.377,0.197,0.195,0.187,5.7,5.534,4.92,1.2,
JT-24,21.6,7.3,7.5,3.1,264,1.673,1.663,0.81,0.099,0.122,0.101,0.084,8.8,21.36,7.36,3.3,
JT-25,21.8,7.5,8.8,4.8,274,2.159,2.117,0.947,0.447,0.097,0.08,0.059,7.9,28.828,9.2,2.54,
JT-27,21,8.1,9.1,4.4,144,1.896,1.597,1.055,0.06,0.478,0.16,0.151,7,7.168,8.65,6.09,
JT-29,22.3,7.4,5.3,3.2,284,2.46,2.424,1.306,0.138,0.161,0.145,0.133,7.8,21.863,9.73,7.53,
JT-2,23.6,7.7,6.9,3.2,267,2.537,2.4,0.813,0.34,0.218,0.139,0.118,12.4,18.521,8.69,-0.03,
JT-3,20.3,7.1,5.7,0.3,296,7.012,7.004,5.713,0.068,0.052,0.032,0.024,3.7,25.846,12.03,1.23,
JT-5,23.5,7.6,6.6,1.1,265,2.967,2.962,1.772,0.168,0.08,0.06,0.042,8.1,19.343,11.63,1.73,
JT-6,22.7,7.5,5.8,1.8,286,2.35,2.324,1.132,0.237,0.108,0.072,0.058,8.9,18.594,9.3,0.48,
JT-7,23.9,7.6,6.7,2.7,201,2.064,2.062,0.897,0.213,0.135,0.101,0.085,8.8,13.614,8.85,-0.12,
JT-8,23,7.8,6.8,0.6,277,2.26,2.143,1.599,0.044,0.106,0.083,0.08,3,13.83,10.48,2.53,
JT-10,24.6,7.3,5,1.8,135,1.663,1.658,0.757,0.317,0.334,0.285,0.282,5.5,7.358,11.6,0.25,
JT-11,24.9,7.7,7.1,1.9,201,2.358,2.341,1.002,0.322,0.166,0.112,0.106,7.4,12.045,8.97,-1.52,
JT-12,25.6,7.7,6.8,1,170,1.683,1.657,0.85,0.074,0.16,0.111,0.108,6.1,10.104,11.03,0.3,
JT-13,27.9,7.8,9.1,1.2,199,1.779,1.774,1.034,0.033,0.128,0.094,0.089,6,11.817,10.63,0.98,
JT-14,25,8.3,8.2,1.6,156,2.157,2.154,1.259,0.087,0.075,0.04,0.026,6.1,9.132,5.87,3.41,
JT-15,23.8,7.9,9.9,0.8,319,4.195,4.181,3.108,0.05,0.119,0.084,0.083,4.5,19.833,8.49,1.42,
JT-16,24.2,7.9,9.3,1.2,252,3.047,3.032,2.065,0.057,0.12,0.085,0.081,5.3,16.037,8.49,2.59,
JT-17,25.3,7.6,8.7,1,268,2.843,2.824,1.854,0.049,0.09,0.066,0.056,5.1,15.884,9.51,2.36,
JT-19,21.5,7.6,9.9,0.5,189,4.378,4.301,3.232,0.03,0.051,0.027,0.021,2.9,11.101,9.4,1.16,
JT-20,20.8,7.8,10.3,0.6,197,3.29,3.287,2.367,0.031,0.06,0.033,0.029,3.6,12.612,9.01,2.7,
JT-21,25.6,7.5,7.7,1.4,193,2.123,2.119,1.221,0.059,0.162,0.114,0.111,5.8,12.163,8.83,1.54,
JT-22,19.5,7.4,9.9,0.8,163,2.399,2.333,1.632,0.076,0.088,0.066,0.056,2.3,6.438,5.49,-0.53,
JT-26,26.3,7.6,8.2,3.2,265,2.792,2.651,1.216,0.305,0.14,0.099,0.09,8.4,21.811,9.37,1.68,
JT-27,29.3,10.3,15.9,4.1,210,1.257,1.225,0.485,0.023,0.126,0.071,0.051,8,11.71,10.02,4.44,
JT-28,26.5,7.7,8.5,2.2,260,4.54,4.454,2.706,0.132,0.646,0.562,0.561,6.8,14.316,14,3.42,
JT-29,26,7.8,7.7,1.6,199,2.402,2.269,1.481,0.052,0.164,0.137,0.129,5.9,12.844,8.83,2.42,
JT-30,25.7,7.9,7.2,2.5,198,2.534,2.509,1.274,0.144,0.209,0.163,0.159,7.2,12.569,8.04,1.49,
JT_1,22.9,7.9,8.6,0.7,145,0.968,0.961,0.67,0.029,0.052,0.04,0.033,3.7,7.972,9.93,5,
JT_2,23.8,7.8,8.3,1.6,202,1.488,1.486,0.673,0.187,0.254,0.197,0.194,6.6,11.195,9.41,4.39,
JT_3,23.6,7.5,8.8,1.1,174,2.031,2.026,1.43,0.044,0.049,0.034,0.019,5.8,10.713,10.3,4.17,
JT_4,23.5,7.6,7.6,1.6,226,5.634,5.625,4.632,0.172,0.204,0.152,0.148,7.1,12.4,18.54,9.89,
JT_5,24.1,7.6,7.8,1.2,230,1.72,1.718,1.018,0.066,0.094,0.064,0.052,7.2,15.544,10.76,5.19,
JT_6,23.5,7.7,7.2,1.6,246,2.474,2.443,0.744,0.808,0.212,0.154,0.152,8.9,12.019,9.33,4.15,
JT_7,24.1,7.7,8.3,1,229,1.267,1.264,0.6,0.065,0.076,0.051,0.04,6.8,14.491,10.82,5.62,
JT_8,23,7.8,7.5,1.3,174,1.124,1.099,0.624,0.057,0.068,0.04,0.031,5.5,8.814,8.47,6.23,
JT_10,25,7.5,7.1,1.8,141,2.062,2.038,0.864,0.551,0.472,0.424,0.418,4.9,7.517,12.87,4.98,
JT_11,24.7,7.8,8.5,1.4,191,1.539,1.538,0.886,0.076,0.127,0.096,0.09,6.2,9.924,9.27,2.99,
JT_12,24.8,7.6,7.7,1.3,161,1.36,1.356,0.738,0.117,0.187,0.148,0.146,5.5,8.532,12.1,2.71,
JT_13,24,7.9,8.1,1.3,260,1.496,1.464,0.84,0.091,0.172,0.134,0.132,5.8,9.068,10.65,5.39,
JT_15,23.2,7.1,9.1,0.8,335,5.012,4.992,4.32,0.052,0.15,0.117,0.116,4.3,17.31,8.38,2.78,
JT_16,21.9,7.9,9.1,0.8,328,3.906,3.9,3.181,0.058,0.135,0.1,0.099,4.7,18.459,9.62,3.21,
JT_17,23,8,8,0.8,267,3.006,3.003,2.343,0.053,0.083,0.06,0.055,4.1,13.07,8.58,4.52,
JT_21,24.3,7.3,7.1,1.5,240,2.607,2.488,1.603,0.212,0.221,0.174,0.171,5.3,15.553,10.55,5.09,
JT_22,21.5,7.6,8.5,1.3,101,3.631,3.54,2.616,0.324,0.139,0.108,0.105,3.1,8.557,6.12,2.84,
JT_23,24.9,7.1,7.2,1.4,341,2.778,2.745,1.735,0.31,0.221,0.189,0.188,3.8,43.783,11.28,-0.29,
JT_24,24.2,7.1,7.3,1.7,242,1.439,1.392,0.77,0.095,0.124,0.098,0.09,5.4,16.861,10.1,5.9,
JT_25,24.6,7.4,7.8,2.2,279,1.937,1.872,1.001,0.241,0.139,0.106,0.104,5.7,28.504,9.57,2.78,
JT_26,25,7.8,8.4,3.5,254,2.447,2.354,0.991,0.493,0.143,0.112,0.106,6.8,21.988,8.73,3.55,
JT_27,23.5,7.7,9.5,2.5,270,1.911,1.878,0.973,0.225,0.096,0.048,0.03,5,12.812,10.65,6.92,
JT_29,25.4,8,8.4,1.6,230,2.121,2.044,1.364,0.076,0.166,0.136,0.133,5.3,13.734,9.98,6.69,
JT_30,24.8,8.1,8.9,4.7,172,1.848,1.764,0.911,0.256,0.204,0.164,0.159,7.6,9.568,6.4,10.32,
JT_23B ,25.7,7.1,8.4,,389,4.138,4.131,2.597,0.742,0.291,0.29,0.283,3.7,52.849,11.83,0.92,
JT_1,27.4,7.8,7.8,1.2,110,0.968,0.959,0.782,0.023,0.046,0.023,0.014,2.4,6.977,8.12,2.58,
JT_2,27.8,7.6,7.1,1.8,185,1.286,1.194,0.682,0.147,0.19,0.099,0.099,4.8,10.912,8.51,1.58,
JT_3,26.6,7.4,7.4,1.4,198,4.242,4.063,3.85,0.054,0.07,0.036,0.023,4,12.38,11.4,3.08,
JT_5,27.9,7.5,7.1,1.8,182,2.46,2.321,2,0.057,0.112,0.064,0.052,4.1,15.938,10.97,2.02,
JT_6,27.4,7.6,7.4,2.3,194,1.391,1.305,0.848,0.116,0.13,0.077,0.064,5.3,9.334,10.22,2.62,
JT_7,27.5,7.6,7.3,1.9,151,1.241,1.132,0.878,0.059,0.109,0.046,0.037,3.6,9.509,10.01,4.11,
JT_8,28.2,7.8,7.7,1.9,164,1.711,1.58,1.335,0.049,0.104,0.054,0.044,3.6,9.183,8.14,2.84,
JT_9,30,7.8,9.3,2.3,198,1.658,1.489,1.22,0.063,0.128,0.047,0.037,3.7,11.185,8.5,6.6,
JT_10,26,7.7,7.9,1.5,111,2.002,1.824,1.368,0.244,0.303,0.228,0.228,3.5,7.216,8.77,1.21,
JT_11,27.4,7.5,8.6,1.7,194,1.488,1.326,1.115,0.033,0.124,0.061,0.048,4.5,10.451,10.33,2.45,
JT_12,27.7,7.9,8.6,2.3,135,1.319,1.169,0.934,0.022,0.151,0.082,0.07,4.8,8.115,10.39,2.55,
JT_13,28.3,8,9.4,3.9,173,1.371,1.257,1.007,0.02,0.133,0.067,0.055,4.3,9.677,10.4,4.68,
JT_15,24.1,7.5,10.5,2.9,295,4.548,4.192,4.104,0.056,0.189,0.096,0.087,3.7,14.944,9,1.06,
JT_16,25.4,7.6,10,4.3,254,2.915,2.723,2.55,0.052,0.132,0.071,0.063,4.7,16.212,8.6,3.58,
JT_17,26.6,7.5,8.9,3,249,2.775,2.521,2.457,0.03,0.093,0.043,0.031,3.6,13.281,9.1,3.73,
JT_21,28.5,7.7,8.6,3.2,185,2.356,2.077,1.906,0.027,0.173,0.093,0.081,4.2,11.901,9.9,3.97,
JT_22,24.1,7.8,9.4,1.9,127,1.8,1.594,1.382,0.147,0.148,0.101,0.09,2.5,8.42,5.54,0.58,
JT_23,28.3,7.8,9,3.1,390,2.825,2.575,2.083,0.236,0.075,0.037,0.024,3.7,55.61,16.44,2.05,
JT_24,28.5,7.7,9.1,4.6,230,1.986,1.707,1.484,0.015,0.122,0.057,0.041,5.4,17.491,9.52,4.9,
JT_25,28.6,7.8,10.7,3,290,1.915,1.651,1.401,0.016,0.088,0.031,0.017,4,27.504,10.83,4.2,
JT_26,29.8,8.8,10.1,4.5,251,2.142,1.737,1.397,0.019,0.116,0.036,0.017,5.4,21.869,10.9,3.74,
JT_27,26.7,7.9,7.4,2.9,157,0.745,0.603,0.328,0.061,0.077,0.027,0.017,4.9,7.997,9.62,4.82,
JT_29,28.5,7.8,10.2,2.8,168,2.169,1.969,1.706,0.021,0.12,0.069,0.051,3.4,10.475,9.49,5.62,
JT_30,28.1,7.8,9.9,2.7,156,2.426,2.168,1.678,0.111,0.281,0.214,0.209,3.8,10.001,7.11,8.87,
JT_4B ,27.2,7.6,7.2,,145,1.264,1.13,0.687,0.109,0.089,0.06,0.042,5.1,8.278,8.42,1.95,
JT_1,24.3,8,8,0.9,113,0.779,0.773,0.726,0.02,0.037,0.036,0.025,1.9,7.213,8.46,2.59,
JT_2,24.7,7.1,6.7,0.8,290,2.307,2.295,1.989,0.077,0.049,0.04,0.028,3.1,21.114,11.85,3.67,
JT_3,24.9,7.4,6.4,1,131,1.118,1.109,0.865,0.052,0.05,0.05,0.025,4.9,8.43,10.68,3.05,
JT_5,25.4,7.4,6.3,1,184,1.468,1.461,1.322,0.056,0.087,0.075,0.062,4.4,11.295,10.35,2.35,
JT_6,24.2,7.8,7.2,1.2,143,1.853,1.775,1.408,0.047,0.071,0.063,0.039,4.8,8.094,7.35,0.98,
JT_7,25.3,7.6,7.4,1.1,165,1.488,1.466,1.157,0.036,0.099,0.076,0.067,3.9,9.988,10.28,2.92,
JT_8,25.7,7.9,7.4,1.2,154,2.324,2.224,1.874,0.036,0.08,0.056,0.036,4,7.771,7.79,1.31,
JT_9,26.5,7.7,8.2,1.4,172,1.811,1.722,1.396,0.082,0.173,0.13,0.13,4,9.297,9.23,3.66,
JT_10,25.2,7.8,7.5,1.1,111,0.798,0.798,0.623,0.034,0.078,0.072,0.063,3.1,7.343,10.02,1.97,
JT_11,26.1,7.6,7.5,1.2,170,1.155,1.155,0.88,0.061,0.087,0.087,0.086,3.4,9.129,10.18,1.88,
JT_12,25.5,7.6,6.8,1.4,139,0.957,0.957,0.715,0.058,0.102,0.102,0.099,3.4,8.073,10.24,1.43,
JT_13,26.8,7.9,7.9,1.3,159,1.07,1.07,0.795,0.022,0.095,0.095,0.089,3.3,8.977,10.66,1.73,
JT_15,22.2,7.5,9.2,1.7,286,3.955,3.955,3.38,0.056,0.122,0.122,0.121,3.7,14.941,8.19,1.21,
JT_16,23.4,7.5,8.7,1.6,289,3.656,3.656,3.104,0.052,0.113,0.113,0.11,3.6,17.977,8.94,2.36,
JT_17,24.6,7.4,7.6,1.7,251,3.356,3.356,2.882,0.024,0.073,0.073,0.065,2.6,13.077,8.87,3.03,
JT_21,25.5,7,7.2,2,292,5.816,5.392,4.969,0.088,0.184,0.121,0.117,5,17.142,9.67,2.32,
JT_22,22.3,7.2,8.4,1.4,90,1.024,0.921,0.861,0.046,0.085,0.073,0.049,2,5.748,5.36,1.89,
JT_24,25.7,7.3,7.9,2.3,164,1.909,1.697,1.474,0.017,0.09,0.046,0.032,4.2,10.258,8.14,4.76,
JT_25,26.4,7.3,8.2,2.2,221,2.653,2.398,2.053,0.105,0.11,0.065,0.059,4.2,18.055,9.65,2.69,
JT_26,27.2,7.5,7.9,2.3,226,2.489,2.225,1.877,0.105,0.122,0.072,0.07,4.2,18.212,8.59,1.25,
JT_27,26.2,7.2,7.1,2.8,152,0.765,0.697,0.416,0.035,0.076,0.058,0.044,5.9,10.19,9.69,5.48,
JT_29,26.9,7.6,8.2,1.3,174,2.202,2.201,2.025,0.062,0.143,0.102,0.095,3,10.813,8.32,4.11,
JT_30,26.2,7.8,8,1.7,158,2.16,2.025,1.667,0.131,0.162,0.122,0.11,3.6,10.08,7.4,2.81,
JT_1,21.1,7.8,8.1,1.4,80,1.768,1.698,1.478,0.028,0.085,0.022,0.018,5.6,7.927,2,-0.26,
JT_2,20.8,7.7,8.2,1.9,100,2.984,2.959,2.513,0.055,0.228,0.165,0.162,7.8,5.515,2.48,-1.38,
JT_3,21.3,7.7,8.2,2.1,96,2.723,2.647,2.223,0.052,0.111,0.053,0.043,6.8,5.571,1.62,-1.25,
JT_4,20.7,7.4,7.8,1.2,135,9.146,9.075,8.927,0.117,0.119,0.099,0.097,4.3,6.078,3.04,-0.8,
JT_5,21.4,7.2,7.9,2.4,106,3.63,3.566,3.047,0.099,0.223,0.135,0.127,8.5,5.401,2.28,-0.83,
JT_6,21.3,7.6,8,2.4,92,2.83,2.775,2.227,0.058,0.159,0.088,0.076,8.1,5.173,1.06,-0.45,
JT_7,21.1,7.5,7.9,2.9,101,3.216,3.1,2.514,0.1,0.257,0.156,0.149,8.5,5.418,2.58,-0.4,
JT_8,21.8,7.9,8.1,2.1,102,2.447,2.394,2.003,0.043,0.083,0.045,0.036,5.7,5.451,0.98,-1,
JT_9,21.9,7.9,8.2,2.2,114,2.712,2.633,2.14,0.061,0.197,0.127,0.118,7.5,6.248,2.8,-0.07,
JT_10,21.9,7.7,8,2.1,162,1.435,1.356,0.83,0.065,0.52,0.496,0.49,6.8,11.13,5.2,1.12,
JT_11,21.1,7.8,8.2,2.3,103,3.457,3.264,2.746,0.076,0.297,0.182,0.163,9.6,5.434,3.23,-0.94,
JT_12,20.9,7.7,8.1,2.8,108,3.331,3.155,2.526,0.103,0.407,0.255,0.235,9.7,5.857,4.11,-0.88,
JT_13,23,7.5,7.9,2.6,65,3.143,2.905,2.357,0.09,0.438,0.274,0.254,8.8,6.367,4.94,-0.17,
JT_14,23.4,7.6,7.6,2.4,139,4.595,4.562,4.081,0.072,0.249,0.177,0.162,6.8,7.88,3.4,0.02,
JT_15,23.1,7.4,7.8,1.9,181,3.184,3.102,2.765,0.041,0.162,0.126,0.124,5.7,8.926,1.38,0.67,
JT_16,22.8,7.4,7.8,2,160,4.335,4.201,3.833,0.052,0.222,0.164,0.155,6.4,8.896,2.43,0.04,
JT_17,22.9,7.7,7.6,2.2,131,3.699,3.491,3.051,0.092,0.377,0.247,0.242,7.8,6.419,2.31,0.7,
JT_18,22.7,7.4,7.8,1.8,92,2.243,2.137,1.894,0.021,0.08,0.029,0.016,4.8,5.199,0.68,-0.98,
JT_19,23.3,8.2,7.5,1.8,143,2.283,2.208,1.848,0.036,0.126,0.075,0.066,6.4,4.853,1.41,0.14,
JT_20,23.2,7.5,7.5,1.2,79,2.306,2.212,1.943,0.024,0.071,0.043,0.036,5.6,4.477,-0.79,-0.12,
JT_21,21,7.3,7.3,2.9,122,2.267,2.166,1.643,0.125,0.385,0.303,0.3,7,5.781,7.07,2.43,
JT_22,19.9,7.2,7.3,1.2,100,2.282,2.253,1.965,0.071,0.111,0.087,0.051,3.9,4.545,3.02,-1.77,
JT_23,21.7,7.6,7.4,4,196,2.579,2.433,1.339,0.659,0.213,0.146,0.145,6.3,15.627,6.81,1.8,
JT_24,21,7.6,8.1,3,136,1.876,1.658,1.203,0.054,0.318,0.201,0.193,7.2,8.075,5.96,2.07,
JT_25,21.4,7.7,8.1,3.8,129,1.696,1.511,1.026,0.116,0.294,0.175,0.165,6.8,9.503,6.29,2.63,
JT_26,21.2,7.5,8.1,4.5,127,1.817,1.509,0.99,0.204,0.349,0.164,0.154,6.5,11.191,6.63,4.65,
JT_27,22.9,7.5,7.1,3.8,180,1.154,0.936,0.425,0.152,0.237,0.112,0.082,7.2,9.151,7.31,3.71,
JT_28,21.1,7.5,7.8,3.6,113,1.71,1.483,0.937,0.097,0.471,0.277,0.264,8.4,7.352,6.25,4.12,
JT_29,22.8,7.5,8,2.4,154,2.586,2.385,1.897,0.123,0.271,0.189,0.187,5.2,9.111,7.45,3.62,
JT_30,22.8,7.5,7.8,1.9,99,3.801,3.663,3.378,0.042,0.301,0.268,0.265,5.2,4.866,0.82,7.86,
