spot,temp,pH,DO,BOD,EC,TN,DTN,NO3N,NH3N,TP,DTP,PO4P,TOC,Cl,d15N,d18O,source,TN/TP,TOC/TN,Cl/TN,d15N/d18O,NH3N/NO3N,NO3N/Cl
JS-8,14.0,9.4,11.9,0.5,85.0,2.235,2.125,2.054333333,0.025,0.138,0.115,0.112,1.0,6.385,12.37,1.23,생활하수/처리수 영향,16.19565217391304,0.447427293064877,2.8568232662192394,10.05691056910569,0.012169398022419177,0.3217436700078309
JS-9,15.4,9.0,10.5,0.7,89.0,1.686,1.643,1.468,0.038,0.077,0.051,0.047,1.7,6.741666667,8.4,4.9,생활하수/처리수 영향,21.896103896103895,1.0083036773428233,3.998616053973903,1.7142857142857142,0.025885558583106268,0.2177503090127194
JS-11,15.6,8.2,10.6,1.3,104.0,2.233,2.082,1.843666667,0.068,0.167,0.11,0.108,1.7,7.500666667,8.77,6.38,생활하수/처리수 영향,13.37125748502994,0.7613076578593819,3.3590088074339453,1.3746081504702194,0.03688302295482137,0.24580037333366808
JS-13,14.5,8.5,10.7,1.1,103.0,1.977,1.924,1.709333333,0.037,0.115,0.083,0.08,1.8,7.277333333,9.17,3.61,생활하수/처리수 영향,17.191304347826087,0.9104704097116844,3.6809981451694482,2.5401662049861495,0.021645865838854497,0.2348845730686554
JS-14,13.7,9.1,11.3,1.4,125.0,1.876,1.82,1.574333333,0.04,0.052,0.03,0.024,2.4,9.060666667,6.52,2.88,토양-질소 기원,36.07692307692307,1.279317697228145,4.829779673240938,2.263888888888889,0.0254075799333914,0.1737546905608949
JS-15,14.3,7.2,10.1,1.3,104.0,1.74,1.671,1.445666667,0.024,0.079,0.052,0.048,1.9,7.499,8.77,3.77,생활하수/처리수 영향,22.025316455696203,1.0919540229885056,4.309770114942529,2.326259946949602,0.01660133732612374,0.19278125976796906
JS-17,14.5,7.3,9.9,1.1,107.0,1.786,1.676,1.477,0.018,0.07,0.047,0.044,2.0,7.682,8.71,4.45,생활하수/처리수 영향,25.514285714285712,1.1198208286674132,4.301231802911534,1.957303370786517,0.012186865267433986,0.19226763863577193
JS-19,15.8,7.5,10.3,1.3,120.0,1.694,1.615,1.434666667,0.016,0.069,0.043,0.039,2.2,7.887,8.2,3.53,생활하수/처리수 영향,24.550724637681157,1.298701298701299,4.6558441558441555,2.3229461756373935,0.011152416354286149,0.18190270914162546
JS-20,16.0,7.8,10.7,1.4,181.0,1.929,1.866,1.626,0.018,0.036,0.02,0.013,2.0,11.57133333,8.59,3.51,생활하수/처리수 영향,53.583333333333336,1.0368066355624677,5.998617589424572,2.4472934472934473,0.01107011070110701,0.14051967509953323
JS-21,16.6,7.9,11.1,1.8,152.0,2.075,1.976,1.697333333,0.078,0.071,0.041,0.038,2.6,10.875,8.75,4.05,생활하수/처리수 영향,29.225352112676063,1.2530120481927711,5.240963855421686,2.160493827160494,0.04595443834366741,0.15607662832183908
JS-23,16.0,8.2,10.7,2.0,182.0,3.57,3.514,3.103666667,0.116,0.204,0.158,0.155,2.9,12.046,6.54,12.27,토양-질소 기원,17.5,0.8123249299719888,3.3742296918767507,0.5330073349633252,0.03737514767077917,0.25765122588411093
JS-24,15.2,8.9,13.8,1.8,162.0,2.334,2.242,1.923,0.036,0.097,0.059,0.054,3.5,10.375,7.52,3.73,토양-질소 기원,24.061855670103093,1.4995715509854326,4.44515852613539,2.0160857908847185,0.018720748829953195,0.18534939759036145
JS-25,15.8,8.4,12.0,1.7,158.0,2.278,2.232,1.914666667,0.061,0.089,0.055,0.049,2.8,10.67166667,7.69,4.36,토양-질소 기원,25.59550561797753,1.2291483757682176,4.684664912203687,1.7637614678899083,0.031859331470776575,0.17941589877263286
JS-26,14.1,7.3,11.7,1.1,155.0,1.492,1.427,1.167,0.013,0.04,0.019,0.012,3.0,10.69366667,8.29,2.86,생활하수/처리수 영향,37.3,2.0107238605898123,7.167336910187668,2.8986013986013983,0.011139674378748929,0.10913001461639911
JS-27,18.2,9.3,12.3,1.8,155.0,2.415,2.341,2.040333333,0.045,0.185,0.15,0.148,2.6,10.392,6.91,5.44,토양-질소 기원,13.054054054054054,1.0766045548654244,4.303105590062112,1.2702205882352942,0.02205521973894057,0.1963369258083141
JS-28,15.3,8.6,14.7,1.0,235.0,4.085,4.026,3.882,0.025,0.048,0.033,0.026,2.3,15.652,8.3,3.67,생활하수/처리수 영향,85.10416666666666,0.5630354957160343,3.831578947368421,2.26158038147139,0.006439979392065946,0.2480194224380271
JS-29,14.7,7.8,10.9,1.9,145.0,2.162,2.141,1.821666667,0.029,0.08,0.044,0.036,3.0,10.05566667,7.02,4.09,토양-질소 기원,27.025,1.387604070305273,4.651094666975023,1.7163814180929096,0.01591948764576039,0.18115821921929318
JS-30,12.3,7.3,10.4,0.6,152.0,2.887,2.881,2.768333333,0.012,0.025,0.014,0.009,1.5,10.09466667,9.19,2.41,생활하수/처리수 영향,115.47999999999999,0.5195704883962591,3.4965939279528926,3.813278008298755,0.004334738110094489,0.2742372208511963
JS-31,15.3,7.4,10.0,1.2,156.0,2.207,2.164,1.898333333,0.031,0.075,0.049,0.045,2.4,10.34766667,7.59,5.01,토양-질소 기원,29.426666666666666,1.0874490258269145,4.688566683280472,1.5149700598802396,0.016330114138073767,0.18345520720179906
JS-32,13.7,7.3,8.2,1.5,196.0,2.498,2.445,2.124666667,0.051,0.074,0.047,0.042,2.9,15.446,9.95,3.7,생활하수/처리수 영향,33.75675675675676,1.1609287429943953,6.183346677341873,2.689189189189189,0.024003765292751212,0.1375544909361647
JS-33,15.6,7.2,9.6,3.3,271.0,3.05,2.997,2.149333333,0.447,0.117,0.052,0.047,3.6,28.462,10.21,2.8,생활하수/처리수 영향,26.068376068376065,1.1803278688524592,9.331803278688525,3.646428571428572,0.20797146405210476,0.07551589252336449
JS-34,14.5,7.8,9.7,1.5,154.0,2.23,2.155,1.889666667,0.035,0.068,0.041,0.035,2.6,10.69966667,7.58,4.32,토양-질소 기원,32.79411764705882,1.1659192825112108,4.798056802690582,1.7546296296296295,0.01852178514402509,0.17660986321174807
JS-35,14.2,7.6,7.4,2.0,333.0,4.36,4.301,3.714333333,0.088,0.146,0.095,0.09,4.9,26.26333333,12.01,5.67,생활하수/처리수 영향,29.86301369863014,1.1238532110091743,6.023700305045871,2.1181657848324513,0.023692003950793503,0.14142657698203157
JS-36,15.1,8.5,10.8,1.6,240.0,2.437,2.364,2.045,0.034,0.094,0.053,0.044,3.0,12.32533333,8.58,4.87,생활하수/처리수 영향,25.925531914893615,1.2310217480508823,5.057584460402134,1.7618069815195072,0.01662591687041565,0.16591843362340936
JS-1,16.0,6.6,10.4,1.3,105.0,0.941,0.883,0.711,0.023,0.022,0.015,0.004,1.5,9.155,3.78,2.01,토양-질소 기원,42.77272727272727,1.5940488841657812,9.729011689691816,1.8805970149253732,0.03234880450070324,0.07766247951938832
JS-2,16.7,6.7,10.1,1.3,72.0,0.946,0.915,0.752,0.022,0.023,0.012,0.003,1.6,4.715,4.27,2.37,토양-질소 기원,41.130434782608695,1.6913319238900637,4.984143763213531,1.80168776371308,0.029255319148936167,0.15949098621420998
JS-3,16.4,6.2,10.6,1.3,87.0,0.99,0.923,0.761,0.028,0.024,0.013,0.003,1.6,6.377,4.5,2.29,토양-질소 기원,41.25,1.6161616161616164,6.441414141414141,1.965065502183406,0.03679369250985545,0.11933511055355184
JS-4,16.4,6.5,10.4,1.1,63.0,0.673,0.638,0.497,0.029,0.02,0.012,0.0,1.8,4.254,2.41,2.35,토양-질소 기원,33.65,2.674591381872214,6.3209509658246645,1.025531914893617,0.05835010060362173,0.11683121767748003
JS-5,16.9,6.3,9.8,1.3,83.0,0.982,0.909,0.722,0.052,0.031,0.019,0.005,2.0,6.103,4.56,2.99,토양-질소 기원,31.677419354838708,2.0366598778004072,6.214867617107942,1.5250836120401334,0.07202216066481994,0.11830247419301983
JS-6,17.0,6.5,10.5,1.7,90.0,1.052,1.001,0.815,0.03,0.038,0.025,0.012,1.7,5.926,5.95,2.46,토양-질소 기원,27.68421052631579,1.6159695817490494,5.633079847908745,2.41869918699187,0.03680981595092025,0.13752953088086398
JS-7,16.9,6.2,9.5,1.3,85.0,1.059,0.98,0.782,0.045,0.036,0.022,0.007,2.2,6.095,5.22,3.37,토양-질소 기원,29.416666666666668,2.0774315391879132,5.755429650613786,1.5489614243323442,0.05754475703324808,0.12830188679245283
JS-10,16.9,7.6,11.4,1.4,96.0,0.945,0.872,0.676,0.035,0.094,0.079,0.073,2.0,8.802,7.47,1.41,토양-질소 기원,10.053191489361701,2.1164021164021167,9.314285714285715,5.297872340425532,0.051775147928994084,0.07680072710747558
JS-12,16.9,8.1,9.7,0.9,116.0,1.514,1.511,1.323,0.012,0.016,0.009,0.002,1.2,5.648,6.71,1.62,토양-질소 기원,94.625,0.7926023778071334,3.7305151915455745,4.141975308641975,0.009070294784580499,0.23424220963172804
JS-14,18.0,7.5,10.1,1.6,128.0,1.649,1.631,1.247,0.05,0.063,0.043,0.028,3.1,8.932,6.86,2.61,토양-질소 기원,26.174603174603174,1.879927228623408,5.416616130988478,2.6283524904214564,0.040096230954290296,0.13961038961038963
JS-18,15.7,7.1,9.0,0.7,180.0,1.328,1.31,1.124,0.022,0.024,0.015,0.008,1.9,6.813,5.64,1.22,토양-질소 기원,55.333333333333336,1.4307228915662649,5.130271084337349,4.622950819672131,0.0195729537366548,0.16497871715837373
JS-22,17.0,7.6,10.3,0.9,232.0,1.834,1.758,1.272,0.142,0.03,0.02,0.008,2.5,23.107,13.1,1.02,생활하수/처리수 영향,61.13333333333334,1.3631406761177753,12.599236641221372,12.84313725490196,0.11163522012578615,0.05504825377591206
JS-30,13.9,5.6,6.4,0.4,179.0,2.088,2.084,1.855,0.018,0.031,0.017,0.015,1.5,10.669,14.01,3.85,생활하수/처리수 영향,67.35483870967742,0.7183908045977011,5.109674329501916,3.638961038961039,0.009703504043126684,0.17386821632767832
JS-20B,18.0,7.0,8.2,13.3,350.0,8.271,7.645,4.11,2.179,0.289,0.099,0.068,11.6,43.034,9.77,-1.17,생활하수/처리수 영향,28.619377162629764,1.4024906299117397,5.202998428243259,-8.350427350427351,0.5301703163017031,0.0955058790723614
JS-27(N),19.5,7.4,11.1,1.9,210.0,2.429,2.413,1.917,0.089,0.112,0.103,0.092,3.3,14.104,9.0,5.53,생활하수/처리수 영향,21.687499999999996,1.3585837793330588,5.806504734458625,1.6274864376130198,0.04642670839853938,0.13591888825865003
JS-1,14.8,7.7,10.1,1.6,96.0,1.215,1.169,1.0335,0.0195,0.045,0.0265,0.017,2.05,8.07,3.3,2.48,토양-질소 기원,27.000000000000004,1.6872427983539091,6.6419753086419755,1.3306451612903225,0.018867924528301886,0.12806691449814128
JS-2,16.1,7.3,9.7,1.7,67.0,1.272,1.2105,1.054,0.026,0.041,0.0165,0.0065,2.5,4.319,3.52,3.04,토양-질소 기원,31.024390243902438,1.9654088050314464,3.3954402515723268,1.1578947368421053,0.024667931688804552,0.24403797175272054
JS-3,15.5,6.9,10.0,1.5,75.0,1.277,1.1815,1.0505,0.033,0.044,0.016,0.008,2.4,5.5035,3.61,2.16,토양-질소 기원,29.022727272727273,1.879404855129209,4.309710258418168,1.671296296296296,0.031413612565445025,0.1908785318433724
JS-4,14.3,7.0,10.2,1.5,56.0,0.902,0.8845,0.7505,0.028,0.035,0.0145,0.008,2.0,3.9415,1.81,2.22,토양-질소 기원,25.77142857142857,2.2172949002217295,4.369733924611973,0.8153153153153153,0.03730846102598268,0.19040974248382594
JS-5,15.0,6.8,10.0,1.6,72.0,1.238,1.151,1.013,0.0265,0.056,0.017,0.008,2.4,5.265,3.85,2.26,토양-질소 기원,22.107142857142858,1.938610662358643,4.252827140549273,1.7035398230088497,0.026159921026653505,0.19240265906932572
JS-6,15.3,6.9,10.0,1.9,82.0,1.538,1.4595,1.2095,0.0785,0.072,0.0355,0.024,2.6,5.506,4.38,2.24,토양-질소 기원,21.361111111111114,1.6905071521456436,3.5799739921976594,1.9553571428571426,0.0649028524183547,0.2196694515074464
JS-7,14.9,6.7,10.0,1.3,75.0,1.295,1.2185,1.0905,0.0265,0.046,0.0205,0.011,2.2,5.4945,3.64,1.17,토양-질소 기원,28.152173913043477,1.698841698841699,4.242857142857144,3.1111111111111116,0.024300779458963778,0.19847119847119846
JS-8,15.2,7.7,10.2,1.1,82.0,1.923,1.8735,1.7475,0.0275,0.0965,0.081,0.079,1.3,6.0545,8.39,1.86,생활하수/처리수 영향,19.927461139896373,0.6760270410816432,3.1484659386375453,4.510752688172043,0.015736766809728183,0.28862829300520276
JS-9,15.7,7.4,10.2,1.5,81.0,1.62,1.495,1.3585,0.033,0.069,0.0415,0.036,2.1,5.779,5.99,1.63,토양-질소 기원,23.47826086956522,1.2962962962962963,3.5672839506172838,3.6748466257668717,0.024291497975708502,0.2350752725385015
JS-10,15.9,7.3,10.1,1.7,84.0,1.322,1.258,1.054,0.042,0.1325,0.1145,0.1075,2.4,7.6265,6.11,1.21,토양-질소 기원,9.977358490566038,1.815431164901664,5.768910741301059,5.049586776859504,0.03984819734345351,0.1382023208549138
JS-11,16.1,7.3,10.0,1.9,87.0,1.8785,1.723,1.5515,0.0505,0.1365,0.1035,0.1015,2.3,6.1515,8.26,1.58,생활하수/처리수 영향,13.761904761904761,1.2243811551770027,3.274687250465797,5.227848101265822,0.03254914598775379,0.2522149069332683
JS-12,16.8,7.3,9.6,1.2,94.0,2.0415,1.975,1.8055,0.019,0.0365,0.011,0.005,1.8,5.444,6.84,2.23,토양-질소 기원,55.93150684931508,0.881704628949302,2.6666666666666665,3.0672645739910314,0.010523400720022153,0.3316495224099927
JS-13,16.3,7.4,10.0,0.8,88.0,1.7505,1.673,1.5135,0.0375,0.071,0.0435,0.038,2.15,5.9805,6.5,1.95,토양-질소 기원,24.65492957746479,1.228220508426164,3.4164524421593834,3.3333333333333335,0.024777006937561942,0.25307248557812895
JS-14,17.0,7.4,10.0,0.9,114.0,2.333,2.1585,1.9815,0.0365,0.0795,0.056,0.047,3.0,7.519,5.18,2.31,토양-질소 기원,29.345911949685537,1.2858979854264894,3.2228889841405914,2.242424242424242,0.018420388594499116,0.2635323846256151
JS-15,16.1,7.1,9.9,1.0,99.0,1.878,1.7485,1.58,0.0485,0.074,0.047,0.0425,2.3,6.135,6.0,1.41,토양-질소 기원,25.37837837837838,1.2247071352502663,3.2667731629392973,4.25531914893617,0.03069620253164557,0.2575387123064385
JS-16,16.7,7.0,9.0,1.3,107.0,2.9265,2.699,2.454,0.037,0.0975,0.062,0.0495,4.55,9.322,7.27,1.99,토양-질소 기원,30.015384615384612,1.5547582436357423,3.185375021356569,3.6532663316582914,0.015077424612876934,0.2632482299935637
JS-17,16.0,7.2,9.9,1.0,119.0,1.941,1.831,1.6695,0.0425,0.0765,0.0505,0.0445,2.6,6.4095,6.14,1.89,토양-질소 기원,25.372549019607845,1.3395157135497167,3.3021638330757344,3.248677248677249,0.02545672356993112,0.2604727357828224
JS-18,18.0,6.9,9.0,1.0,190.0,1.225,1.129,0.9885,0.033,0.0325,0.013,0.0035,2.45,6.4025,5.11,2.8,토양-질소 기원,37.69230769230769,2.0,5.226530612244898,1.8250000000000002,0.03338391502276176,0.1543928153065209
JS-19,16.1,7.1,9.8,0.9,109.0,1.8375,1.705,1.545,0.0395,0.0715,0.0425,0.038,2.5,6.2245,5.9,1.97,토양-질소 기원,25.6993006993007,1.3605442176870748,3.387482993197279,2.9949238578680206,0.0255663430420712,0.2482127078480199
JS-20,16.3,7.1,10.0,1.2,156.0,2.3075,2.148,1.894,0.066,0.091,0.0585,0.0515,2.95,9.0535,6.79,2.69,토양-질소 기원,25.357142857142858,1.2784398699891657,3.9235102925243766,2.5241635687732344,0.03484688489968321,0.20920086154525874
JS-21,16.5,7.2,9.7,1.5,131.0,2.1985,1.9995,1.75,0.1,0.0965,0.053,0.046,2.95,7.925,6.79,2.49,토양-질소 기원,22.78238341968912,1.3418239708892428,3.6047304980668633,2.726907630522088,0.05714285714285715,0.22082018927444796
JS-22,15.9,7.2,10.3,1.6,145.0,2.4955,2.36,2.2445,0.0135,0.0455,0.0295,0.0245,2.4,12.603,5.7,-0.68,토양-질소 기원,54.84615384615385,0.9617311160088159,5.050290522941294,-8.382352941176471,0.00601470260637113,0.1780925176545267
JS-23,16.4,7.5,9.8,1.9,118.0,2.092,1.916,1.715,0.0635,0.088,0.0515,0.045,3.0,7.513,6.38,2.35,토양-질소 기원,23.772727272727273,1.4340344168260037,3.5913001912045885,2.7148936170212763,0.03702623906705539,0.2282709969386397
JS-24,17.1,7.3,9.8,2.3,150.0,2.3765,2.1875,1.848,0.0995,0.119,0.085,0.0805,4.15,8.8695,6.94,3.07,토양-질소 기원,19.97058823529412,1.746265516515885,3.732169156322323,2.260586319218241,0.053841991341991344,0.20835447319465583
JS-25,16.3,7.2,9.7,1.8,123.0,2.2115,2.0405,1.774,0.0755,0.1015,0.062,0.0535,3.3,7.851,6.37,2.46,토양-질소 기원,21.788177339901477,1.4921998643454668,3.550079131810988,2.589430894308943,0.04255918827508455,0.22595847662718124
JS-26,17.0,7.3,9.4,2.5,148.0,2.2235,1.9855,1.7365,0.0275,0.0895,0.049,0.0355,4.55,9.4835,7.54,2.41,토양-질소 기원,24.843575418994416,2.046323364065662,4.265122554531144,3.128630705394191,0.015836452634609848,0.18310750250434968
JS-27,18.6,7.9,10.7,1.8,147.0,3.867,3.7225,3.3975,0.044,0.312,0.303,0.295,5.25,9.4085,6.09,2.36,토양-질소 기원,12.39423076923077,1.3576415826221877,2.4330230152573056,2.580508474576271,0.012950699043414275,0.3611096349046075
JS-28,16.5,6.9,10.1,1.4,207.0,3.8155,3.649,3.4835,0.0275,0.0925,0.066,0.058,3.3,12.5825,6.6,2.39,토양-질소 기원,41.24864864864865,0.8648931987943912,3.297732931463766,2.7615062761506275,0.00789435912157313,0.27685277170673556
JS-29,17.1,7.0,9.0,1.8,111.0,2.14,1.9655,1.728,0.0825,0.0855,0.054,0.046,3.1,7.319,5.52,2.68,토양-질소 기원,25.029239766081872,1.4485981308411215,3.420093457943925,2.059701492537313,0.04774305555555556,0.23609782757207268
JS-30,16.1,7.3,9.4,1.9,133.0,2.9225,2.705,2.6195,0.02,0.0665,0.044,0.0385,3.05,7.9255,7.38,1.66,토양-질소 기원,43.94736842105263,1.0436270316509837,2.711890504704876,4.445783132530121,0.007635044855888529,0.3305154248943284
JS-31,16.7,6.7,9.3,2.0,126.0,2.24,2.022,1.8505,0.0795,0.091,0.0515,0.0465,3.05,7.5585,6.05,2.9,토양-질소 기원,24.615384615384617,1.3616071428571426,3.374330357142857,2.086206896551724,0.0429613617941097,0.24482370840775286
JS-32,15.8,6.5,8.7,2.4,153.0,2.6805,2.4795,2.1645,0.114,0.16,0.116,0.1145,3.9,10.244,7.74,3.22,토양-질소 기원,16.753124999999997,1.4549524342473419,3.821675060623018,2.403726708074534,0.052668052668052676,0.2112944162436548
JS-33,17.4,6.5,9.4,2.7,215.0,2.974,2.633,2.0625,0.2495,0.1675,0.0685,0.059,4.7,19.0315,8.07,2.42,생활하수/처리수 영향,17.755223880597015,1.5803631472763955,6.399293880295898,3.334710743801653,0.12096969696969696,0.10837296061792291
JS-34,17.0,6.5,9.5,1.7,126.0,2.2425,2.036,1.847,0.065,0.0925,0.056,0.047,3.25,7.6335,6.09,2.94,토양-질소 기원,24.243243243243246,1.4492753623188406,3.4040133779264212,2.0714285714285716,0.03519220357336221,0.2419597825374992
JS-35,19.9,7.9,9.7,2.9,163.0,2.262,1.985,1.6175,0.07,0.191,0.1055,0.094,5.2,10.0415,7.3,3.37,토양-질소 기원,11.842931937172775,2.2988505747126435,4.439213085764809,2.166172106824926,0.04327666151468316,0.16108151172633572
JS-36,17.5,7.1,9.4,1.9,131.0,2.3185,2.0855,1.8785,0.0805,0.1035,0.0575,0.052,3.3,8.1045,6.22,2.95,토양-질소 기원,22.400966183574877,1.4233340521889153,3.4955790381712317,2.108474576271186,0.042853340431195104,0.23178481090752054
JS-20B,17.6,6.9,8.5,12.1,313.0,9.9175,8.0695,3.928,3.587,0.8,0.2855,0.272,14.36666667,33.9405,11.48,0.36,생활하수/처리수 영향,12.396875,1.4486177635492816,3.422283841693975,31.888888888888893,0.9131873727087577,0.11573194266436852
JS-16U,22.0,7.2,7.6,0.099,262.0,0.42867,1.178,0.47,0.0046274629136778215,0.01584,0.039,0.032,0.99,20.737,9.83,-1.54,생활하수/처리수 영향,2.7320192307692306,0.4429530201342282,0.6579072818718565,-6.383116883116883,0.0028979914595509745,0.022664802044654483
JS-16S,22.1,6.9,6.9,0.099,211.0,0.42867,2.499,0.82,0.005127859660629074,0.01584,0.488,0.438,0.99,18.175,13.13,3.23,생활하수/처리수 영향,2.7320192307692306,0.4429530201342282,0.6579072818718565,4.065015479876161,0.0032337506877024957,0.04511691884456671
JS-20B,21.4,7.4,7.8,12.8,352.0,7.441,6.326,3.641,1.996,0.429,0.115,0.103,8.9,40.943,-0.7821,-3.6729,화학비료(농경지),17.344988344988344,1.196075796263943,5.502351834430856,-1060.29,0.5482010436693217,0.08892851036807269
GW-1,12.177000000000001,5.544,3.069,0.099,55.44,0.42867,22.006,21.282,0.005589487104158224,0.01584,0.112,0.109,0.99,39.961,6.83,3.8,토양-질소 기원,2.7320192307692306,0.4429530201342282,0.6579072818718565,1.7973684210526317,0.0035454755302201874,0.532569255023648
JS-1,23.1,7.6,8.5,3.1,203.0,2.637,2.628,0.788,1.464,0.39,0.297,0.284,5.4,17.975,3.98,-0.49,토양-질소 기원,6.7615384615384615,2.0477815699658706,6.816458096321578,-8.122448979591837,1.8578680203045683,0.04383866481223922
JS-2,23.6,7.3,7.2,1.2,99.0,1.027,0.89,0.62,0.038,0.065,0.027,0.014,3.4,6.001,7.05,2.16,토양-질소 기원,15.799999999999999,3.3106134371957157,5.843232716650439,3.2638888888888884,0.06129032258064516,0.10331611398100315
JS-3,23.4,7.2,9.5,1.8,124.0,1.202,1.041,0.638,0.081,0.083,0.039,0.026,4.1,9.358,7.81,2.87,토양-질소 기원,14.481927710843372,3.4109816971713807,7.785357737104826,2.7212543554006965,0.12695924764890282,0.06817696088907886
JS-4,22.3,7.3,8.3,1.5,97.0,1.146,1.023,0.614,0.077,0.067,0.035,0.022,4.0,6.191,7.62,0.31,토양-질소 기원,17.104477611940297,3.490401396160559,5.402268760907504,24.580645161290324,0.1254071661237785,0.09917622355031497
JS-5,23.9,7.1,7.2,1.5,129.0,1.486,1.385,0.868,0.157,0.088,0.049,0.04,4.0,9.617,7.23,4.27,토양-질소 기원,16.886363636363637,2.6917900403768504,6.471736204576044,1.6932084309133493,0.18087557603686635,0.09025683685140895
JS-6,24.9,7.3,7.9,3.9,134.0,1.85,1.719,0.647,0.42,0.095,0.039,0.02,6.7,8.333,5.52,-1.41,토양-질소 기원,19.473684210526315,3.6216216216216215,4.504324324324324,-3.9148936170212765,0.6491499227202473,0.07764310572422897
JS-7,24.0,7.1,6.9,1.5,128.0,1.551,1.41,0.892,0.08,0.064,0.031,0.019,4.2,9.595,7.76,2.1,토양-질소 기원,24.234375,2.7079303675048356,6.186331399097357,3.695238095238095,0.08968609865470852,0.09296508598228244
JS-8,23.7,6.6,5.7,1.3,175.0,2.595,2.532,1.927,0.104,0.153,0.108,0.104,4.7,12.201,9.16,13.54,생활하수/처리수 영향,16.96078431372549,1.8111753371868977,4.701734104046243,0.6765140324963073,0.05396990140114167,0.1579378739447586
JS-9,25.8,8.3,12.5,4.5,133.0,1.553,1.177,0.737,0.039,0.106,0.023,0.004,5.8,10.811,9.05,7.58,생활하수/처리수 영향,14.650943396226415,3.734707018673535,6.961365099806826,1.1939313984168867,0.052917232021709636,0.06817130700212747
JS-10,25.5,7.5,8.7,2.3,235.0,2.036,1.889,1.132,0.156,0.146,0.094,0.087,5.9,24.848,11.99,4.31,생활하수/처리수 영향,13.945205479452056,2.8978388998035363,12.204322200392927,2.7819025522041767,0.13780918727915195,0.04555698647778493
JS-11,25.5,7.3,8.3,2.6,174.0,2.899,2.688,1.961,0.071,0.195,0.114,0.109,6.5,12.449,5.98,9.96,토양-질소 기원,14.866666666666667,2.242152466367713,4.294239392894101,0.6004016064257028,0.036206017338092804,0.15752269258574986
JS-12,23.9,7.5,8.7,1.2,109.0,1.097,0.993,0.773,0.019,0.033,0.008,0.002,2.6,5.788,5.91,4.4,토양-질소 기원,33.24242424242424,2.3701002734731085,5.276207839562443,1.343181818181818,0.024579560155239325,0.1335521769177609
JS-13,24.7,7.4,9.5,1.2,146.0,1.852,1.757,1.267,0.053,0.114,0.082,0.078,4.2,9.723,7.97,6.34,토양-질소 기원,16.24561403508772,2.2678185745140387,5.25,1.2570977917981072,0.041831097079715863,0.13030957523398126
JS-14,25.0,7.2,7.1,4.0,274.0,2.823,2.59,0.709,0.55,0.422,0.258,0.22,13.5,22.032,8.32,3.18,생활하수/처리수 영향,6.68957345971564,4.782146652497343,7.804463336875664,2.6163522012578615,0.7757404795486602,0.03218046477850399
JS-15,24.8,7.1,7.4,3.3,235.0,2.487,2.3,1.272,0.222,0.241,0.15,0.132,8.4,16.137,8.88,7.56,생활하수/처리수 영향,10.319502074688797,3.3775633293124248,6.48854041013269,1.1746031746031749,0.17452830188679244,0.07882506042015244
JS-16,24.7,7.1,7.4,3.5,245.0,1.878,1.723,0.5,0.162,0.175,0.104,0.073,10.5,18.211,6.38,1.42,내생부하(정체수역 유기물 축적),10.731428571428571,5.5910543130990416,9.697018104366347,4.492957746478873,0.324,0.027455933227170395
JS-17,24.7,7.1,6.9,3.3,215.0,2.548,2.199,1.209,0.175,0.271,0.164,0.146,8.9,16.762,9.25,5.33,생활하수/처리수 영향,9.402214022140221,3.4929356357927785,6.578492935635793,1.7354596622889304,0.14474772539288666,0.07212743109414152
JS-18,20.0,7.2,7.7,0.5,237.0,0.942,0.839,0.691,0.036,0.028,0.01,0.007,1.8,7.748,8.56,2.98,생활하수/처리수 영향,33.64285714285714,1.9108280254777072,8.225053078556265,2.8724832214765104,0.05209840810419682,0.08918430562725864
JS-19,27.2,8.1,9.7,4.3,212.0,1.772,1.426,0.755,0.036,0.155,0.058,0.039,7.6,14.92,10.05,6.47,생활하수/처리수 영향,11.432258064516128,4.288939051918736,8.419864559819413,1.5533230293663063,0.04768211920529801,0.05060321715817694
JS-20,27.4,7.5,8.2,2.2,300.0,2.258,2.05,1.297,0.111,0.15,0.079,0.069,6.3,20.54,5.16,10.28,토양-질소 기원,15.053333333333335,2.7900797165633304,9.096545615589017,0.5019455252918288,0.08558211256746338,0.06314508276533592
JS-21,27.2,7.5,8.6,2.7,274.0,2.843,2.594,1.724,0.211,0.152,0.082,0.07,6.7,23.191,9.02,2.76,생활하수/처리수 영향,18.70394736842105,2.3566654941962715,8.15722827998593,3.268115942028986,0.12238979118329466,0.07433918330386788
JS-23,27.1,8.5,9.2,4.2,265.0,2.631,2.266,1.413,0.055,0.235,0.113,0.099,8.8,21.857,8.26,5.61,생활하수/처리수 영향,11.195744680851064,3.3447358418852153,8.307487647282402,1.4723707664884134,0.0389242745930644,0.0646474813560873
JS-24,27.1,7.7,8.8,3.2,294.0,2.604,2.423,1.017,0.112,0.172,0.116,0.09,11.5,23.463,7.89,0.1,토양-질소 기원,15.139534883720932,4.416282642089094,9.01036866359447,78.89999999999999,0.11012782694198625,0.043344840813195236
JS-25,25.7,7.8,7.8,4.1,273.0,2.496,2.125,1.26,0.027,0.232,0.102,0.087,9.2,22.177,8.49,5.03,생활하수/처리수 영향,10.758620689655173,3.6858974358974357,8.885016025641026,1.687872763419483,0.02142857142857143,0.05681561978626505
JS-26,24.6,7.5,7.8,5.8,295.0,3.501,3.133,0.759,0.705,0.611,0.315,0.244,17.1,26.889,8.32,2.76,생활하수/처리수 영향,5.729950900163666,4.884318766066839,7.680377035132819,3.014492753623189,0.9288537549407114,0.028227156086131876
JS-27,26.0,7.4,8.6,3.2,286.0,2.924,2.615,1.688,0.082,0.239,0.155,0.142,9.0,22.591,7.37,8.71,토양-질소 기원,12.234309623430963,3.0779753761969904,7.726060191518468,0.846153846153846,0.0485781990521327,0.0747200212473994
JS-28,25.5,7.0,7.9,4.8,238.0,3.722,3.465,0.945,0.616,0.149,0.056,0.033,9.5,18.575,4.73,1.03,토양-질소 기원,24.979865771812083,2.5523911875335843,4.990596453519613,4.592233009708738,0.6518518518518519,0.05087483176312248
JS-29,27.7,9.1,13.1,4.8,254.0,1.964,1.544,0.797,0.026,0.123,0.045,0.024,8.0,20.748,11.11,8.88,탈질작용(기원변형),15.967479674796747,4.0733197556008145,10.564154786150713,1.251126126126126,0.03262233375156838,0.038413341044919995
JS-30,22.3,7.1,7.1,1.3,179.0,0.433,0.238,0.122,0.012,0.05,0.018,0.015,2.6,11.715,9.15,5.78,생활하수/처리수 영향,8.66,6.004618937644342,27.0554272517321,1.5830449826989619,0.09836065573770492,0.010413999146393512
JS-31,28.0,9.1,13.0,6.2,256.0,1.963,1.454,0.753,0.03,0.149,0.047,0.032,8.4,20.995,11.59,8.86,탈질작용(기원변형),13.174496644295303,4.279164544065206,10.695364238410596,1.3081264108352144,0.0398406374501992,0.035865682305310786
JS-32,26.4,7.3,3.1,3.2,285.0,2.111,1.795,0.342,0.74,0.328,0.132,0.128,7.7,20.811,12.06,4.85,생활하수/처리수 영향,6.435975609756098,3.6475603979156794,9.85836096636665,2.4865979381443304,2.1637426900584793,0.01643361683724953
JS-33,27.0,8.0,8.4,4.4,315.0,2.706,2.262,1.378,0.081,0.159,0.055,0.039,9.2,37.981,9.63,2.5,생활하수/처리수 영향,17.0188679245283,3.399852180339985,14.035846267553586,3.8520000000000003,0.05878084179970973,0.03628129854400884
JS-34,27.3,9.1,12.9,5.8,271.0,2.267,1.658,0.902,0.047,0.161,0.041,0.021,8.8,23.801,11.8,8.14,탈질작용(기원변형),14.080745341614906,3.8817820908689904,10.498897220996913,1.4496314496314495,0.052106430155210645,0.03789756732910382
JS-35,25.0,7.4,6.9,2.6,281.0,2.358,2.032,1.18,0.053,0.168,0.086,0.075,9.3,25.395,8.84,3.22,생활하수/처리수 영향,14.035714285714285,3.944020356234097,10.76972010178117,2.745341614906832,0.044915254237288135,0.04646583973223075
JS-36,25.5,7.5,8.0,2.6,285.0,2.617,2.177,1.465,0.03,0.186,0.086,0.08,8.9,25.149,10.72,4.22,생활하수/처리수 영향,14.06989247311828,3.400840657241116,9.609858616736721,2.540284360189574,0.020477815699658702,0.05825281323313054
JS-20B,23.5,7.3,7.3,11.2,365.0,6.787,6.013,3.526,1.925,0.423,0.123,0.098,10.0,44.474,8.12,-0.73,생활하수/처리수 영향,16.044917257683217,1.4734050390452336,6.552821570649771,-11.123287671232877,0.5459444129325015,0.07928227728560508
JS-22B,24.2,7.5,8.1,0.1,473.0,2.022,1.793,1.336,0.043,0.042,0.014,0.003,3.5,73.1,21.7,4.57,축산분뇨(직접유출),48.14285714285713,1.7309594460929774,36.15232443125618,4.7483588621444195,0.03218562874251497,0.018276333789329687
JS-26S,26.1,7.8,7.3,0.099,558.0,0.4162481958051974,6.843,0.442,0.002588136741207186,0.011494861269980812,0.913,0.707,0.8655391916861593,56.443,5.11,4.53,토양-질소 기원,2.7320192307692306,0.37772854716747273,0.6579072818718565,1.1280353200883002,0.0015583759045846514,0.007830909058696385
JS-35B,12.177000000000001,5.544,3.069,18.1,44.65181576490933,13.017,11.968,4.731,6.573,0.885,0.494,0.49,17.6,70.017,-0.7821,-3.6729,화학비료(농경지),14.708474576271186,1.3520780517784436,5.378889144964277,-1060.29,1.3893468611287256,0.0675693045974549
GW-2,12.177000000000001,5.544,3.069,0.099,49.84794135256937,0.42867,23.439,23.021,0.00342270848531038,0.013824083498052388,0.53,0.526,0.9876145834034732,43.309,-0.7821,-3.6729,토양-질소 기원,2.7320192307692306,0.43467558893730146,0.6579072818718565,-1060.29,0.002100221743117834,0.5315523332332772
GW-3,12.177000000000001,5.544,3.069,0.099,55.44,0.42867,19.186,0.12078,0.004070795578323531,0.015500759282814842,0.006,0.003,0.99,2.009370074140322,-0.7821,-3.6729,토양-질소 기원,2.7320192307692306,0.4429530201342282,0.6579072818718565,-1060.29,0.002527367530742971,0.006804961181594395
JS-3,23.8,7.4,9.4,1.0,126.0,1.192,1.049,0.744,0.066,0.078,0.038,0.028,3.4,9.049,7.43,2.73,토양-질소 기원,15.282051282051281,2.8523489932885906,7.591442953020134,2.7216117216117217,0.08870967741935484,0.08221902972704166
JS-5,22.8,7.2,7.8,1.1,126.0,1.326,1.18,0.821,0.124,0.102,0.061,0.055,3.7,8.915,7.01,3.91,토양-질소 기원,13.000000000000002,2.7903469079939667,6.7232277526395166,1.7928388746803068,0.1510353227771011,0.09209197980931015
JS-7,23.2,7.1,8.2,1.0,116.0,1.136,1.044,0.712,0.065,0.071,0.043,0.032,3.5,7.92,7.7,2.04,토양-질소 기원,16.0,3.080985915492958,6.971830985915494,3.7745098039215685,0.09129213483146068,0.0898989898989899
JS-9,24.6,6.9,7.4,1.2,122.0,1.584,1.418,0.932,0.179,0.132,0.089,0.08,4.2,8.236,8.81,4.87,생활하수/처리수 영향,12.0,2.6515151515151514,5.19949494949495,1.809034907597536,0.19206008583690987,0.1131617289946576
JS-10,23.4,7.1,8.7,2.2,223.0,2.309,2.129,1.11,0.419,0.182,0.11,0.104,6.6,18.408,10.86,1.1,생활하수/처리수 영향,12.686813186813188,2.8583802511909915,7.972282373321784,9.872727272727271,0.37747747747747745,0.06029986962190352
JS-11,24.0,7.2,7.5,1.6,150.0,2.404,2.198,1.555,0.196,0.236,0.151,0.145,5.1,9.449,7.56,5.75,토양-질소 기원,10.186440677966102,2.1214642262895174,3.930532445923461,1.314782608695652,0.12604501607717042,0.16456767911948353
JS-12,24.0,7.3,8.6,0.7,201.0,1.234,1.134,0.921,0.073,0.042,0.022,0.015,2.2,7.29,8.78,2.46,생활하수/처리수 영향,29.38095238095238,1.7828200972447328,5.907617504051864,3.5691056910569103,0.07926167209554831,0.12633744855967077
JS-13,24.3,7.3,8.8,1.0,149.0,2.008,1.883,1.404,0.088,0.168,0.131,0.128,4.6,9.193,9.63,3.12,생활하수/처리수 영향,11.952380952380953,2.290836653386454,4.578187250996016,3.0865384615384617,0.06267806267806268,0.152724899379963
JS-18,20.6,7.2,7.5,0.3,228.0,0.754,0.684,0.567,0.02,0.02,0.01,0.005,2.0,7.141,8.57,2.31,생활하수/처리수 영향,37.7,2.6525198938992043,9.47082228116711,3.70995670995671,0.035273368606701945,0.07940064416748353
JS-19,24.1,7.2,8.4,1.5,180.0,1.7,1.502,0.874,0.187,0.148,0.083,0.079,5.7,11.026,8.5,4.31,생활하수/처리수 영향,11.486486486486486,3.3529411764705883,6.485882352941177,1.97215777262181,0.2139588100686499,0.07926718664973699
JS-20,24.9,7.3,7.6,1.6,281.0,1.761,1.569,0.858,0.273,0.113,0.06,0.051,5.6,15.479,7.82,2.5,토양-질소 기원,15.584070796460175,3.1800113571834183,8.789892106757524,3.128,0.31818181818181823,0.05542993733445313
JS-21,24.7,7.2,6.9,2.4,264.0,3.212,2.957,1.977,0.569,0.184,0.099,0.094,5.9,19.633,8.67,2.59,생활하수/처리수 영향,17.456521739130437,1.8368617683686177,6.11239103362391,3.3474903474903477,0.2878098128477491,0.10069780471654868
JS-22,23.8,7.7,7.8,0.7,312.0,1.055,0.957,0.724,0.026,0.041,0.023,0.013,2.8,35.561,17.45,3.43,생활하수/처리수 영향,25.73170731707317,2.654028436018957,33.70710900473934,5.087463556851311,0.03591160220994475,0.02035938246955935
JS-23,23.9,7.6,8.8,2.1,233.0,2.414,2.152,1.519,0.189,0.18,0.105,0.103,6.1,15.664,8.4,4.21,생활하수/처리수 영향,13.411111111111113,2.5269262634631313,6.488815244407622,1.9952494061757722,0.12442396313364056,0.09697395301327885
JS-25,24.5,7.7,7.4,2.1,239.0,2.373,2.187,1.504,0.172,0.18,0.117,0.11,6.2,15.841,8.73,3.22,생활하수/처리수 영향,13.183333333333335,2.612726506531816,6.675516224188789,2.7111801242236027,0.11436170212765956,0.09494350104160092
JS-26,23.4,7.8,7.3,2.3,228.0,2.165,1.959,1.026,0.189,0.19,0.103,0.096,7.5,14.048,8.03,2.42,생활하수/처리수 영향,11.394736842105264,3.464203233256351,6.488683602771363,3.318181818181818,0.18421052631578946,0.07303530751708429
JS-27,24.7,7.8,8.9,1.9,243.0,2.527,2.432,1.663,0.142,0.201,0.142,0.138,6.5,15.883,8.59,5.72,생활하수/처리수 영향,12.572139303482587,2.5722200237435695,6.285318559556786,1.5017482517482519,0.08538785327720985,0.1047031417238557
JS-28,23.1,7.9,8.2,2.7,269.0,2.067,1.85,1.272,0.101,0.14,0.043,0.031,7.8,17.835,9.61,3.81,생활하수/처리수 영향,14.764285714285714,3.773584905660377,8.62844702467344,2.522309711286089,0.07940251572327045,0.07132043734230445
JS-29,24.9,7.7,7.5,2.6,229.0,2.104,1.885,1.109,0.228,0.16,0.094,0.086,6.8,14.838,7.91,4.46,토양-질소 기원,13.15,3.2319391634980987,7.052281368821292,1.773542600896861,0.20559062218214608,0.07474053106887721
JS-31,24.8,7.1,7.9,2.1,227.0,1.982,1.821,1.083,0.184,0.14,0.091,0.086,6.3,14.699,8.25,3.45,생활하수/처리수 영향,14.157142857142855,3.1786074672048437,7.416246215943492,2.391304347826087,0.16989843028624194,0.07367848152935573
JS-32,24.1,6.8,7.1,1.8,229.0,1.948,1.785,1.152,0.099,0.181,0.107,0.1,6.4,15.487,8.81,2.65,생활하수/처리수 영향,10.762430939226519,3.285420944558522,7.9502053388090355,3.324528301886793,0.08593750000000001,0.07438496803770904
JS-34,25.1,7.6,7.9,2.8,246.0,2.428,2.236,1.201,0.369,0.149,0.083,0.074,7.3,18.877,7.76,2.06,토양-질소 기원,16.29530201342282,3.0065897858319603,7.7747116968698515,3.7669902912621356,0.30724396336386345,0.06362239762674154
JS-35,25.0,7.5,6.7,2.5,323.0,2.69,2.486,1.351,0.203,0.217,0.115,0.104,10.8,26.072,10.16,1.11,생활하수/처리수 영향,12.396313364055299,4.014869888475837,9.692193308550186,9.153153153153152,0.15025906735751296,0.051818042344277386
JS-20B,23.4,7.1,6.8,10.3,384.0,12.655,7.21,4.248,2.962,0.511,0.132,0.111,9.9,46.903,8.98,-0.69,생활하수/처리수 영향,24.765166340508806,0.7822994863690241,3.7062821019359937,-13.01449275362319,0.6972693032015066,0.09056989957998424
JS-9B,23.6,6.8,5.6,3.2,246.0,2.476,2.256,0.363,1.747,0.13,0.065,0.047,4.9,52.81,2.16,-3.58,토양-질소 기원,19.046153846153846,1.9789983844911148,21.32875605815832,-0.6033519553072626,4.81267217630854,0.0068736981632266615
JS-20B,24.7,6.8,7.1,7.4,315.0,8.577,7.943,5.21,2.182,0.451,0.217,0.201,9.3,37.715,11.7,0.36,생활하수/처리수 영향,19.017738359201772,1.0842952081147255,4.397225136994288,32.5,0.418809980806142,0.13814132308100224
JS-9B,24.6,6.9,7.0,1.6,358.0,1.048,0.967,0.518,0.14,0.103,0.065,0.035,4.7,56.935,20.62,0.06,생활하수/처리수 영향,10.174757281553399,4.484732824427481,54.32729007633588,343.6666666666667,0.2702702702702703,0.009098094318082024
JS-1,22.0,7.6,8.7,1.0,93.0,1.093,0.965,0.776,0.028,0.032,0.022,0.007,1.9,7.355,4.04,3.23,토양-질소 기원,34.15625,1.738334858188472,6.729185727355902,1.2507739938080495,0.03608247422680412,0.10550645819170631
JS-2,23.2,7.3,8.0,1.1,59.0,0.966,0.795,0.658,0.027,0.033,0.014,0.0,2.5,3.779,4.16,3.24,토양-질소 기원,29.27272727272727,2.587991718426501,3.912008281573499,1.2839506172839505,0.041033434650455926,0.17412013760254036
JS-3,22.8,7.2,8.4,1.1,68.0,1.025,0.811,0.691,0.02,0.03,0.014,0.0,2.3,4.556,4.56,3.31,토양-질소 기원,34.166666666666664,2.2439024390243905,4.444878048780488,1.377643504531722,0.028943560057887122,0.15166812993854256
JS-4,23.2,7.2,8.4,0.8,57.0,0.894,0.708,0.595,0.026,0.03,0.016,0.002,2.2,3.945,3.74,3.08,토양-질소 기원,29.8,2.4608501118568236,4.412751677852349,1.2142857142857144,0.043697478991596636,0.15082382762991128
JS-5,22.9,7.1,8.4,1.2,68.0,0.985,0.822,0.699,0.025,0.031,0.015,0.001,2.5,4.619,4.84,3.06,토양-질소 기원,31.774193548387096,2.5380710659898478,4.689340101522842,1.5816993464052287,0.0357653791130186,0.15133145702533016
JS-6,22.5,7.2,8.5,1.1,75.0,1.052,0.913,0.794,0.028,0.043,0.025,0.01,2.2,4.891,5.85,3.45,토양-질소 기원,24.465116279069772,2.091254752851711,4.649239543726235,1.6956521739130432,0.03526448362720403,0.16233898998159887
JS-7,22.9,7.1,8.1,1.0,71.0,1.002,0.854,0.752,0.022,0.032,0.018,0.004,2.1,4.844,5.44,3.11,토양-질소 기원,31.3125,2.095808383233533,4.83433133732535,1.7491961414791,0.029255319148936167,0.15524360033030551
JS-8,22.8,6.6,8.3,1.0,80.0,1.394,1.254,1.129,0.034,0.076,0.057,0.048,1.9,5.136,6.88,4.84,토양-질소 기원,18.342105263157894,1.362984218077475,3.684361549497848,1.421487603305785,0.030115146147032774,0.2198208722741433
JS-9,23.2,6.8,8.5,0.9,77.0,1.171,1.01,0.921,0.025,0.048,0.035,0.02,2.0,5.11,6.38,4.01,토양-질소 기원,24.395833333333332,1.7079419299743808,4.363791631084543,1.5910224438902745,0.02714440825190011,0.1802348336594912
JS-10,22.4,6.7,8.5,1.3,61.0,0.788,0.63,0.486,0.04,0.047,0.032,0.018,2.5,5.174,5.6,3.19,토양-질소 기원,16.76595744680851,3.1725888324873095,6.565989847715736,1.7554858934169277,0.0823045267489712,0.09393119443370698
JS-11,24.4,6.7,8.0,1.0,83.0,1.333,1.162,1.022,0.053,0.098,0.07,0.059,2.2,5.457,7.77,4.05,토양-질소 기원,13.60204081632653,1.650412603150788,4.09377344336084,1.9185185185185185,0.05185909980430528,0.18728238959135057
JS-12,19.6,6.7,8.9,0.8,80.0,1.551,1.325,1.222,0.032,0.023,0.01,0.002,2.1,4.802,5.33,2.58,토양-질소 기원,67.43478260869566,1.3539651837524178,3.096067053513862,2.065891472868217,0.02618657937806874,0.2544773011245315
JS-13,23.0,6.7,8.4,1.4,83.0,1.432,1.239,1.102,0.033,0.051,0.032,0.017,2.2,5.252,6.31,3.55,토양-질소 기원,28.07843137254902,1.5363128491620113,3.6675977653631286,1.7774647887323944,0.029945553539019964,0.20982482863670984
JS-14,24.6,6.8,8.6,1.5,110.0,1.52,1.295,1.142,0.031,0.068,0.05,0.037,2.7,6.626,6.58,3.86,토양-질소 기원,22.352941176470587,1.7763157894736843,4.359210526315789,1.7046632124352332,0.027145359019264452,0.1723513431934802
JS-15,23.4,7.2,8.5,1.4,88.0,1.438,1.253,1.113,0.023,0.063,0.042,0.028,2.3,5.354,6.33,4.24,토양-질소 기원,22.825396825396826,1.599443671766342,3.723226703755216,1.4929245283018868,0.020664869721473494,0.2078819574150168
JS-16,25.4,7.0,7.6,1.4,141.0,2.179,1.914,1.628,0.026,0.077,0.054,0.038,4.6,8.129,7.76,3.75,토양-질소 기원,28.298701298701296,2.1110601193207894,3.7306103717301515,2.0693333333333332,0.01597051597051597,0.20027063599458728
JS-17,24.0,7.1,8.6,1.5,90.0,1.553,1.318,1.16,0.027,0.069,0.049,0.036,2.5,5.632,6.59,4.16,토양-질소 기원,22.50724637681159,1.6097875080489377,3.6265292981326462,1.5841346153846152,0.02327586206896552,0.2059659090909091
JS-18,25.4,6.9,6.8,1.5,158.0,1.32,1.041,0.884,0.041,0.025,0.015,0.003,3.3,5.735,5.72,3.28,토양-질소 기원,52.8,2.4999999999999996,4.34469696969697,1.7439024390243902,0.04638009049773756,0.15414123801220575
JS-19,24.8,7.0,8.3,1.4,101.0,1.554,1.236,1.089,0.023,0.067,0.04,0.027,2.8,5.539,6.53,3.1,토양-질소 기원,23.19402985074627,1.8018018018018016,3.564350064350064,2.106451612903226,0.021120293847566574,0.19660588553890596
JS-20,24.4,7.0,8.2,1.6,146.0,2.403,2.092,1.866,0.054,0.087,0.053,0.038,2.9,7.717,7.25,2.84,토양-질소 기원,27.620689655172416,1.2068248023304202,3.2114024136496044,2.552816901408451,0.028938906752411574,0.24180380977063629
JS-21,25.0,7.0,7.8,1.5,119.0,1.882,1.589,1.41,0.072,0.094,0.055,0.041,3.0,6.802,7.18,3.1,토양-질소 기원,20.02127659574468,1.5940488841657812,3.614240170031881,2.3161290322580643,0.05106382978723404,0.2072919729491326
JS-22,22.8,7.5,8.0,1.1,170.0,2.874,2.625,2.479,0.03,0.064,0.045,0.032,2.7,10.022,7.13,2.15,토양-질소 기원,44.90625,0.9394572025052192,3.487125956854558,3.316279069767442,0.012101653892698667,0.24735581720215527
JS-23,25.1,7.5,7.9,1.5,124.0,1.801,1.57,1.395,0.052,0.097,0.061,0.045,3.0,6.571,7.25,3.07,토양-질소 기원,18.56701030927835,1.665741254858412,3.648528595224875,2.3615635179153096,0.037275985663082434,0.21229645411657283
JS-24,25.6,7.4,7.7,1.8,164.0,2.496,2.261,1.911,0.06,0.102,0.073,0.053,4.3,8.156,6.62,3.69,토양-질소 기원,24.47058823529412,1.7227564102564101,3.2676282051282053,1.7940379403794038,0.03139717425431711,0.23430603236880823
JS-25,25.0,7.2,7.7,1.0,136.0,2.136,1.846,1.61,0.047,0.107,0.067,0.05,3.5,7.229,6.96,2.81,토양-질소 기원,19.962616822429908,1.6385767790262171,3.3843632958801497,2.4768683274021353,0.02919254658385093,0.22271406833586943
JS-26,26.0,6.9,6.7,0.8,158.0,1.748,1.498,1.25,0.027,0.11,0.072,0.057,4.5,8.538,7.96,2.08,토양-질소 기원,15.89090909090909,2.574370709382151,4.884439359267735,3.8269230769230766,0.0216,0.1464043101428906
JS-27,25.2,7.3,7.4,0.9,133.0,2.066,1.819,1.636,0.044,0.101,0.063,0.048,3.1,7.177,7.24,3.14,토양-질소 기원,20.455445544554454,1.500484027105518,3.473862536302033,2.305732484076433,0.02689486552567237,0.22795039710185314
JS-28,24.5,7.2,7.7,0.7,251.0,4.597,4.228,4.096,0.029,0.092,0.075,0.061,3.2,12.396,7.14,3.58,토양-질소 기원,49.96739130434783,0.6961061561888188,2.6965412225364367,1.994413407821229,0.007080078125,0.33042917070022587
JS-29,25.6,7.2,7.0,1.0,131.0,2.147,1.844,1.613,0.06,0.101,0.071,0.055,3.2,7.154,6.6,2.85,토양-질소 기원,21.257425742574252,1.490451793199814,3.332091290172334,2.31578947368421,0.037197768133911964,0.22546826949958065
JS-30,23.0,7.5,7.5,0.6,178.0,4.399,4.137,4.004,0.023,0.057,0.044,0.028,2.8,9.116,8.79,2.52,생활하수/처리수 영향,77.17543859649122,0.6365082973403046,2.072289156626506,3.4880952380952377,0.005744255744255745,0.43922773146116717
JS-31,25.6,6.7,7.5,0.9,132.0,2.219,1.877,1.722,0.063,0.118,0.07,0.058,3.5,7.032,6.78,3.0,토양-질소 기원,18.805084745762713,1.577287066246057,3.1689950428120777,2.2600000000000002,0.036585365853658534,0.24488054607508533
JS-32,24.7,7.1,6.5,0.8,186.0,2.673,2.259,1.976,0.044,0.161,0.094,0.077,3.9,11.037,9.19,3.3,생활하수/처리수 영향,16.60248447204969,1.4590347923681257,4.129068462401796,2.7848484848484847,0.022267206477732792,0.1790341578327444
JS-33,26.8,8.8,6.7,1.2,254.0,2.973,2.611,2.143,0.155,0.15,0.105,0.092,3.6,19.747,8.93,2.5,생활하수/처리수 영향,19.82,1.2108980827447025,6.642112344433233,3.572,0.07232851143257117,0.10852281359193801
JS-34,26.0,6.9,7.6,0.9,133.0,2.361,1.908,1.717,0.042,0.115,0.073,0.057,3.3,7.134,6.89,2.83,토양-질소 기원,20.530434782608697,1.397712833545108,3.0216010165184244,2.4346289752650176,0.0244612696563774,0.2406784412671713
JS-35,27.2,6.9,6.4,1.1,186.0,2.229,1.879,1.531,0.055,0.169,0.096,0.08,4.5,10.725,8.34,3.67,생활하수/처리수 영향,13.189349112426035,2.018842530282638,4.81157469717362,2.2724795640326976,0.035924232527759635,0.14275058275058275
JS-36,26.5,7.3,7.7,1.0,139.0,2.472,1.996,1.802,0.044,0.148,0.088,0.073,3.6,7.431,7.51,2.96,토양-질소 기원,16.7027027027027,1.4563106796116505,3.0060679611650487,2.5371621621621623,0.024417314095449498,0.24249764500067286
JS-20B,23.8,6.8,7.3,9.2,288.0,8.726,7.317,3.525,3.309,0.691,0.261,0.233,9.1,28.954,12.29,2.32,생활하수/처리수 영향,12.628075253256153,1.0428604171441667,3.3181297272518906,5.297413793103448,0.9387234042553192,0.12174483663742487
JS-1,26.9,7.6,8.0,0.9,120.0,0.587,0.529,0.369,0.03,0.06,0.037,0.025,2.7,9.477,6.48,4.31,토양-질소 기원,9.783333333333333,4.599659284497445,16.14480408858603,1.503480278422274,0.08130081300813008,0.0389363722697056
JS-2,27.5,7.1,7.0,0.8,90.0,0.832,0.792,0.623,0.042,0.035,0.019,0.006,2.6,4.957,7.12,2.07,토양-질소 기원,23.77142857142857,3.1250000000000004,5.9579326923076925,3.4396135265700485,0.06741573033707865,0.12568085535606213
JS-3,27.3,7.0,8.0,0.8,113.0,0.754,0.703,0.553,0.036,0.041,0.021,0.012,2.5,7.197,7.98,3.39,토양-질소 기원,18.390243902439025,3.315649867374005,9.545092838196286,2.353982300884956,0.06509945750452079,0.07683757121022648
JS-4,27.1,7.2,7.6,0.7,85.0,0.516,0.472,0.307,0.054,0.04,0.025,0.01,2.7,4.763,7.23,2.39,내생부하(정체수역 유기물 축적),12.9,5.232558139534884,9.230620155038759,3.0251046025104604,0.1758957654723127,0.06445517530967877
JS-5,27.9,7.1,7.3,0.9,111.0,0.934,0.863,0.656,0.062,0.048,0.028,0.016,2.5,7.192,7.29,5.72,토양-질소 기원,19.458333333333336,2.6766595289079227,7.700214132762312,1.2744755244755246,0.09451219512195122,0.09121245828698554
JS-6,27.4,7.4,9.7,0.9,87.0,0.54,0.48,0.341,0.036,0.047,0.021,0.011,2.5,4.903,6.94,4.21,토양-질소 기원,11.48936170212766,4.62962962962963,9.079629629629629,1.648456057007126,0.10557184750733137,0.06954925555782175
JS-7,27.2,7.0,7.0,0.7,102.0,0.751,0.686,0.532,0.045,0.038,0.021,0.009,2.3,6.51,8.08,4.28,생활하수/처리수 영향,19.763157894736842,3.062583222370173,8.66844207723036,1.8878504672897196,0.08458646616541353,0.08172043010752689
JS-9,28.9,7.1,7.6,0.8,116.0,1.134,1.055,0.869,0.062,0.099,0.083,0.077,2.3,6.459,9.56,7.55,생활하수/처리수 영향,11.454545454545453,2.0282186948853616,5.695767195767196,1.266225165562914,0.0713463751438435,0.13454095061154978
JS-12,30.4,7.5,8.0,0.5,116.0,1.075,1.006,0.874,0.023,0.029,0.011,0.004,2.1,4.823,7.64,3.6,토양-질소 기원,37.068965517241374,1.9534883720930234,4.486511627906977,2.1222222222222222,0.02631578947368421,0.18121501140369065
JS-24,30.3,7.1,7.6,1.2,188.0,1.25,1.206,0.761,0.089,0.102,0.072,0.056,3.8,8.029,7.7,2.22,토양-질소 기원,12.254901960784315,3.04,6.4232,3.468468468468468,0.11695137976346912,0.09478141736206253
JS-26,28.8,7.0,7.4,1.0,155.0,1.349,1.272,0.94,0.023,0.101,0.075,0.067,4.2,7.823,7.78,2.31,토양-질소 기원,13.356435643564355,3.1134173461823575,5.799110452186805,3.367965367965368,0.02446808510638298,0.12015850696663682
JS-28,26.9,7.3,7.4,1.1,219.0,3.087,3.064,2.59,0.041,0.135,0.093,0.084,4.0,9.698,6.4,4.04,토양-질소 기원,22.866666666666667,1.295756397797214,3.1415613864593457,1.5841584158415842,0.015830115830115832,0.2670653743039802
JS-20B,28.2,7.4,7.1,8.9,293.0,7.461,6.693,3.921,2.302,0.462,0.209,0.174,7.6,33.569,12.98,2.63,생활하수/처리수 영향,16.149350649350648,1.0186302104275566,4.499262833400349,4.935361216730039,0.5870951287936751,0.11680419434597394
JS-22B,27.9,7.1,7.4,0.8,440.0,2.917,2.895,1.296,1.158,0.036,0.019,0.008,3.7,60.531,20.47,1.22,축산분뇨(직접유출),81.02777777777779,1.2684264655467947,20.7511141583819,16.778688524590162,0.8935185185185184,0.021410516925211877
JS-20B,26.8,6.8,6.6,9.4,345.0,7.306,6.236,3.395,2.445,0.583,0.267,0.244,8.8,42.621,12.28,-1.7,생활하수/처리수 영향,12.531732418524872,1.2044894607172187,5.833698330139612,-7.223529411764706,0.7201767304860088,0.07965556885103588
JS-9B,12.177000000000001,5.544,3.069,2.5,53.37142229241903,2.728,2.447,1.635,0.484,0.098,0.034,0.01,4.7,67.588,20.5,5.45,축산분뇨(직접유출),27.836734693877553,1.7228739002932552,24.775659824046915,3.761467889908257,0.2960244648318043,0.024190684736935555
JS-22,26.6,6.9,7.0,0.3,239.0,1.139,1.073,0.901,0.016,0.043,0.035,0.022,2.4,21.497,14.28,2.68,생활하수/처리수 영향,26.48837209302326,2.1071115013169446,18.87357330992098,5.3283582089552235,0.017758046614872364,0.041912825045355165
JS-32,28.4,7.9,4.4,1.4,278.0,1.227,1.087,0.518,0.178,0.358,0.309,0.306,5.0,15.552,13.02,4.28,생활하수/처리수 영향,3.427374301675978,4.074979625101874,12.674816625916868,3.042056074766355,0.3436293436293436,0.033307613168724284
JS-36,28.8,8.4,7.3,1.0,212.0,2.19,2.065,1.77,0.025,0.185,0.155,0.151,4.1,11.619,11.63,3.26,생활하수/처리수 영향,11.837837837837837,1.872146118721461,5.3054794520547945,3.5674846625766876,0.014124293785310734,0.15233668990446683
JS-20B,27.1,6.9,6.7,12.0,409.0,7.23,6.342,3.27,2.429,0.61,0.285,0.257,10.6,39.957,18.02,0.77,생활하수/처리수 영향,11.852459016393444,1.466113416320885,5.52655601659751,23.4025974025974,0.7428134556574923,0.08183797582401081
JS-9B,27.9,6.9,7.1,2.3,370.0,2.399,2.08,1.587,0.098,0.167,0.08,0.055,5.2,51.753,10.89,0.19,생활하수/처리수 영향,14.365269461077844,2.1675698207586493,21.572738641100457,57.31578947368421,0.06175173282923756,0.030664888991942495
JS-20B,23.8,6.7,7.8,10.9,327.0,11.413,10.447,7.236,3.056,0.6,0.364,0.273,8.9,31.735,23.7,6.6,생활하수/처리수 영향,19.02166666666667,0.7798124945237886,2.780601068956453,3.590909090909091,0.4223327805417358,0.22801323459902315
JS-9B,25.8,6.5,6.4,1.0,151.0,1.37,1.197,0.835,0.023,0.099,0.078,0.015,3.4,27.654,10.95,-2.96,생활하수/처리수 영향,13.83838383838384,2.481751824817518,20.185401459854013,-3.699324324324324,0.027544910179640718,0.030194546900990812
JS-20B,22.5,6.9,8.7,7.0,307.0,7.18,6.675,4.208,1.783,0.338,0.151,0.142,5.8,33.402,12.15,-0.53,생활하수/처리수 영향,21.242603550295854,0.807799442896936,4.652089136490251,-22.92452830188679,0.4237167300380228,0.12598048021076583
JS-18,16.0,6.9,9.7,0.5,176.0,1.226,1.161,0.798,0.016,0.016,0.007,0.001,2.7,4.335,4.11,0.88,토양-질소 기원,76.625,2.2022838499184343,3.535889070146819,4.670454545454546,0.020050125313283207,0.18408304498269898
JS-24,15.2,7.4,11.1,0.7,234.0,4.779,4.724,3.329,0.168,0.33,0.253,0.25,3.4,12.331,6.28,8.36,토양-질소 기원,14.48181818181818,0.7114459091860221,2.580246913580247,0.7511961722488039,0.05046560528687293,0.26996999432325036
JS-25,15.2,7.6,11.9,0.6,212.0,2.686,2.586,1.835,0.026,0.131,0.1,0.098,2.2,11.701,9.08,5.62,생활하수/처리수 영향,20.50381679389313,0.8190618019359643,4.356291883842145,1.6156583629893237,0.014168937329700272,0.15682420305956754
JS-20B,19.0,7.2,9.1,4.0,349.0,7.761,7.662,5.267,0.28,0.094,0.034,0.016,5.6,48.56,11.75,1.33,생활하수/처리수 영향,82.56382978723404,0.7215565004509727,6.256925653910579,8.834586466165414,0.05316119232959939,0.10846375617792423
JT-1,16.3,6.9,11.8,1.0,119.0,1.123,1.036,0.892,0.014,0.024,0.012,0.002,2.3,6.341,2.92,2.95,토양-질소 기원,46.791666666666664,2.0480854853072126,5.646482635796972,0.9898305084745762,0.01569506726457399,0.1406718183251853
JT-5,16.1,6.6,9.5,2.2,231.0,2.904,2.834,2.324,0.064,0.051,0.032,0.012,5.7,16.777,9.74,4.7,생활하수/처리수 영향,56.94117647058824,1.962809917355372,5.777203856749312,2.0723404255319147,0.027538726333907058,0.13852297788639206
JT-6,15.3,6.8,12.3,2.1,100.0,1.921,1.825,1.142,0.317,0.087,0.063,0.048,4.6,14.102,7.06,3.96,토양-질소 기원,22.080459770114945,2.3945861530452888,7.340968245705362,1.7828282828282827,0.27758318739054294,0.0809814210750248
JT-10,16.8,7.0,10.8,4.1,169.0,3.478,3.148,1.888,0.676,0.671,0.563,0.539,5.8,10.632,14.0,2.4,생활하수/처리수 영향,5.183308494783905,1.6676250718803909,3.056929269695227,5.833333333333334,0.35805084745762716,0.17757712565838976
JT-12,19.2,6.5,12.1,2.2,185.0,0.54,0.468,0.296,0.047,0.098,0.06,0.049,3.6,13.93,13.84,6.6,생활하수/처리수 영향,5.510204081632653,6.666666666666666,25.796296296296294,2.096969696969697,0.1587837837837838,0.02124910265613783
JT-15,20.5,7.2,12.6,1.4,301.0,2.656,2.601,2.16,0.048,0.069,0.049,0.038,4.0,23.274,8.35,3.23,생활하수/처리수 영향,38.492753623188406,1.506024096385542,8.762801204819278,2.585139318885449,0.02222222222222222,0.09280742459396751
JT-18,18.3,7.5,9.4,1.1,210.0,1.249,1.201,0.948,0.031,0.032,0.016,0.008,3.0,20.753,7.14,3.95,토양-질소 기원,39.03125,2.4019215372297835,16.615692554043232,1.8075949367088606,0.03270042194092827,0.045680142629981206
JT-20,17.1,7.9,9.9,0.9,214.0,2.015,1.958,1.656,0.023,0.026,0.011,0.005,3.2,20.318,7.64,4.43,토양-질소 기원,77.50000000000001,1.5880893300248138,10.083374689826302,1.724604966139955,0.01388888888888889,0.08150408504774091
JT-25,19.3,7.6,11.4,1.9,352.0,2.943,2.879,2.224,0.128,0.084,0.064,0.049,4.2,58.03,11.63,3.6,생활하수/처리수 영향,35.035714285714285,1.4271151885830786,19.717974855589535,3.2305555555555556,0.05755395683453237,0.03832500430811649
JT-29,18.4,7.2,13.5,3.8,236.0,1.975,1.734,1.323,0.014,0.137,0.068,0.047,5.1,20.53,9.05,11.68,생활하수/처리수 영향,14.416058394160583,2.582278481012658,10.39493670886076,0.7748287671232877,0.010582010582010583,0.06444227959084266
23B,20.1,6.8,8.1,0.099,485.0,8.187,7.635,6.188,0.931,0.134,0.114,0.105,4.4,88.139,11.37,1.92,생활하수/처리수 영향,61.097014925373124,0.5374374007572983,10.765726151215341,5.921875,0.15045248868778283,0.07020728621835964
28B,17.8,7.9,9.0,0.099,315.0,4.943,4.747,3.597,0.177,0.417,0.335,0.317,5.6,29.404,14.34,3.59,생활하수/처리수 영향,11.853717026378897,1.132915233663767,5.948614201901679,3.9944289693593316,0.04920767306088407,0.12233029519793226
JT-1,20.7,7.4,7.8,0.9,100.0,1.311,1.309,1.126,0.019,0.027,0.01,0.01,2.0,6.217,4.66,3.45,토양-질소 기원,48.55555555555556,1.5255530129672006,4.742181540808543,1.3507246376811595,0.016873889875666077,0.18111629403249155
JT-5,21.9,7.1,7.2,1.7,175.0,2.267,2.193,1.795,0.065,0.098,0.06,0.048,4.4,12.32,8.45,4.38,생활하수/처리수 영향,23.132653061224488,1.9408910454344952,5.434494927216586,1.9292237442922373,0.036211699164345405,0.14569805194805194
JT-6,20.7,7.4,6.9,2.1,197.0,3.213,3.149,1.629,0.408,0.189,0.133,0.131,4.7,14.313,5.32,2.36,토양-질소 기원,17.0,1.4628073451602863,4.454715219421102,2.2542372881355934,0.2504604051565377,0.11381261789981136
JT-10,21.0,7.1,6.2,3.0,138.0,1.661,1.396,0.873,0.205,0.375,0.21,0.21,5.0,9.861,10.33,3.3,생활하수/처리수 영향,4.429333333333333,3.0102347983142685,5.936785069235401,3.1303030303030304,0.23482245131729668,0.08853057499239428
JT-12,22.1,7.4,7.4,2.9,155.0,1.646,1.471,1.048,0.071,0.241,0.146,0.144,4.6,9.939,11.05,3.69,생활하수/처리수 영향,6.829875518672199,2.7946537059538272,6.038274605103281,2.994579945799458,0.06774809160305342,0.10544320354160379
JT-13,23.2,7.9,12.4,2.8,180.0,1.571,1.522,1.085,0.028,0.174,0.112,0.109,4.5,11.824,10.13,4.01,생활하수/처리수 영향,9.028735632183908,2.8644175684277533,7.526416295353278,2.526184538653367,0.025806451612903226,0.09176251691474965
JT-14,21.6,7.9,9.3,4.2,238.0,3.059,2.383,1.446,0.189,0.644,0.096,0.078,9.8,20.841,6.79,3.99,토양-질소 기원,4.75,3.203661327231121,6.813010787839163,1.7017543859649122,0.13070539419087138,0.06938246725205124
JT-15,20.3,7.5,12.3,2.2,307.0,4.565,4.552,4.122,0.052,0.117,0.084,0.082,3.5,21.355,8.01,3.7,생활하수/처리수 영향,39.01709401709402,0.7667031763417305,4.6779846659364726,2.1648648648648647,0.012615235322658904,0.19302271130882695
JT-18,20.2,7.3,11.9,1.3,213.0,2.603,2.529,2.21,0.041,0.067,0.029,0.021,2.6,16.575,6.8,1.82,토양-질소 기원,38.850746268656714,0.9988474836726853,6.3676527084133685,3.736263736263736,0.018552036199095023,0.13333333333333333
JT-22,17.3,7.3,11.6,1.3,422.0,1.611,1.46,1.194,0.099,0.074,0.048,0.04,1.8,7.243,4.43,1.47,토양-질소 기원,21.77027027027027,1.1173184357541899,4.495965238981999,3.0136054421768708,0.08291457286432162,0.16484881954991024
JT-23,22.8,6.8,8.8,3.0,424.0,2.661,2.591,0.837,1.228,0.132,0.091,0.087,4.3,66.657,13.72,-2.65,축산분뇨(직접유출),20.15909090909091,1.615933859451334,25.049605411499435,-5.177358490566038,1.4671445639187575,0.012556820739007156
JT-2,21.4,9.0,8.2,2.8,183.0,0.606,0.566,0.311,0.055,0.038,0.035,0.022,4.3,11.516,7.7,6.03,내생부하(정체수역 유기물 축적),15.947368421052632,7.095709570957095,19.003300330033003,1.2769485903814262,0.17684887459807075,0.0270059048280653
JT-5,21.6,7.3,7.4,2.5,273.0,1.028,0.953,0.657,0.095,0.07,0.07,0.068,5.2,21.325,10.09,4.6,생활하수/처리수 영향,14.685714285714285,5.058365758754864,20.744163424124512,2.1934782608695653,0.1445966514459665,0.030808909730363425
JT-6,20.5,7.6,6.7,7.1,252.0,4.202,3.897,0.668,1.509,0.16,0.122,0.107,11.0,19.16,7.04,0.95,토양-질소 기원,26.2625,2.6178010471204187,4.5597334602570205,7.410526315789474,2.2589820359281436,0.0348643006263048
JT-7,21.3,7.6,7.0,6.8,244.0,2.186,2.181,0.686,0.391,0.197,0.176,0.15,10.6,21.189,7.88,5.28,토양-질소 기원,11.096446700507613,4.84903934126258,9.693046660567246,1.4924242424242424,0.5699708454810496,0.03237528906508094
JT-10,20.7,7.4,6.5,3.1,126.0,1.536,1.508,0.777,0.233,0.253,0.247,0.242,4.7,7.867,11.02,3.08,생활하수/처리수 영향,6.071146245059289,3.0598958333333335,5.121744791666667,3.5779220779220777,0.2998712998712999,0.09876700139824585
JT-12,21.9,7.5,7.2,3.1,157.0,1.365,1.281,0.676,0.074,0.156,0.142,0.126,5.9,10.383,11.12,2.95,생활하수/처리수 영향,8.75,4.322344322344323,7.606593406593406,3.7694915254237285,0.10946745562130177,0.06510642396224599
JT-13,23.6,7.8,11.4,3.6,183.0,1.793,1.711,0.905,0.085,0.15,0.144,0.127,6.8,12.247,10.04,2.88,생활하수/처리수 영향,11.953333333333333,3.792526491912995,6.830451756832125,3.486111111111111,0.09392265193370167,0.0738956479137748
JT-14,21.9,7.8,8.8,6.9,233.0,2.303,2.263,0.997,0.352,0.133,0.096,0.072,10.8,15.164,4.99,2.2,토양-질소 기원,17.31578947368421,4.689535388623535,6.584455058619192,2.268181818181818,0.3530591775325978,0.06574782379319441
JT-15,24.3,7.5,10.7,3.2,328.0,3.546,3.499,2.452,0.239,0.072,0.064,0.051,4.2,23.522,9.01,4.17,생활하수/처리수 영향,49.25,1.1844331641285957,6.633389734912577,2.160671462829736,0.09747145187601958,0.10424283649349546
JT-22,16.4,7.3,8.8,1.6,423.0,3.381,3.369,2.479,0.119,0.155,0.154,0.149,2.0,8.853,7.2,-0.57,토양-질소 기원,21.81290322580645,0.5915409642117717,2.6184560780834074,-12.631578947368423,0.048003227107704716,0.28001807296961484
JT-25,21.8,7.4,11.5,2.5,332.0,2.64,2.619,1.632,0.091,0.06,0.053,0.037,6.2,37.286,11.64,0.11,생활하수/처리수 영향,44.00000000000001,2.3484848484848486,14.123484848484848,105.81818181818183,0.05575980392156863,0.04376977954191921
JT-26,23.7,7.6,9.7,3.3,335.0,5.537,5.33,1.71,1.309,0.152,0.15,0.124,8.8,36.399,5.28,-3.71,토양-질소 기원,36.42763157894737,1.5893082896875566,6.5737764132201555,-1.423180592991914,0.7654970760233918,0.04697931261847853
JT-27,24.7,8.4,13.4,3.1,241.0,1.002,0.921,0.309,0.028,0.083,0.051,0.023,7.5,19.122,7.37,3.73,내생부하(정체수역 유기물 축적),12.072289156626505,7.485029940119761,19.08383233532934,1.9758713136729222,0.09061488673139159,0.016159397552557263
JT-29,23.8,7.9,9.5,3.3,289.0,2.609,2.501,1.529,0.052,0.18,0.18,0.156,6.7,20.83,9.41,5.79,생활하수/처리수 영향,14.494444444444445,2.568033729398237,7.983901878114219,1.625215889464594,0.034009156311314584,0.07340374459913586
JT-1,23.4,7.8,9.2,1.0,120.0,0.705,0.671,0.463,0.029,0.019,0.013,0.001,3.5,5.601,3.72,5.14,토양-질소 기원,37.10526315789473,4.964539007092199,7.94468085106383,0.7237354085603114,0.06263498920086392,0.08266381003392252
JT-2,23.4,7.6,9.0,4.8,282.0,2.491,2.314,0.546,0.321,0.299,0.219,0.177,15.2,22.974,8.2,2.9,조류증식(현장발생),8.331103678929766,6.101967081493376,9.222802087515054,2.8275862068965516,0.5879120879120879,0.02376599634369287
JT-3,23.9,7.5,8.4,2.4,187.0,0.774,0.657,0.23,0.037,0.054,0.031,0.005,8.2,16.067,5.52,0.95,내생부하(정체수역 유기물 축적),14.333333333333334,10.594315245478034,20.758397932816536,5.810526315789473,0.1608695652173913,0.014315055704238501
JT-4,22.9,7.5,8.9,2.8,213.0,1.308,1.179,0.402,0.172,0.089,0.055,0.031,8.5,17.675,7.08,-0.29,내생부하(정체수역 유기물 축적),14.696629213483147,6.4984709480122325,13.512996941896024,-24.413793103448278,0.4278606965174129,0.022743988684582744
JT-6,22.1,7.5,8.3,2.5,322.0,2.144,2.073,0.6,0.323,0.133,0.107,0.085,13.4,25.136,7.23,0.9,내생부하(정체수역 유기물 축적),16.1203007518797,6.25,11.723880597014924,8.033333333333333,0.5383333333333333,0.023870146403564607
JT-7,23.8,7.6,9.1,3.2,242.0,1.98,1.904,0.672,0.186,0.174,0.109,0.087,10.5,19.7,7.2,1.5,내생부하(정체수역 유기물 축적),11.379310344827587,5.303030303030303,9.94949494949495,4.8,0.27678571428571425,0.03411167512690356
JT-9,25.1,7.7,10.0,9.0,306.0,1.778,1.527,0.527,0.052,0.206,0.124,0.074,12.6,19.929,7.14,11.32,내생부하(정체수역 유기물 축적),8.63106796116505,7.086614173228346,11.208661417322833,0.6307420494699646,0.09867172675521821,0.026443875758944257
JT-10,23.0,8.1,12.8,18.0,140.0,2.79,2.169,1.261,0.116,0.469,0.343,0.34,28.0,8.304,12.16,2.77,조류증식(현장발생),5.948827292110875,10.03584229390681,2.9763440860215056,4.389891696750903,0.09199048374306107,0.15185452793834295
JT-14,21.8,7.8,8.5,3.0,224.0,1.657,1.638,0.779,0.092,0.112,0.075,0.059,9.3,14.362,7.33,0.67,내생부하(정체수역 유기물 축적),14.794642857142858,5.612552806276404,8.667471333735667,10.940298507462686,0.11810012836970474,0.054240356496309705
JT-2,20.5,7.3,7.1,3.5,255.0,1.92,1.839,0.608,0.266,0.132,0.113,0.086,9.8,20.013,8.24,3.54,생활하수/처리수 영향,14.545454545454545,5.104166666666667,10.423437500000002,2.327683615819209,0.43750000000000006,0.03038025283565682
JT-3,21.8,7.1,5.9,1.7,184.0,1.37,1.339,0.724,0.125,0.042,0.03,0.013,5.7,15.353,9.6,1.56,생활하수/처리수 영향,32.61904761904762,4.160583941605839,11.206569343065693,6.153846153846153,0.17265193370165746,0.047156907444799064
JT-5,21.6,7.1,5.0,4.1,304.0,3.005,2.889,0.921,0.856,0.093,0.077,0.047,9.0,27.676,8.36,2.24,생활하수/처리수 영향,32.31182795698925,2.995008319467554,9.209983361064891,3.7321428571428563,0.9294245385450597,0.03327793033675387
JT-6,20.6,7.1,6.2,3.2,293.0,2.193,2.159,0.81,0.271,0.114,0.092,0.068,11.4,21.429,6.14,3.04,내생부하(정체수역 유기물 축적),19.236842105263158,5.198358413132695,9.771545827633378,2.019736842105263,0.3345679012345679,0.0377992440151197
JT-10,20.8,7.3,6.0,3.3,140.0,2.5,2.452,1.044,0.692,0.486,0.458,0.457,6.7,8.597,12.46,2.74,생활하수/처리수 영향,5.1440329218107,2.68,3.4387999999999996,4.547445255474453,0.6628352490421455,0.12143771082935909
JT-12,22.0,7.0,6.2,1.7,182.0,1.763,1.758,0.73,0.227,0.127,0.104,0.091,7.4,12.272,10.71,-0.01,생활하수/처리수 영향,13.881889763779526,4.197390811117414,6.960862166761203,-1071.0,0.31095890410958904,0.05948500651890482
JT-13,21.3,7.5,6.7,4.0,211.0,1.954,1.949,0.846,0.205,0.147,0.118,0.103,10.8,14.521,9.04,2.02,생활하수/처리수 영향,13.292517006802722,5.527123848515865,7.431422722620266,4.475247524752475,0.24231678486997635,0.05826045038220508
JT-14,20.7,7.7,9.0,6.3,196.0,2.582,2.536,1.242,0.265,0.264,0.214,0.204,12.0,12.587,5.04,2.23,토양-질소 기원,9.78030303030303,4.647560030983734,4.874903175832688,2.2600896860986546,0.21336553945249598,0.09867323428934616
JT-15,20.3,7.5,9.0,3.8,326.0,2.767,2.761,1.549,0.179,0.183,0.165,0.143,10.8,25.695,9.36,3.16,생활하수/처리수 영향,15.120218579234972,3.9031441994940375,9.286230574629563,2.962025316455696,0.11555842479018721,0.06028410196536291
JT-18,19.5,7.6,9.6,1.8,156.0,1.011,1.009,0.578,0.069,0.075,0.066,0.053,6.5,9.971,5.87,4.11,내생부하(정체수역 유기물 축적),13.479999999999999,6.429277942631059,9.862512363996045,1.4282238442822384,0.11937716262975781,0.05796810751178417
JT-22,20.3,7.8,8.1,4.3,162.0,3.013,2.981,1.818,0.377,0.197,0.195,0.187,5.7,5.534,4.92,1.2,토양-질소 기원,15.29441624365482,1.8918021905077997,1.836707600398274,4.1000000000000005,0.20737073707370737,0.3285146367907481
JT-24,21.6,7.3,7.5,3.1,264.0,1.673,1.663,0.81,0.099,0.122,0.101,0.084,8.8,21.36,7.36,3.3,내생부하(정체수역 유기물 축적),13.713114754098362,5.260011954572624,12.767483562462642,2.2303030303030305,0.12222222222222222,0.037921348314606744
JT-25,21.8,7.5,8.8,4.8,274.0,2.159,2.117,0.947,0.447,0.097,0.08,0.059,7.9,28.828,9.2,2.54,생활하수/처리수 영향,22.257731958762886,3.659101435849931,13.352477999073646,3.622047244094488,0.47201689545934533,0.03285000693769946
JT-27,21.0,8.1,9.1,4.4,144.0,1.896,1.597,1.055,0.06,0.478,0.16,0.151,7.0,7.168,8.65,6.09,생활하수/처리수 영향,3.9665271966527196,3.691983122362869,3.7805907172995785,1.420361247947455,0.05687203791469195,0.14718191964285712
JT-29,22.3,7.4,5.3,3.2,284.0,2.46,2.424,1.306,0.138,0.161,0.145,0.133,7.8,21.863,9.73,7.53,생활하수/처리수 영향,15.279503105590061,3.1707317073170733,8.88739837398374,1.2921646746347941,0.10566615620214395,0.059735626400768425
JT-2,23.6,7.7,6.9,3.2,267.0,2.537,2.4,0.813,0.34,0.218,0.139,0.118,12.4,18.521,8.69,-0.03,생활하수/처리수 영향,11.637614678899082,4.887662593614506,7.3003547497043755,-289.6666666666667,0.41820418204182047,0.043896117920198686
JT-3,20.3,7.1,5.7,0.3,296.0,7.012,7.004,5.713,0.068,0.052,0.032,0.024,3.7,25.846,12.03,1.23,생활하수/처리수 영향,134.84615384615384,0.5276668568168854,3.685966913861951,9.780487804878048,0.01190267810257308,0.22104000619051303
JT-5,23.5,7.6,6.6,1.1,265.0,2.967,2.962,1.772,0.168,0.08,0.06,0.042,8.1,19.343,11.63,1.73,생활하수/처리수 영향,37.0875,2.7300303336703737,6.51937984496124,6.722543352601156,0.09480812641083522,0.09160936772992814
JT-6,22.7,7.5,5.8,1.8,286.0,2.35,2.324,1.132,0.237,0.108,0.072,0.058,8.9,18.594,9.3,0.48,생활하수/처리수 영향,21.75925925925926,3.7872340425531914,7.912340425531915,19.375000000000004,0.20936395759717316,0.06087985371625255
JT-7,23.9,7.6,6.7,2.7,201.0,2.064,2.062,0.897,0.213,0.135,0.101,0.085,8.8,13.614,8.85,-0.12,생활하수/처리수 영향,15.288888888888888,4.263565891472869,6.59593023255814,-73.75,0.2374581939799331,0.06588805641251652
JT-8,23.0,7.8,6.8,0.6,277.0,2.26,2.143,1.599,0.044,0.106,0.083,0.08,3.0,13.83,10.48,2.53,생활하수/처리수 영향,21.32075471698113,1.3274336283185841,6.119469026548673,4.142292490118577,0.027517198248905566,0.1156182212581345
JT-10,24.6,7.3,5.0,1.8,135.0,1.663,1.658,0.757,0.317,0.334,0.285,0.282,5.5,7.358,11.6,0.25,생활하수/처리수 영향,4.979041916167665,3.307276007215875,4.424533974744437,46.4,0.4187582562747688,0.10288121772220712
JT-11,24.9,7.7,7.1,1.9,201.0,2.358,2.341,1.002,0.322,0.166,0.112,0.106,7.4,12.045,8.97,-1.52,생활하수/처리수 영향,14.204819277108433,3.138252756573367,5.108142493638677,-5.901315789473685,0.3213572854291417,0.08318804483188044
JT-12,25.6,7.7,6.8,1.0,170.0,1.683,1.657,0.85,0.074,0.16,0.111,0.108,6.1,10.104,11.03,0.3,생활하수/처리수 영향,10.51875,3.6244800950683302,6.003565062388591,36.766666666666666,0.08705882352941176,0.08412509897070468
JT-13,27.9,7.8,9.1,1.2,199.0,1.779,1.774,1.034,0.033,0.128,0.094,0.089,6.0,11.817,10.63,0.98,생활하수/처리수 영향,13.898437499999998,3.3726812816188874,6.642495784148398,10.846938775510205,0.031914893617021274,0.0875010577980875
JT-14,25.0,8.3,8.2,1.6,156.0,2.157,2.154,1.259,0.087,0.075,0.04,0.026,6.1,9.132,5.87,3.41,토양-질소 기원,28.76,2.8280018544274452,4.2336578581363,1.721407624633431,0.06910246227164417,0.13786684187472623
JT-15,23.8,7.9,9.9,0.8,319.0,4.195,4.181,3.108,0.05,0.119,0.084,0.083,4.5,19.833,8.49,1.42,생활하수/처리수 영향,35.25210084033614,1.072705601907032,4.727771156138259,5.97887323943662,0.016087516087516088,0.15670851610951447
JT-16,24.2,7.9,9.3,1.2,252.0,3.047,3.032,2.065,0.057,0.12,0.085,0.081,5.3,16.037,8.49,2.59,생활하수/처리수 영향,25.39166666666667,1.7394158188382014,5.263209714473252,3.2779922779922783,0.027602905569007265,0.1287647315582715
JT-17,25.3,7.6,8.7,1.0,268.0,2.843,2.824,1.854,0.049,0.09,0.066,0.056,5.1,15.884,9.51,2.36,생활하수/처리수 영향,31.58888888888889,1.7938797045374604,5.587055926837848,4.029661016949152,0.026429341963322545,0.11672122890959456
JT-19,21.5,7.6,9.9,0.5,189.0,4.378,4.301,3.232,0.03,0.051,0.027,0.021,2.9,11.101,9.4,1.16,생활하수/처리수 영향,85.84313725490198,0.6624029237094563,2.535632708999543,8.10344827586207,0.009282178217821782,0.29114494189712636
JT-20,20.8,7.8,10.3,0.6,197.0,3.29,3.287,2.367,0.031,0.06,0.033,0.029,3.6,12.612,9.01,2.7,생활하수/처리수 영향,54.833333333333336,1.094224924012158,3.833434650455927,3.3370370370370366,0.01309674693705112,0.18767840152235965
JT-21,25.6,7.5,7.7,1.4,193.0,2.123,2.119,1.221,0.059,0.162,0.114,0.111,5.8,12.163,8.83,1.54,생활하수/처리수 영향,13.10493827160494,2.7319830428638716,5.729156853509185,5.733766233766234,0.04832104832104832,0.10038641782454986
JT-22,19.5,7.4,9.9,0.8,163.0,2.399,2.333,1.632,0.076,0.088,0.066,0.056,2.3,6.438,5.49,-0.53,토양-질소 기원,27.261363636363637,0.9587328053355564,2.683618174239266,-10.358490566037736,0.04656862745098039,0.2534948741845294
JT-26,26.3,7.6,8.2,3.2,265.0,2.792,2.651,1.216,0.305,0.14,0.099,0.09,8.4,21.811,9.37,1.68,생활하수/처리수 영향,19.94285714285714,3.008595988538682,7.811962750716333,5.5773809523809526,0.25082236842105265,0.055751684929622666
JT-27,29.3,10.3,15.9,4.1,210.0,1.257,1.225,0.485,0.023,0.126,0.071,0.051,8.0,11.71,10.02,4.44,생활하수/처리수 영향,9.976190476190474,6.364359586316628,9.315831344470965,2.2567567567567566,0.04742268041237113,0.041417591801878734
JT-28,26.5,7.7,8.5,2.2,260.0,4.54,4.454,2.706,0.132,0.646,0.562,0.561,6.8,14.316,14.0,3.42,생활하수/처리수 영향,7.027863777089783,1.4977973568281937,3.1533039647577095,4.093567251461988,0.04878048780487805,0.1890192791282481
JT-29,26.0,7.8,7.7,1.6,199.0,2.402,2.269,1.481,0.052,0.164,0.137,0.129,5.9,12.844,8.83,2.42,생활하수/처리수 영향,14.646341463414634,2.456286427976686,5.347210657785179,3.6487603305785123,0.035111411208642807,0.11530675801930863
JT-30,25.7,7.9,7.2,2.5,198.0,2.534,2.509,1.274,0.144,0.209,0.163,0.159,7.2,12.569,8.04,1.49,생활하수/처리수 영향,12.124401913875598,2.8413575374901345,4.960142067876875,5.395973154362416,0.11302982731554159,0.10136049009467737
JT_1,22.9,7.9,8.6,0.7,145.0,0.968,0.961,0.67,0.029,0.052,0.04,0.033,3.7,7.972,9.93,5.0,생활하수/처리수 영향,18.615384615384617,3.8223140495867773,8.235537190082646,1.986,0.04328358208955224,0.08404415454089313
JT_2,23.8,7.8,8.3,1.6,202.0,1.488,1.486,0.673,0.187,0.254,0.197,0.194,6.6,11.195,9.41,4.39,생활하수/처리수 영향,5.858267716535433,4.435483870967742,7.523521505376344,2.143507972665148,0.2778603268945022,0.06011612326931666
JT_3,23.6,7.5,8.8,1.1,174.0,2.031,2.026,1.43,0.044,0.049,0.034,0.019,5.8,10.713,10.3,4.17,생활하수/처리수 영향,41.44897959183674,2.8557360905957654,5.274741506646971,2.470023980815348,0.030769230769230767,0.13348268458881732
JT_4,23.5,7.6,7.6,1.6,226.0,5.634,5.625,4.632,0.172,0.204,0.152,0.148,7.1,12.4,18.54,9.89,탈질작용(기원변형),27.617647058823533,1.260205892793752,2.2009229676961306,1.8746208291203235,0.037132987910189985,0.3735483870967742
JT_5,24.1,7.6,7.8,1.2,230.0,1.72,1.718,1.018,0.066,0.094,0.064,0.052,7.2,15.544,10.76,5.19,생활하수/처리수 영향,18.29787234042553,4.186046511627907,9.037209302325582,2.073217726396917,0.06483300589390963,0.0654915079773546
JT_6,23.5,7.7,7.2,1.6,246.0,2.474,2.443,0.744,0.808,0.212,0.154,0.152,8.9,12.019,9.33,4.15,생활하수/처리수 영향,11.669811320754718,3.597413096200485,4.8581244947453515,2.2481927710843372,1.0860215053763442,0.061901988518179546
JT_7,24.1,7.7,8.3,1.0,229.0,1.267,1.264,0.6,0.065,0.076,0.051,0.04,6.8,14.491,10.82,5.62,생활하수/처리수 영향,16.671052631578945,5.367008681925809,11.437253354380427,1.9252669039145907,0.10833333333333334,0.04140501000621075
JT_8,23.0,7.8,7.5,1.3,174.0,1.124,1.099,0.624,0.057,0.068,0.04,0.031,5.5,8.814,8.47,6.23,생활하수/처리수 영향,16.529411764705884,4.893238434163701,7.8416370106761555,1.3595505617977528,0.09134615384615385,0.07079646017699115
JT_10,25.0,7.5,7.1,1.8,141.0,2.062,2.038,0.864,0.551,0.472,0.424,0.418,4.9,7.517,12.87,4.98,생활하수/처리수 영향,4.36864406779661,2.3763336566440354,3.6454898157129008,2.58433734939759,0.6377314814814815,0.11493947053345749
JT_11,24.7,7.8,8.5,1.4,191.0,1.539,1.538,0.886,0.076,0.127,0.096,0.09,6.2,9.924,9.27,2.99,생활하수/처리수 영향,12.118110236220472,4.028589993502274,6.448343079922028,3.1003344481605346,0.08577878103837472,0.08927851672712617
JT_12,24.8,7.6,7.7,1.3,161.0,1.36,1.356,0.738,0.117,0.187,0.148,0.146,5.5,8.532,12.1,2.71,생활하수/처리수 영향,7.272727272727273,4.044117647058823,6.273529411764706,4.464944649446495,0.15853658536585366,0.08649789029535865
JT_13,24.0,7.9,8.1,1.3,260.0,1.496,1.464,0.84,0.091,0.172,0.134,0.132,5.8,9.068,10.65,5.39,생활하수/처리수 영향,8.697674418604652,3.877005347593583,6.061497326203209,1.9758812615955474,0.10833333333333334,0.09263343625937362
JT_15,23.2,7.1,9.1,0.8,335.0,5.012,4.992,4.32,0.052,0.15,0.117,0.116,4.3,17.31,8.38,2.78,생활하수/처리수 영향,33.413333333333334,0.8579409417398245,3.453711093375898,3.0143884892086334,0.012037037037037035,0.2495667244367418
JT_16,21.9,7.9,9.1,0.8,328.0,3.906,3.9,3.181,0.058,0.135,0.1,0.099,4.7,18.459,9.62,3.21,생활하수/처리수 영향,28.933333333333334,1.2032770097286227,4.725806451612903,2.996884735202492,0.018233259981138006,0.17232786174765696
JT_17,23.0,8.0,8.0,0.8,267.0,3.006,3.003,2.343,0.053,0.083,0.06,0.055,4.1,13.07,8.58,4.52,생활하수/처리수 영향,36.21686746987951,1.3639387890884898,4.347970725216235,1.8982300884955754,0.022620571916346564,0.179265493496557
JT_21,24.3,7.3,7.1,1.5,240.0,2.607,2.488,1.603,0.212,0.221,0.174,0.171,5.3,15.553,10.55,5.09,생활하수/처리수 영향,11.796380090497738,2.032988108937476,5.965861143076332,2.0726915520628686,0.132252027448534,0.10306693242461261
JT_22,21.5,7.6,8.5,1.3,101.0,3.631,3.54,2.616,0.324,0.139,0.108,0.105,3.1,8.557,6.12,2.84,토양-질소 기원,26.122302158273378,0.8537592949600662,2.3566510603139634,2.154929577464789,0.1238532110091743,0.3057146196096763
JT_23,24.9,7.1,7.2,1.4,341.0,2.778,2.745,1.735,0.31,0.221,0.189,0.188,3.8,43.783,11.28,-0.29,생활하수/처리수 영향,12.570135746606335,1.3678905687544995,15.760619150467964,-38.89655172413793,0.1786743515850144,0.03962725258662038
JT_24,24.2,7.1,7.3,1.7,242.0,1.439,1.392,0.77,0.095,0.124,0.098,0.09,5.4,16.861,10.1,5.9,생활하수/처리수 영향,11.60483870967742,3.752605976372481,11.71716469770674,1.711864406779661,0.12337662337662338,0.04566751675464089
JT_25,24.6,7.4,7.8,2.2,279.0,1.937,1.872,1.001,0.241,0.139,0.106,0.104,5.7,28.504,9.57,2.78,생활하수/처리수 영향,13.93525179856115,2.9426948890036138,14.715539494062984,3.442446043165468,0.24075924075924077,0.035117878192534376
JT_26,25.0,7.8,8.4,3.5,254.0,2.447,2.354,0.991,0.493,0.143,0.112,0.106,6.8,21.988,8.73,3.55,생활하수/처리수 영향,17.111888111888113,2.7789129546383324,8.985696771557008,2.459154929577465,0.49747729566094856,0.045070038202655996
JT_27,23.5,7.7,9.5,2.5,270.0,1.911,1.878,0.973,0.225,0.096,0.048,0.03,5.0,12.812,10.65,6.92,생활하수/처리수 영향,19.90625,2.6164311878597593,6.704343275771847,1.5390173410404624,0.2312435765673176,0.07594442709959413
JT_29,25.4,8.0,8.4,1.6,230.0,2.121,2.044,1.364,0.076,0.166,0.136,0.133,5.3,13.734,9.98,6.69,생활하수/처리수 영향,12.77710843373494,2.498821310702499,6.475247524752476,1.491778774289985,0.055718475073313775,0.09931556720547546
JT_30,24.8,8.1,8.9,4.7,172.0,1.848,1.764,0.911,0.256,0.204,0.164,0.159,7.6,9.568,6.4,10.32,토양-질소 기원,9.058823529411766,4.112554112554112,5.177489177489177,0.6201550387596899,0.2810098792535675,0.09521321070234115
JT_23B ,25.7,7.1,8.4,0.099,389.0,4.138,4.131,2.597,0.742,0.291,0.29,0.283,3.7,52.849,11.83,0.92,생활하수/처리수 영향,14.219931271477664,0.8941517641372645,12.771628806186563,12.858695652173912,0.2857142857142857,0.04914000264905675
JT_1,27.4,7.8,7.8,1.2,110.0,0.968,0.959,0.782,0.023,0.046,0.023,0.014,2.4,6.977,8.12,2.58,생활하수/처리수 영향,21.043478260869566,2.479338842975207,7.207644628099174,3.147286821705426,0.029411764705882353,0.11208255697291099
JT_2,27.8,7.6,7.1,1.8,185.0,1.286,1.194,0.682,0.147,0.19,0.099,0.099,4.8,10.912,8.51,1.58,생활하수/처리수 영향,6.768421052631579,3.7325038880248833,8.485225505443236,5.386075949367088,0.21554252199413487,0.0625
JT_3,26.6,7.4,7.4,1.4,198.0,4.242,4.063,3.85,0.054,0.07,0.036,0.023,4.0,12.38,11.4,3.08,생활하수/처리수 영향,60.599999999999994,0.9429514380009429,2.9184347006129188,3.7012987012987013,0.014025974025974025,0.3109854604200323
JT_5,27.9,7.5,7.1,1.8,182.0,2.46,2.321,2.0,0.057,0.112,0.064,0.052,4.1,15.938,10.97,2.02,생활하수/처리수 영향,21.96428571428571,1.6666666666666665,6.478861788617887,5.430693069306931,0.0285,0.12548625925461163
JT_6,27.4,7.6,7.4,2.3,194.0,1.391,1.305,0.848,0.116,0.13,0.077,0.064,5.3,9.334,10.22,2.62,생활하수/처리수 영향,10.7,3.8102084831056793,6.710280373831775,3.900763358778626,0.13679245283018868,0.09085065352474823
JT_7,27.5,7.6,7.3,1.9,151.0,1.241,1.132,0.878,0.059,0.109,0.046,0.037,3.6,9.509,10.01,4.11,생활하수/처리수 영향,11.385321100917432,2.9008863819500403,7.662369057211926,2.435523114355231,0.06719817767653759,0.09233357871490167
JT_8,28.2,7.8,7.7,1.9,164.0,1.711,1.58,1.335,0.049,0.104,0.054,0.044,3.6,9.183,8.14,2.84,생활하수/처리수 영향,16.451923076923077,2.104032729398013,5.367036820572764,2.866197183098592,0.03670411985018727,0.14537732767069586
JT_9,30.0,7.8,9.3,2.3,198.0,1.658,1.489,1.22,0.063,0.128,0.047,0.037,3.7,11.185,8.5,6.6,생활하수/처리수 영향,12.953124999999998,2.2316043425814236,6.746079613992763,1.2878787878787878,0.051639344262295085,0.10907465355386678
JT_10,26.0,7.7,7.9,1.5,111.0,2.002,1.824,1.368,0.244,0.303,0.228,0.228,3.5,7.216,8.77,1.21,생활하수/처리수 영향,6.607260726072607,1.7482517482517483,3.604395604395605,7.24793388429752,0.1783625730994152,0.18957871396895787
JT_11,27.4,7.5,8.6,1.7,194.0,1.488,1.326,1.115,0.033,0.124,0.061,0.048,4.5,10.451,10.33,2.45,생활하수/처리수 영향,12.0,3.024193548387097,7.023521505376345,4.216326530612244,0.029596412556053813,0.10668835518132236
JT_12,27.7,7.9,8.6,2.3,135.0,1.319,1.169,0.934,0.022,0.151,0.082,0.07,4.8,8.115,10.39,2.55,생활하수/처리수 영향,8.735099337748345,3.639120545868082,6.152388172858227,4.074509803921569,0.02355460385438972,0.11509550215650032
JT_13,28.3,8.0,9.4,3.9,173.0,1.371,1.257,1.007,0.02,0.133,0.067,0.055,4.3,9.677,10.4,4.68,생활하수/처리수 영향,10.308270676691729,3.136396790663749,7.058351568198395,2.2222222222222223,0.0198609731876862,0.10406117598429264
JT_15,24.1,7.5,10.5,2.9,295.0,4.548,4.192,4.104,0.056,0.189,0.096,0.087,3.7,14.944,9.0,1.06,생활하수/처리수 영향,24.063492063492063,0.8135444151275286,3.285839929639402,8.49056603773585,0.01364522417153996,0.27462526766595285
JT_16,25.4,7.6,10.0,4.3,254.0,2.915,2.723,2.55,0.052,0.132,0.071,0.063,4.7,16.212,8.6,3.58,생활하수/처리수 영향,22.083333333333332,1.6123499142367068,5.561578044596913,2.4022346368715084,0.0203921568627451,0.15729089563286452
JT_17,26.6,7.5,8.9,3.0,249.0,2.775,2.521,2.457,0.03,0.093,0.043,0.031,3.6,13.281,9.1,3.73,생활하수/처리수 영향,29.838709677419356,1.2972972972972974,4.785945945945946,2.4396782841823055,0.01221001221001221,0.1850011294330246
JT_21,28.5,7.7,8.6,3.2,185.0,2.356,2.077,1.906,0.027,0.173,0.093,0.081,4.2,11.901,9.9,3.97,생활하수/처리수 영향,13.61849710982659,1.7826825127334467,5.051358234295416,2.4937027707808563,0.01416579223504722,0.16015460885639862
JT_22,24.1,7.8,9.4,1.9,127.0,1.8,1.594,1.382,0.147,0.148,0.101,0.09,2.5,8.42,5.54,0.58,토양-질소 기원,12.162162162162163,1.3888888888888888,4.677777777777778,9.551724137931036,0.10636758321273516,0.16413301662707838
JT_23,28.3,7.8,9.0,3.1,390.0,2.825,2.575,2.083,0.236,0.075,0.037,0.024,3.7,55.61,16.44,2.05,생활하수/처리수 영향,37.66666666666667,1.3097345132743363,19.68495575221239,8.019512195121953,0.11329812770043206,0.0374572918539831
JT_24,28.5,7.7,9.1,4.6,230.0,1.986,1.707,1.484,0.015,0.122,0.057,0.041,5.4,17.491,9.52,4.9,생활하수/처리수 영향,16.278688524590166,2.719033232628399,8.807150050352467,1.9428571428571426,0.010107816711590296,0.08484363386884683
JT_25,28.6,7.8,10.7,3.0,290.0,1.915,1.651,1.401,0.016,0.088,0.031,0.017,4.0,27.504,10.83,4.2,생활하수/처리수 영향,21.761363636363637,2.0887728459530024,14.362402088772846,2.5785714285714283,0.011420413990007138,0.05093804537521815
JT_26,29.8,8.8,10.1,4.5,251.0,2.142,1.737,1.397,0.019,0.116,0.036,0.017,5.4,21.869,10.9,3.74,생활하수/처리수 영향,18.46551724137931,2.521008403361345,10.209617180205417,2.914438502673797,0.013600572655690766,0.06388037861813527
JT_27,26.7,7.9,7.4,2.9,157.0,0.745,0.603,0.328,0.061,0.077,0.027,0.017,4.9,7.997,9.62,4.82,생활하수/처리수 영향,9.675324675324676,6.577181208053692,10.734228187919463,1.9958506224066388,0.18597560975609756,0.04101538076778792
JT_29,28.5,7.8,10.2,2.8,168.0,2.169,1.969,1.706,0.021,0.12,0.069,0.051,3.4,10.475,9.49,5.62,생활하수/처리수 영향,18.075,1.5675426463808206,4.829414476717381,1.688612099644128,0.012309495896834702,0.1628639618138425
JT_30,28.1,7.8,9.9,2.7,156.0,2.426,2.168,1.678,0.111,0.281,0.214,0.209,3.8,10.001,7.11,8.87,토양-질소 기원,8.633451957295373,1.56636438582028,4.122423742786479,0.8015783540022549,0.06615017878426699,0.16778322167783222
JT_4B ,27.2,7.6,7.2,0.099,145.0,1.264,1.13,0.687,0.109,0.089,0.06,0.042,5.1,8.278,8.42,1.95,생활하수/처리수 영향,14.202247191011237,4.034810126582278,6.549050632911393,4.317948717948718,0.1586608442503639,0.08299106064266731
JT_1,24.3,8.0,8.0,0.9,113.0,0.779,0.773,0.726,0.02,0.037,0.036,0.025,1.9,7.213,8.46,2.59,생활하수/처리수 영향,21.054054054054056,2.4390243902439024,9.25930680359435,3.266409266409267,0.027548209366391185,0.10065160127547483
JT_2,24.7,7.1,6.7,0.8,290.0,2.307,2.295,1.989,0.077,0.049,0.04,0.028,3.1,21.114,11.85,3.67,생활하수/처리수 영향,47.08163265306122,1.3437364542696142,9.152145643693109,3.2288828337874658,0.03871292106586224,0.09420289855072464
JT_3,24.9,7.4,6.4,1.0,131.0,1.118,1.109,0.865,0.052,0.05,0.05,0.025,4.9,8.43,10.68,3.05,생활하수/처리수 영향,22.36,4.382826475849732,7.540250447227191,3.501639344262295,0.06011560693641618,0.10260972716488731
JT_5,25.4,7.4,6.3,1.0,184.0,1.468,1.461,1.322,0.056,0.087,0.075,0.062,4.4,11.295,10.35,2.35,생활하수/처리수 영향,16.873563218390807,2.9972752043596733,7.694141689373297,4.404255319148936,0.04236006051437216,0.11704293935369633
JT_6,24.2,7.8,7.2,1.2,143.0,1.853,1.775,1.408,0.047,0.071,0.063,0.039,4.8,8.094,7.35,0.98,토양-질소 기원,26.098591549295776,2.5903939557474365,4.368051807879115,7.5,0.03338068181818182,0.1739560168025698
JT_7,25.3,7.6,7.4,1.1,165.0,1.488,1.466,1.157,0.036,0.099,0.076,0.067,3.9,9.988,10.28,2.92,생활하수/처리수 영향,15.03030303030303,2.620967741935484,6.712365591397849,3.5205479452054793,0.03111495246326707,0.11583900680816982
JT_8,25.7,7.9,7.4,1.2,154.0,2.324,2.224,1.874,0.036,0.08,0.056,0.036,4.0,7.771,7.79,1.31,토양-질소 기원,29.049999999999997,1.721170395869191,3.3438037865748713,5.946564885496183,0.019210245464247596,0.241153004761292
JT_9,26.5,7.7,8.2,1.4,172.0,1.811,1.722,1.396,0.082,0.173,0.13,0.13,4.0,9.297,9.23,3.66,생활하수/처리수 영향,10.468208092485549,2.2087244616234125,5.1336278299282165,2.521857923497268,0.058739255014326655,0.15015596428955574
JT_10,25.2,7.8,7.5,1.1,111.0,0.798,0.798,0.623,0.034,0.078,0.072,0.063,3.1,7.343,10.02,1.97,생활하수/처리수 영향,10.230769230769232,3.8847117794486214,9.201754385964911,5.086294416243654,0.05457463884430177,0.08484270734032412
JT_11,26.1,7.6,7.5,1.2,170.0,1.155,1.155,0.88,0.061,0.087,0.087,0.086,3.4,9.129,10.18,1.88,생활하수/처리수 영향,13.275862068965518,2.9437229437229435,7.903896103896104,5.414893617021277,0.06931818181818182,0.09639610033957717
JT_12,25.5,7.6,6.8,1.4,139.0,0.957,0.957,0.715,0.058,0.102,0.102,0.099,3.4,8.073,10.24,1.43,생활하수/처리수 영향,9.382352941176471,3.5527690700104495,8.435736677115989,7.160839160839162,0.08111888111888113,0.08856682769726247
JT_13,26.8,7.9,7.9,1.3,159.0,1.07,1.07,0.795,0.022,0.095,0.095,0.089,3.3,8.977,10.66,1.73,생활하수/처리수 영향,11.263157894736842,3.08411214953271,8.389719626168224,6.1618497109826595,0.027672955974842765,0.08855965244513757
JT_15,22.2,7.5,9.2,1.7,286.0,3.955,3.955,3.38,0.056,0.122,0.122,0.121,3.7,14.941,8.19,1.21,생활하수/처리수 영향,32.41803278688525,0.9355246523388117,3.7777496839443745,6.768595041322314,0.016568047337278107,0.22622314436784685
JT_16,23.4,7.5,8.7,1.6,289.0,3.656,3.656,3.104,0.052,0.113,0.113,0.11,3.6,17.977,8.94,2.36,생활하수/처리수 영향,32.35398230088496,0.9846827133479212,4.917122538293216,3.788135593220339,0.01675257731958763,0.17266507203649106
JT_17,24.6,7.4,7.6,1.7,251.0,3.356,3.356,2.882,0.024,0.073,0.073,0.065,2.6,13.077,8.87,3.03,생활하수/처리수 영향,45.97260273972603,0.7747318235995233,3.8966030989272946,2.927392739273927,0.008327550312283136,0.22038693890035943
JT_21,25.5,7.0,7.2,2.0,292.0,5.816,5.392,4.969,0.088,0.184,0.121,0.117,5.0,17.142,9.67,2.32,생활하수/처리수 영향,31.608695652173914,0.859697386519945,2.9473865199449794,4.168103448275862,0.017709800764741393,0.2898728269746821
JT_22,22.3,7.2,8.4,1.4,90.0,1.024,0.921,0.861,0.046,0.085,0.073,0.049,2.0,5.748,5.36,1.89,토양-질소 기원,12.047058823529412,1.953125,5.61328125,2.8359788359788363,0.053426248548199766,0.14979123173277661
JT_24,25.7,7.3,7.9,2.3,164.0,1.909,1.697,1.474,0.017,0.09,0.046,0.032,4.2,10.258,8.14,4.76,생활하수/처리수 영향,21.211111111111112,2.2001047668936615,5.373493975903614,1.7100840336134455,0.01153324287652646,0.1436927276272178
JT_25,26.4,7.3,8.2,2.2,221.0,2.653,2.398,2.053,0.105,0.11,0.065,0.059,4.2,18.055,9.65,2.69,생활하수/처리수 영향,24.118181818181817,1.58311345646438,6.8055032039200904,3.5873605947955394,0.05114466634193863,0.11370811409581832
JT_26,27.2,7.5,7.9,2.3,226.0,2.489,2.225,1.877,0.105,0.122,0.072,0.07,4.2,18.212,8.59,1.25,생활하수/처리수 영향,20.401639344262296,1.687424668541583,7.316994777018883,6.872,0.05594033031433138,0.10306391390292115
JT_27,26.2,7.2,7.1,2.8,152.0,0.765,0.697,0.416,0.035,0.076,0.058,0.044,5.9,10.19,9.69,5.48,생활하수/처리수 영향,10.06578947368421,7.712418300653595,13.320261437908496,1.7682481751824815,0.08413461538461539,0.0408243375858685
JT_29,26.9,7.6,8.2,1.3,174.0,2.202,2.201,2.025,0.062,0.143,0.102,0.095,3.0,10.813,8.32,4.11,생활하수/처리수 영향,15.3986013986014,1.3623978201634879,4.910535876475931,2.0243309002433088,0.030617283950617285,0.1872745768981781
JT_30,26.2,7.8,8.0,1.7,158.0,2.16,2.025,1.667,0.131,0.162,0.122,0.11,3.6,10.08,7.4,2.81,토양-질소 기원,13.333333333333334,1.6666666666666665,4.666666666666666,2.6334519572953736,0.07858428314337133,0.16537698412698412
JT_1,21.1,7.8,8.1,1.4,80.0,1.768,1.698,1.478,0.028,0.085,0.022,0.018,5.6,7.927,2.0,-0.26,토양-질소 기원,20.799999999999997,3.167420814479638,4.483597285067873,-7.692307692307692,0.018944519621109608,0.18645136873975024
JT_2,20.8,7.7,8.2,1.9,100.0,2.984,2.959,2.513,0.055,0.228,0.165,0.162,7.8,5.515,2.48,-1.38,토양-질소 기원,13.087719298245613,2.6139410187667558,1.8481903485254692,-1.7971014492753625,0.021886191802626343,0.45566636446056213
JT_3,21.3,7.7,8.2,2.1,96.0,2.723,2.647,2.223,0.052,0.111,0.053,0.043,6.8,5.571,1.62,-1.25,토양-질소 기원,24.53153153153153,2.4972456849063533,2.0459052515607787,-1.296,0.023391812865497075,0.3990306946688207
JT_4,20.7,7.4,7.8,1.2,135.0,9.146,9.075,8.927,0.117,0.119,0.099,0.097,4.3,6.078,3.04,-0.8,토양-질소 기원,76.85714285714286,0.47015088563306356,0.6645528099715723,-3.8,0.013106306709980958,1.468739717012175
JT_5,21.4,7.2,7.9,2.4,106.0,3.63,3.566,3.047,0.099,0.223,0.135,0.127,8.5,5.401,2.28,-0.83,토양-질소 기원,16.278026905829595,2.3415977961432506,1.4878787878787878,-2.746987951807229,0.032490974729241874,0.5641547861507129
JT_6,21.3,7.6,8.0,2.4,92.0,2.83,2.775,2.227,0.058,0.159,0.088,0.076,8.1,5.173,1.06,-0.45,토양-질소 기원,17.79874213836478,2.862190812720848,1.8279151943462897,-2.3555555555555556,0.02604400538841491,0.43050454281848055
JT_7,21.1,7.5,7.9,2.9,101.0,3.216,3.1,2.514,0.1,0.257,0.156,0.149,8.5,5.418,2.58,-0.4,토양-질소 기원,12.513618677042802,2.6430348258706466,1.6847014925373134,-6.45,0.039777247414478925,0.46400885935769653
JT_8,21.8,7.9,8.1,2.1,102.0,2.447,2.394,2.003,0.043,0.083,0.045,0.036,5.7,5.451,0.98,-1.0,토양-질소 기원,29.481927710843372,2.3293829178586023,2.227625664078463,-0.98,0.02146779830254618,0.3674555127499542
JT_9,21.9,7.9,8.2,2.2,114.0,2.712,2.633,2.14,0.061,0.197,0.127,0.118,7.5,6.248,2.8,-0.07,토양-질소 기원,13.766497461928934,2.765486725663717,2.303834808259587,-39.99999999999999,0.02850467289719626,0.34250960307298334
JT_10,21.9,7.7,8.0,2.1,162.0,1.435,1.356,0.83,0.065,0.52,0.496,0.49,6.8,11.13,5.2,1.12,토양-질소 기원,2.7596153846153846,4.738675958188153,7.75609756097561,4.642857142857142,0.0783132530120482,0.07457322551662174
JT_11,21.1,7.8,8.2,2.3,103.0,3.457,3.264,2.746,0.076,0.297,0.182,0.163,9.6,5.434,3.23,-0.94,토양-질소 기원,11.63973063973064,2.7769742551345096,1.5718831356667633,-3.4361702127659575,0.027676620538965767,0.5053367684946632
JT_12,20.9,7.7,8.1,2.8,108.0,3.331,3.155,2.526,0.103,0.407,0.255,0.235,9.7,5.857,4.11,-0.88,토양-질소 기원,8.184275184275185,2.912038426898829,1.7583308315821076,-4.670454545454546,0.04077593032462391,0.4312788116783336
JT_13,23.0,7.5,7.9,2.6,65.0,3.143,2.905,2.357,0.09,0.438,0.274,0.254,8.8,6.367,4.94,-0.17,토양-질소 기원,7.175799086757991,2.7998727330575885,2.025771555838371,-29.058823529411764,0.03818413237165889,0.37019004240615677
JT_14,23.4,7.6,7.6,2.4,139.0,4.595,4.562,4.081,0.072,0.249,0.177,0.162,6.8,7.88,3.4,0.02,토양-질소 기원,18.453815261044177,1.4798694232861807,1.7149075081610448,170.0,0.017642734623866695,0.5178934010152285
JT_15,23.1,7.4,7.8,1.9,181.0,3.184,3.102,2.765,0.041,0.162,0.126,0.124,5.7,8.926,1.38,0.67,토양-질소 기원,19.654320987654323,1.7902010050251256,2.803391959798995,2.059701492537313,0.014828209764918625,0.3097692135334977
JT_16,22.8,7.4,7.8,2.0,160.0,4.335,4.201,3.833,0.052,0.222,0.164,0.155,6.4,8.896,2.43,0.04,토양-질소 기원,19.527027027027028,1.4763552479815456,2.0521337946943485,60.75,0.013566397078006782,0.4308678057553957
JT_17,22.9,7.7,7.6,2.2,131.0,3.699,3.491,3.051,0.092,0.377,0.247,0.242,7.8,6.419,2.31,0.7,토양-질소 기원,9.811671087533156,2.10867802108678,1.7353338740200053,3.3000000000000003,0.030154047853162894,0.4753076803240381
JT_18,22.7,7.4,7.8,1.8,92.0,2.243,2.137,1.894,0.021,0.08,0.029,0.016,4.8,5.199,0.68,-0.98,토양-질소 기원,28.037499999999998,2.139991083370486,2.317877842175658,-0.6938775510204083,0.01108764519535375,0.3643008270821312
JT_19,23.3,8.2,7.5,1.8,143.0,2.283,2.208,1.848,0.036,0.126,0.075,0.066,6.4,4.853,1.41,0.14,토양-질소 기원,18.119047619047617,2.803328953131844,2.1257117827420062,10.07142857142857,0.019480519480519477,0.3807953842983722
JT_20,23.2,7.5,7.5,1.2,79.0,2.306,2.212,1.943,0.024,0.071,0.043,0.036,5.6,4.477,-0.79,-0.12,토양-질소 기원,32.47887323943662,2.4284475281873372,1.9414570685169126,6.583333333333334,0.012352032938754504,0.43399597945052487
JT_21,21.0,7.3,7.3,2.9,122.0,2.267,2.166,1.643,0.125,0.385,0.303,0.3,7.0,5.781,7.07,2.43,토양-질소 기원,5.8883116883116875,3.0877812086457874,2.5500661667401854,2.9094650205761314,0.07608034083992696,0.28420688462203775
JT_22,19.9,7.2,7.3,1.2,100.0,2.282,2.253,1.965,0.071,0.111,0.087,0.051,3.9,4.545,3.02,-1.77,토양-질소 기원,20.55855855855856,1.7090271691498684,1.9916739702015775,-1.7062146892655368,0.036132315521628496,0.43234323432343236
JT_23,21.7,7.6,7.4,4.0,196.0,2.579,2.433,1.339,0.659,0.213,0.146,0.145,6.3,15.627,6.81,1.8,토양-질소 기원,12.107981220657278,2.44280728964715,6.059325319891431,3.783333333333333,0.49215832710978347,0.08568503231586357
JT_24,21.0,7.6,8.1,3.0,136.0,1.876,1.658,1.203,0.054,0.318,0.201,0.193,7.2,8.075,5.96,2.07,토양-질소 기원,5.899371069182389,3.8379530916844353,4.304371002132196,2.879227053140097,0.04488778054862842,0.14897832817337464
JT_25,21.4,7.7,8.1,3.8,129.0,1.696,1.511,1.026,0.116,0.294,0.175,0.165,6.8,9.503,6.29,2.63,토양-질소 기원,5.7687074829931975,4.009433962264151,5.6031839622641515,2.3916349809885933,0.11306042884990254,0.10796590550352521
JT_26,21.2,7.5,8.1,4.5,127.0,1.817,1.509,0.99,0.204,0.349,0.164,0.154,6.5,11.191,6.63,4.65,토양-질소 기원,5.206303724928367,3.577325261419923,6.159053384700056,1.4258064516129032,0.20606060606060606,0.08846394424090787
JT_27,22.9,7.5,7.1,3.8,180.0,1.154,0.936,0.425,0.152,0.237,0.112,0.082,7.2,9.151,7.31,3.71,내생부하(정체수역 유기물 축적),4.8691983122362865,6.239168110918545,7.929809358752167,1.9703504043126683,0.35764705882352943,0.04644301169271118
JT_28,21.1,7.5,7.8,3.6,113.0,1.71,1.483,0.937,0.097,0.471,0.277,0.264,8.4,7.352,6.25,4.12,토양-질소 기원,3.6305732484076434,4.912280701754386,4.299415204678363,1.5169902912621358,0.10352187833511206,0.12744831338411317
JT_29,22.8,7.5,8.0,2.4,154.0,2.586,2.385,1.897,0.123,0.271,0.189,0.187,5.2,9.111,7.45,3.62,토양-질소 기원,9.542435424354242,2.0108275328692966,3.5232018561484924,2.0580110497237567,0.06483921982076964,0.20820985621775875
JT_30,22.8,7.5,7.8,1.9,99.0,3.801,3.663,3.378,0.042,0.301,0.268,0.265,5.2,4.866,0.82,7.86,토양-질소 기원,12.627906976744187,1.3680610365693238,1.2801894238358325,0.10432569974554706,0.012433392539964476,0.6942046855733662
