Year, Month, Date,Spot,BOD,COD,TN,TP,TOC,NH3N,NO3N,PO4P,SS,pH,DO,EC,Chla,WT,WL,WS,RF,TI,TD
2012,1,2012.01.04,±¤»ê,4.8,8,7.792,0.6,6.6,4.442,3.004,0.538,7.9,7.2,15,480,25.4,4.1,2.87,0,1.77,0,0
2012,1,2012.01.09,±¤»ê,4.7,8.4,10.901,0.888,6.6,5.014,3.432,0.797,7.1,7.9,14.3,513,25.4,5.9,2.86,1.69,0,0,0
2012,1,2012.01.18,±¤»ê,6.7,10.3,12.401,0.844,7.3,6.125,3.283,0.493,15.3,7.2,12.8,508,66.6,6.1,3.13,0,0,0,0
2012,1,2012.01.27,±¤»ê,5.6,11.3,10.239,0.236,7.2,3.684,4.338,0.057,14.1,7.9,15.6,461,75.5,4.3,4.43,43.26,0.15,-1802.55,0
2012,1,2012.01.30,±¤»ê,6.4,10.3,8.903,0.611,7.7,4.205,2.59,0.402,39.9,8.5,16.3,485,54.4,5.9,3.85,1.51,0,-176.74,0
2012,2,2012.02.06,±¤»ê,6.3,10,8.084,0.462,6.9,4.362,3.057,0.389,12.5,8.3,12.8,478,40.4,4.7,4.03,7.04,2.34,53.24,0
2012,2,2012.02.15,±¤»ê,6.7,12,10.925,0.639,8.4,6.526,2.453,0.491,18.2,7.3,13.5,554,83.7,6.6,5.33,6.43,0,0.13,0
2012,2,2012.02.22,±¤»ê,6.1,12.3,11.579,0.593,9,7.625,2.531,0.363,15.1,7.1,12.5,517,64.4,5.5,4.86,5.95,0.32,0.34,0
2012,2,2012.02.29,±¤»ê,6.1,10.1,12.827,0.601,8,7.382,3.463,0.383,9.4,7.2,10.1,518,34.2,6.6,3.72,4.92,0,-0.89,0
2012,3,2012.03.05,±¤»ê,6.7,12.7,13.563,0.571,9.7,10.295,1.562,0.417,13.2,7.4,10.6,452,63.1,10.5,3.55,4.79,20.05,-0.9,0
2012,3,2012.03.15,±¤»ê,6.5,11.7,12.106,0.387,10.4,6.51,1.717,0.24,16.6,7.6,12.7,461,43.6,9.6,3.46,4.72,0,-0.63,0
2012,3,2012.03.19,±¤»ê,7,12.2,11.305,0.874,9.4,8.069,1.782,0.737,12.6,7.8,12.4,534,67.4,10.3,3.52,4.77,0.1,-0.08,0
2012,3,2012.03.30,±¤»ê,8.2,12,10.545,0.609,9.3,5.972,1.753,0.42,21.5,7.6,7.9,458,104,14.8,4.42,5.52,28.43,8.73,0
2012,4,2012.04.02,±¤»ê,7.3,12.9,6.937,0.501,7.5,2.682,2.371,0.157,29.9,7.3,11.1,332,90.3,12.8,3.45,4.71,0.86,2.6,0
2012,4,2012.04.10,±¤»ê,6.2,11.8,6.007,0.314,7,2.033,2.449,0.16,13.8,7.8,13.4,344,151.1,15.1,7.15,8.92,2.78,9.61,0
2012,4,2012.04.18,±¤»ê,6.6,11.5,7.079,0.481,8.4,3.855,1.902,0.396,8.1,8.7,10.9,393,74.1,19.2,6.84,8.45,0,-3.3,0
2012,4,2012.04.26,±¤»ê,6,10.4,4.901,0.4,7.5,2.357,1.493,0.269,13.8,7.2,8.1,307,61.3,17.2,7.54,9.07,0.11,-0.3,0
2012,5,2012.05.03,±¤»ê,6.4,11,5.44,0.465,7.2,3.038,1.267,0.291,16.2,7.3,11.3,310,70.9,21.1,7.59,9.09,0,0.05,0
2012,5,2012.05.11,±¤»ê,8.8,13.4,5.398,0.417,8.2,3.184,1.192,0.328,13.2,8.1,12.6,351,76.2,23.3,7.53,9.06,0,-0.09,0
2012,5,2012.05.15,±¤»ê,5.3,8.6,6.573,0.436,7,4.771,0.978,0.386,7.4,6.5,5,393,64.3,20.8,7.45,9.03,0.35,-0.13,0
2012,5,2012.05.23,±¤»ê,5.7,11.6,3.708,0.167,8.2,1.171,1.327,0.065,11.7,7.7,10.4,398,82.8,22.7,7.56,9.29,0,0,0
2012,5,2012.05.29,±¤»ê,7.9,14.4,5.044,0.175,8.7,2.366,1.246,0.068,15.7,8.7,14.1,354,83.3,28.1,7.57,9.32,0,0,0
2012,6,2012.06.05,±¤»ê,6,12.3,5.243,0.285,8.4,2.503,1.314,0.197,10.6,8.9,12,337,89.8,25.9,7.54,9.23,0,-0.73,0
2012,6,2012.06.14,±¤»ê,6.3,15.7,6.173,0.329,9.7,3.239,1.26,0.255,13.9,8.3,14.2,346,72.5,27,7.57,9.32,0.03,-1.82,0
2012,6,2012.06.19,±¤»ê,12.2,14.3,6.003,0.318,9.2,2.833,1.158,0.186,18.4,7.9,11.4,349,143.5,25.7,7.56,9.29,2.24,2.19,0
2012,6,2012.06.28,±¤»ê,6,12.5,7.086,0.487,9.4,4.097,1.31,0.305,12,7.1,10.4,406,50.2,26.6,7.54,9.08,0,0.31,0
2012,7,2012.07.04,±¤»ê,6.8,15.3,3.65,0.209,8.8,1.323,1.067,0.096,19.9,7.6,12.1,305,146.9,25.8,7.53,9.05,0.04,-0.31,0
2012,7,2012.07.12,±¤»ê,4.3,9,2.93,0.156,5.3,0.526,1.614,0.11,34.9,6.6,7.7,150,9.1,24.5,7.74,9.61,0.72,160,155.36
2012,7,2012.07.16,±¤»ê,3.2,6.8,2.643,0.117,4.1,0.234,2.035,0.089,36.5,6.8,9.3,123,5.1,23,7.36,8.83,0.03,225.37,230.44
2012,7,2012.07.26,±¤»ê,5.1,8.6,3.2,0.129,5.7,0.325,1.993,0.037,6.5,9.3,13,255,29.9,31.4,7.54,9.08,0,24.8,24.48
2012,7,2012.07.31,±¤»ê,5.3,11.2,3.299,0.138,6.6,0.962,1.79,0.079,11.1,8.1,8.8,288,71.2,31.3,7.54,9.08,0.22,14.69,15.01
2012,8,2012.08.08,±¤»ê,7.2,11.4,3.009,0.137,6.8,1.076,1.109,0.074,19.5,8.8,9.4,236,100.3,31.5,7.57,9.16,0.07,36.24,39.01
2012,8,2012.08.14,±¤»ê,5,8.2,2.703,0.157,5.3,1.183,0.936,0.143,23.1,6.4,4,202,26.4,27.3,7.58,9.19,0.21,76.7,76.51
2012,8,2012.08.23,±¤»ê,3.2,8.1,2.321,0.148,4.5,0.764,1.068,0.14,15.8,7.2,6,168,13.4,26.4,6.85,8.22,10.85,90.89,103.45
2012,8,2012.08.27,±¤»ê,3.2,6.4,2.535,0.101,3.4,0.048,2.185,0.088,11.1,6.3,6.7,171,9,26.7,6.68,7.95,0.62,77.89,83.87
2012,9,2012.09.04,±¤»ê,1.2,5.7,2.052,0.04,2.3,0.109,1.514,0.033,12.3,7.3,7.7,121,7.1,24.9,7.69,9.48,41.44,140.62,140.34
2012,9,2012.09.11,±¤»ê,1.7,5.4,2.635,0.095,2.7,0.543,1.621,0.088,3.6,7.8,8.7,151,4.9,23.7,7.63,9.32,0,87.77,93.63
2012,9,2012.09.18,±¤»ê,1.7,5.8,1.774,0.082,2.9,0.131,1.177,0.064,24,7.5,9.3,91,5.1,20.2,7.68,9.45,0.03,312.02,323.99
2012,9,2012.09.25,±¤»ê,2.5,5.2,3.275,0.06,2.2,0.48,2.452,0.024,5,7.2,9.6,199,25.7,23,7.51,9,0,22.15,26.59
2012,10,2012.10.02,±¤»ê,2.7,5.9,2.874,0.053,2.6,0.47,1.937,0.005,7.4,7.2,10.7,216,34.6,21.1,7.51,9,0,22.85,26.53
2012,10,2012.10.08,±¤»ê,3.9,6.9,3.363,0.037,3.1,0.48,2.349,0.003,7.2,7.1,11.7,255,43.2,21.3,7.57,9.16,0,20.65,21.11
2012,10,2012.10.16,±¤»ê,4.8,7.2,4.395,0.045,4.6,0.342,3.214,0.005,9.3,7.2,11.4,297,86.9,18.7,7.5,8.97,0,8.82,10.05
2012,10,2012.10.24,±¤»ê,4,6.8,3.637,0.165,4.1,1.23,1.582,0.117,12.8,7.1,7.2,192,16,17.2,7.55,9.11,0,13.99,15.19
2012,10,2012.10.30,±¤»ê,2.3,5.9,2.606,0.103,3.6,0.516,1.733,0.08,6.8,6.9,7.5,208,12.4,16.5,7.52,9.02,0,16.39,17.81
2012,11,2012.11.08,±¤»ê,3.5,7.4,5.749,0.137,5.2,2.077,3.229,0.101,4.2,7.2,8.1,338,21,15,7.56,9.13,0,10.09,10.87
2012,11,2012.11.12,±¤»ê,3.2,6.4,5.598,0.086,3.8,1.214,4.022,0.049,5.2,7.2,8.9,374,24.1,14.2,7.33,8.8,0.03,18.75,22.99
2012,11,2012.11.20,±¤»ê,3,6.7,4.876,0.154,3.8,1.858,2.347,0.116,6.1,7.3,7.7,315,14.1,10.8,7.3,8.77,0,19.51,21.03
2012,11,2012.11.28,±¤»ê,2.3,5.8,5.09,0.071,3.3,1.576,3.364,0.027,5.9,7.5,11.7,378,14.8,9.3,7.51,9,0.1,13.97,14.7
2012,12,2012.12.04,±¤»ê,2.7,6.4,5.902,0.08,3.6,1.664,3.454,0.024,7.1,7.6,11.1,283,23.9,8.1,7.5,8.97,0.28,12.34,13.97
2012,12,2012.12.12,±¤»ê,4.5,7.4,5.557,0.186,3.9,2.011,3.098,0.098,8.1,7.1,11.6,420,14,4.5,7.5,8.97,0.1,14.56,15.18
2012,12,2012.12.17,±¤»ê,3.4,6.4,4.011,0.117,3.8,1.011,2.425,0.075,14.6,7.3,11.1,324,6,6.8,7.52,9.02,0,28.85,32.05
2012,12,2012.12.26,±¤»ê,3.3,6.1,5.258,0.165,3.3,2.019,2.898,0.105,8.2,7.1,14.4,335,3.5,3.7,7.5,8.97,0,17.55,19.06
2013,1,2013.01.04,±¤»ê,3.1,6.4,6.424,0.159,4.2,2.578,3.133,0.112,4.6,7.1,10.8,439,4.1,3.1,7.49,8.96,0,15.34,15.78
2013,1,2013.01.10,±¤»ê,3,6.5,7.325,0.123,4.6,3.473,3.61,0.083,3,7.3,11.7,442,4.9,3.4,7.51,9,0,12.19,12.84
2013,1,2013.01.15,±¤»ê,3.6,7.2,7.663,0.133,4.7,3.612,3.331,0.086,4.5,6.6,12.2,433,12.1,4.3,7.5,8.97,0,11.76,12.73
2013,1,2013.01.23,±¤»ê,4.1,8.2,7.319,0.172,5.6,3.977,2.483,0.107,10.4,7.1,10.6,398,17.3,5.9,7.5,8.97,1.96,24.29,25.89
2013,1,2013.01.28,±¤»ê,3.7,8.5,5.817,0.112,4.8,2.518,2.497,0.078,6.5,7.3,13.1,374,23,3.3,7.53,9.05,0,16.5,16.45
2013,2,2013.02.06,±¤»ê,4.9,5.9,4.813,0.168,5.3,1.863,2.11,0.125,16,7.2,9.9,249,5.8,5.8,7.58,9.19,2.06,54.02,56.59
2013,2,2013.02.12,±¤»ê,4.1,7.2,5.59,0.152,4.4,2.679,2.518,0.109,8.4,7.2,11.9,294,2.6,3.2,7.43,8.9,0.35,19.49,20.35
2013,2,2013.02.18,±¤»ê,2.2,5.8,5.937,0.131,4,2.963,2.41,0.085,4.5,7.2,10.8,305,4.1,5.3,7.5,8.97,1.19,24.12,26.16
2013,2,2013.02.25,±¤»ê,1.8,5.7,4.445,0.09,3.8,2.083,1.76,0.056,4,7.2,11.5,274,5.5,5.6,7.52,9.02,0,20.2,20.53
2013,3,2013.03.07,±¤»ê,5.7,10.5,6.29,0.208,6.5,3.452,2.463,0.013,11.3,7.2,13.5,376,96.4,9.2,7.52,9.02,1.19,9.46,10.14
2013,3,2013.03.12,±¤»ê,6.5,12.9,8.265,0.18,7,4.13,2.351,0.009,11.2,8.2,14.7,386,80.7,13.3,7.51,9,0.51,8.2,9.25
2013,3,2013.03.19,±¤»ê,6.7,11.3,3.866,0.169,5.7,1.128,2.504,0.1,37,7.1,8.8,210,23.6,13.2,7.61,9.27,0,87.33,93.07
2013,3,2013.03.27,±¤»ê,3.9,6.9,5.522,0.113,5.3,2.874,2.149,0.048,8,7.6,12.6,300,46.9,12.9,7.53,9.05,0,13.86,15.21
2013,4,2013.04.01,±¤»ê,5.5,9.4,7.772,0.074,6,4.561,1.933,0.008,13,7.6,12.9,362,64,13.4,7.54,9.08,0,11.69,12.08
2013,4,2013.04.10,±¤»ê,5.4,8.9,6.291,0.118,5.7,3.538,1.483,0.037,12.5,8,10,327,77.4,12,7.33,8.8,0,13.71,15.44
2013,4,2013.04.17,±¤»ê,5.9,12.2,7.963,0.071,5.5,4.079,1.997,0.004,11.9,7.8,11.8,393,84.9,15.4,7.51,9,0.35,10.32,10.57
2013,4,2013.04.30,±¤»ê,3.6,8.1,6.978,0.138,5.4,4.046,1.545,0.082,2.9,7.1,5.5,369,7.7,17.3,7.53,9.05,0.03,18.44,20.51
2013,5,2013.05.07,±¤»ê,5.1,11.8,5.416,0.054,6,2.892,1.723,0.006,7.8,8.4,16.3,323,48.8,20.3,7.51,9,0,9.73,10.59
2013,5,2013.05.14,±¤»ê,7.6,14.7,5.801,0.162,6.5,3.281,1.037,0.077,12,8.1,10.4,349,96.1,23.2,7.49,8.96,0.01,6.03,4.62
2013,5,2013.05.22,±¤»ê,6.5,12,5.975,0.316,7.4,3.73,1.219,0.228,13.1,7.6,8.4,354,101,22.8,7.51,9,0.01,14.22,16.21
2013,5,2013.05.27,±¤»ê,6.2,12.1,6.853,0.435,6.7,4.78,0.905,0.387,11.2,7.2,5.7,394,40.7,22.2,7.84,9.88,34.59,96.26,92.07
2013,6,2013.06.03,±¤»ê,5.8,11.7,5.311,0.149,6.1,2.027,1.912,0.087,12.5,7.1,8.9,270,87.3,23,7.54,9.08,0,22.15,23.36
2013,6,2013.06.10,±¤»ê,5.3,10.7,5.578,0.151,6.2,2.83,1.806,0.063,11.8,7.5,8.3,329,61.7,25.5,7.52,9.02,0,21.3,23.25
2013,6,2013.06.17,±¤»ê,5.4,11.6,4.955,0.143,6.4,2.427,1.422,0.031,12.1,7.2,7.2,309,88.7,25.5,6.52,7.69,0.03,24.89,38.51
2013,6,2013.06.26,±¤»ê,4.7,10.6,5.391,0.199,6.9,2.735,1.727,0.143,10.6,7.1,6.3,297,30.7,25.7,7.53,9.05,1.22,31.78,35.02
2013,7,2013.07.02,±¤»ê,4.2,9.2,4.753,0.138,6.1,1.68,1.847,0.034,7.6,7.4,7.5,360,45,27.2,7.53,9.05,0.6,18.81,20.11
2013,7,2013.07.08,±¤»ê,2.8,6,2.614,0.162,4.2,0.39,1.71,0.096,26.5,7.2,7.6,122,2.5,23.6,7.57,9.16,1.99,242.99,253.78
2013,7,2013.07.16,±¤»ê,4,6.6,3.583,0.12,5,0.779,2.035,0.058,8.5,7.5,7.7,288,38.7,28.2,7.55,9.11,0.08,22.53,23.63
2013,7,2013.07.23,±¤»ê,6.1,8.6,3.986,0.123,5.5,1.114,1.945,0.004,17.3,7.9,7.9,291,82.8,28.6,7.55,9.11,8.42,26.21,27.08
2013,7,2013.07.30,±¤»ê,4.4,7.1,3.479,0.161,4.9,1.393,1.405,0.089,11.6,7,4.8,244,28.6,27.7,7.53,9.05,4.43,45.64,51.66
2013,8,2013.08.05,±¤»ê,6.6,10.8,4.218,0.226,5.4,1.828,1.285,0.118,11.7,7.6,6.4,267,98.7,29.2,7.65,9.37,16.49,77.75,77.1
2013,8,2013.08.13,±¤»ê,6.3,11,3.254,0.208,6.9,1.015,1.288,0.094,14.8,8.5,8.1,270,70.9,32.5,7.58,9.19,0,15.62,16.28
2013,8,2013.08.19,±¤»ê,3.1,8.7,4.206,0.14,5.3,2.073,1.444,0.076,7.2,7.9,7.6,330,45.3,31.2,7.6,9.24,0,18.88,20.43
2013,8,2013.08.26,±¤»ê,1.5,6.6,2.698,0.153,4.2,0.496,1.674,0.132,8.6,6.8,6.1,132,2.6,26.2,7.64,9.35,0,73.26,74.96
2013,9,2013.09.03,±¤»ê,3.1,6,3.468,0.16,4.6,0.865,1.946,0.088,7.1,6.9,6.5,214,41.7,25.4,7.57,9.16,0,28.88,28.79
2013,9,2013.09.11,±¤»ê,4.3,8.2,3.7,0.143,5,0.83,1.61,0.023,6.3,8,8.5,255,81.1,24.6,7.59,9.21,9.57,31.85,32.47
2013,9,2013.09.16,±¤»ê,3.1,5.8,2.853,0.164,4.9,0.741,1.336,0.115,5.7,7.1,6.5,191,24.1,24.5,7.53,9.05,0,29.23,32.94
2013,9,2013.09.24,±¤»ê,5.2,7.9,3.481,0.107,4.2,0.584,2.01,0.013,7.5,9,12.5,267,50.4,26.6,7.56,9.13,0.37,18.18,19.09
2013,10,2013.10.01,±¤»ê,4.7,7.1,3.941,0.069,4.7,0.793,2.39,0.01,7.2,7.6,7.9,324,48.2,23.3,7.54,9.08,6.78,18.84,19.77
2013,10,2013.10.08,±¤»ê,3.5,7,4.705,0.063,4.5,1.097,2.62,0.003,8.2,7.1,9.8,346,69,22.6,7.27,8.73,6.85,21.34,23.35
2013,10,2013.10.14,±¤»ê,3.6,6.9,5.654,0.164,5.1,1.821,2.395,0.06,13.8,7,8.4,348,44,21.8,7.52,9.02,0,14.18,15.6
2013,10,2013.10.22,±¤»ê,4,8.3,5.818,0.077,5.1,0.987,3.523,0.006,8.7,7.6,10.9,360,83.2,19.1,7.54,9.08,0,14.31,14.76
2013,10,2013.10.30,±¤»ê,4.3,7.5,5.489,0.059,5.2,1.032,3.814,0.001,10.1,8.2,10.6,406,57.1,16.6,7.57,9.16,0,12.76,13.5
2013,11,2013.11.04,±¤»ê,4.5,6.9,6.775,0.093,4.8,1.276,3.944,0.004,9,7.3,9.8,429,56.5,16.9,7.57,9.16,0,10.8,11.51
2013,11,2013.11.12,±¤»ê,5.4,7,4.924,0.11,5.2,1.184,3.126,0.015,12.9,7.9,10,380,35.5,13.7,7.55,9.11,0,13.78,14.15
2013,11,2013.11.20,±¤»ê,7.4,7.8,5.523,0.108,5.6,1.381,3.258,0.002,13.5,7.8,12,533,92.8,11.6,7.55,9.11,0.53,15.53,16.24
2013,11,2013.11.27,±¤»ê,6.6,7.2,6.671,0.153,5.8,1.391,1.597,0.104,20.5,7.7,9.9,192,17.4,9.8,7.54,9.08,7.98,23.49,24.55
2013,12,2013.12.03,±¤»ê,4.9,6.8,5.604,0.211,5.2,2.091,2.719,0.147,5.9,7.2,10.1,449,16.2,8,7.53,9.05,0,16.46,18.12
2013,12,2013.12.11,±¤»ê,4.8,6,6.198,0.097,4.8,2.279,3.47,0.02,7.1,7.5,10.7,480,19.4,8.7,7.54,9.08,2.67,11.21,11.99
2013,12,2013.12.16,±¤»ê,3.6,6.6,7.072,0.116,5.4,2.351,3.641,0.048,5.8,7.4,12.1,478,9.6,7.2,7.54,9.08,0.02,13.81,14.76
2013,12,2013.12.24,±¤»ê,2.9,6.9,7.303,0.086,5,2.499,3.933,0.014,5.8,7.4,11.9,483,3.3,6.3,7.54,9.08,0.59,14.17,14.7
2014,1,2014.01.07,±¤»ê,3.3,6.7,7.827,0.088,4.8,3.6,4.037,0.007,6.9,7.3,14.7,429,12,6.2,7.53,9.05,0.12,11.39,12.24
2014,1,2014.01.13,±¤»ê,3.7,6.9,8.551,0.077,4.6,3.564,4.222,0.003,6.9,7.5,12.2,492,32.6,5.2,7.52,9.02,0,9.7,10.87
2014,1,2014.01.22,±¤»ê,3.9,7,8.706,0.093,5.4,4.607,3.684,0.006,9.7,7.7,14.8,514,28.3,5.3,7.52,9.02,0.6,10.16,11.35
2014,1,2014.01.28,±¤»ê,4.5,7.4,9.274,0.112,4.4,4.593,3.329,0.006,8.8,7.6,11.4,503,32.1,6.3,7.53,9.05,0,10.73,11.15
2014,2,2014.02.04,±¤»ê,7.8,9.5,9.89,0.18,7.1,5.093,2.746,0.023,21.9,7.5,12.2,508,73.5,8,7.53,9.05,0,8.4,8.77
2014,2,2014.02.10,±¤»ê,7.4,9.2,10.957,0.133,6.3,6.012,2.712,0.006,13,7.8,11.5,473,79.1,6,7.51,9,0.17,8.41,8.8
2014,2,2014.02.18,±¤»ê,5.4,10.2,9.746,0.117,7.9,6.276,2.857,0.007,11.9,7.5,12.9,430,52.9,7.7,7.52,9.02,0.07,9.89,9.72
2014,2,2014.02.24,±¤»ê,5.4,10.8,9.186,0.106,7.3,5.81,2.527,0.002,13.5,7.6,12.5,517,24.2,8.5,7.52,9.02,0,9.35,10.04
2014,3,2014.03.04,±¤»ê,5.1,9.4,9.795,0.137,7.4,6.98,2.189,0.018,9,7,9.1,526,21.5,10.2,7.52,9.02,0,9.22,9.61
2014,3,2014.03.10,±¤»ê,8.3,11.9,9.205,0.252,9.7,5.607,1.672,0.067,13.7,7.8,11.9,509,66.8,8.8,7.51,9,0,9.34,10.34
2014,3,2014.03.18,±¤»ê,7.3,8.3,5.368,0.21,7.7,2.849,1.29,0.042,11.5,7.3,7.8,363,33.8,11.1,7.41,8.88,0.28,11.85,13.97
2014,3,2014.03.24,±¤»ê,7.2,12.9,6.823,0.129,8.7,3.686,1.794,0.031,10.1,8.2,12.2,428,91,11.6,7.5,8.97,0,8.11,8.76
2014,4,2014.04.01,±¤»ê,7.3,8.3,5.182,0.243,6.1,2.853,1.385,0.121,22,7.1,4.6,348,24.5,15.9,7.48,8.95,0.07,16.42,17.46
2014,4,2014.04.07,±¤»ê,5.4,6.5,5.486,0.103,5.2,2.632,1.599,0.012,7.6,7.7,8.7,397,51.1,14.7,7.47,8.94,0,8.13,9.52
2014,4,2014.04.15,±¤»ê,9,10.7,6.809,0.078,6.8,3.089,2.132,0.011,9,7.4,9.5,456,52.7,16.8,7.51,9,0.46,9.97,10.66
2014,4,2014.04.21,±¤»ê,8.1,11.4,6.394,0.138,7.8,3.026,1.715,0.017,15.8,7.3,7.1,490,76.7,17.3,7.52,9.02,0,10.94,11.64
2014,4,2014.04.28,±¤»ê,5.4,8.4,6.135,0.117,6.7,3.252,1.635,0.035,7.7,7.5,7.7,446,58.6,18,7.54,9.08,13.1,25.39,25.65
2014,5,2014.05.07,±¤»ê,5.2,7.3,4.673,0.107,6.4,1.745,1.571,0.023,9,7.6,9.9,388,46.4,18.7,7.52,9.02,0,10.7,11.44
2014,5,2014.05.12,±¤»ê,7.7,10.6,5.829,0.161,8.3,2.871,1.797,0.014,21.9,7.6,10,422,91.2,19.9,7.55,9.11,8.2,63.28,64
2014,5,2014.05.20,±¤»ê,6.1,11,4.72,0.12,7.8,1.67,1.45,0.014,12.1,7.8,8.5,359,64,22.1,7.51,9,11.69,20.89,22.28
2014,5,2014.05.26,±¤»ê,7,11,5.001,0.207,6.9,2.336,1.199,0.046,18.5,7.3,10.8,359,85.2,22.8,7.52,9.02,1.45,13.29,10.55
2014,6,2014.06.02,±¤»ê,4.7,9.1,4.482,0.156,8.1,1.999,1.301,0.03,13.4,7.5,7.6,362,74.9,24.1,7.5,8.97,6.61,21.86,24.18
2014,6,2014.06.10,±¤»ê,5.1,9.1,4.082,0.101,7.6,1.191,1.495,0.006,13.1,8,9.8,273,62.7,24.6,7.45,8.92,0.6,16.75,18.77
2014,6,2014.06.16,±¤»ê,5.2,8.6,5.045,0.128,7.2,2.748,1.288,0.041,11.2,8.2,11.2,322,50.8,24.7,7.52,9.02,0,12.4,12.98
2014,6,2014.06.24,±¤»ê,5.3,11,5.687,0.111,9.3,2.818,1.458,0.007,16.1,7.4,8.7,394,53.3,25.2,7.52,9.02,7.57,14.18,15.51
2014,7,2014.07.01,±¤»ê,5.8,10.9,5.605,0.167,6.4,2.849,1.15,0.043,11.3,8.3,10.3,378,69.3,26.3,7.48,8.95,1.3,8.19,9.15
2014,7,2014.07.07,±¤»ê,6.1,9.6,4.263,0.245,7.7,2.056,1.14,0.11,12.9,7,3.5,321,64.4,23.4,7.55,9.11,1.46,46.58,50.64
2014,7,2014.07.15,±¤»ê,5.4,9.5,4.986,0.196,6.4,2.811,1.2,0.095,8.5,7.7,8.4,318,50.2,26.8,7.23,8.69,0.1,16.07,17.3
2014,7,2014.07.21,±¤»ê,2,6.8,2.624,0.173,4.3,0.39,1.72,0.123,14.6,7.1,5.9,151,7.4,25.6,7.56,9.13,0,47.96,52.96
2014,7,2014.07.28,±¤»ê,6.7,10.2,4.568,0.159,6.7,1.448,1.85,0.018,16.6,8.1,7.5,307,99.5,28,7.69,9.48,17.19,29.28,25.88
2014,8,2014.08.05,±¤»ê,3.8,6.2,3.153,0.217,4.5,1.175,1.36,0.151,9,7,7.6,176,7.3,25,7.65,9.37,0.32,82.51,88.08
2014,8,2014.08.11,±¤»ê,5.2,9,3.021,0.144,5,0.507,1.64,0.007,15,7.5,7.3,214,41.4,26.5,7.52,9.02,0,24.27,25.71
2014,8,2014.08.19,±¤»ê,2.9,6.1,2.423,0.232,4,0.341,1.54,0.088,51.7,7.2,7.8,98,1.8,22.9,7.62,9.29,3.19,245.19,247.41
2014,8,2014.08.26,±¤»ê,2.7,6.6,2.315,0.285,4.5,0.313,1.22,0.119,43.1,6.7,7.1,120,3.2,23.1,7.56,9.13,0.3,247,255.82
2014,9,2014.09.01,±¤»ê,3.9,6.3,3.408,0.135,3.7,0.66,2.02,0.055,7.7,7.5,8,218,12,24.7,7.53,9.05,0,27.68,30.38
2014,9,2014.09.11,±¤»ê,4.2,6.5,3.942,0.132,5.4,1.087,0.93,0.024,8.7,7.2,8.2,301,22.4,25.5,7.53,9.05,0,14.33,15.22
2014,9,2014.09.16,±¤»ê,4.9,8.1,4.355,0.117,6,1.392,2,0.029,6.8,7.5,10.3,317,20.6,25,7.51,9,0,24.24,26.32
2014,9,2014.09.22,±¤»ê,3.9,6.6,3.543,0.083,5.4,0.402,2.11,0.014,11.1,7.7,11.4,314,44.3,23.8,7.29,8.75,0,19.68,23.49
2014,9,2014.09.30,±¤»ê,4.3,7.6,3.789,0.175,5.2,1.129,1.67,0.109,8.5,6.9,4.9,258,9.1,23.3,7.52,9.02,0.26,23.86,24.31
2014,10,2014.10.06,±¤»ê,5,7.1,3.698,0.118,4.6,0.436,2.23,0.015,13.2,7.9,13.8,324,27,21.8,7.54,9.08,0,20.05,22.66
2014,10,2014.10.14,±¤»ê,3.9,5.9,3.808,0.075,5,0.407,2.4,0.015,9.8,7.4,10.1,344,4.6,20.1,7.51,9,0,9.81,10.69
2014,10,2014.10.21,±¤»ê,5,7.3,6.241,0.093,5.2,1.622,3.27,0.029,7.4,7.4,7.6,420,5.8,19.2,7.76,9.67,44.11,37.23,32.51
2014,10,2014.10.27,±¤»ê,3.8,7.1,3.285,0.158,5,0.961,1.77,0.107,7.7,6.7,6.7,238,11.1,17.9,7.6,9.24,0,20.46,21.28
2014,11,2014.11.04,±¤»ê,3.9,6.1,3.597,0.137,4.9,0.937,1.79,0.052,11.1,7.5,7.6,279,39.4,14.8,7.32,8.79,0,18.2,19.32
2014,11,2014.11.11,±¤»ê,4.3,7.4,4.53,0.113,4.9,0.788,3.15,0.006,13.5,7.6,13.6,377,70.8,14.2,7.5,8.97,0,13.59,14.86
2014,11,2014.11.18,±¤»ê,4.9,6.6,5.628,0.091,5.1,1.475,2.85,0.018,11.3,7.6,13.5,392,50.4,11.9,7.51,9,0,13.24,14.07
2014,11,2014.11.24,±¤»ê,3.1,5.9,6.013,0.057,4.5,1.959,3,0.017,5.7,7,11.1,392,28.6,12.1,7.68,9.45,61.28,116.78,114.75
2014,12,2014.12.03,±¤»ê,2.8,5,4.238,0.174,4.6,1.671,1.95,0.129,6,7.2,7.8,302,5.4,9.7,7.56,9.13,3.15,33.71,35.01
2014,12,2014.12.08,±¤»ê,3.9,5.1,4.671,0.169,4,1.944,2.3,0.149,6.1,6.7,9.7,402,2.2,6.8,7.52,9.02,2.87,25.21,25.93
2014,12,2014.12.15,±¤»ê,1.8,3.7,5.702,0.069,3.7,2.118,2.6,0.05,4.3,7.2,10.6,442,3.6,6,7.5,8.97,0.52,21.47,22.93
2014,12,2014.12.23,±¤»ê,3.1,5.4,5.589,0.141,4.4,2.327,2.46,0.076,5.8,6,9.7,472,2.8,5.2,7.49,8.96,0.4,25.48,27.43
2014,12,2014.12.29,±¤»ê,2.7,4.8,6.349,0.076,4.3,2.308,2.98,0.033,3,7.3,11.8,464,2.8,5.8,7.5,8.97,0.04,19.46,20.78
2015,1,2015.01.05,±¤»ê,2.3,4.8,6.082,0.08,4,2.699,2.801,0.047,4.9,7,12.8,445,3.3,5.3,7.42,8.87,7.08,21.76,24.18
2015,1,2015.01.13,±¤»ê,2.4,4.1,5.434,0.083,3.9,2.181,2.594,0.037,9.4,7,11.5,380,5.5,4.8,7.47,8.93,0,18.85,19.79
2015,1,2015.01.20,±¤»ê,2,4.6,6.066,0.111,4.4,3.347,2.541,0.026,5.5,7,12.9,373,7.7,5.3,7.5,8.97,0,13.82,14.47
2015,1,2015.01.26,±¤»ê,3.3,6.5,7.946,0.185,5.5,4.486,2.406,0.11,5.9,6.4,10.3,414,12,7.1,7.48,8.95,1.24,21.97,23.95
2015,2,2015.02.02,±¤»ê,2.7,5.3,6.608,0.089,4.6,3.309,2.622,0.026,5.4,7.1,12,417,15.3,5.5,7.52,9.01,0.21,15.98,16.74
2015,2,2015.02.10,±¤»ê,3.9,6.6,7.318,0.109,5.3,4.331,2.404,0.028,6.3,7.3,15.3,444,21.6,5.3,7.51,8.99,0,16.31,17.48
2015,2,2015.02.16,±¤»ê,4.4,6.8,8.493,0.118,5.5,4.888,3.069,0.037,7,6.9,11.7,424,28.8,7.1,7.32,8.73,3.35,22.98,23.17
2015,2,2015.02.23,±¤»ê,6,7.2,6.89,0.122,5.9,3.745,2.056,0.026,8.2,7.2,11.3,401,45.9,8.2,7.51,8.99,0,16.55,17.7
2015,3,2015.03.02,±¤»ê,6,7.2,8.549,0.136,6.2,5.286,2.031,0.023,10.2,6.8,12.7,430,55.4,8,7.5,8.97,0.13,16.25,17.39
2015,3,2015.03.10,±¤»ê,6.8,8.5,8.13,0.157,6.6,4.64,2.145,0.017,13.9,7.3,13.8,442,91.5,8.3,7.47,8.93,0,9.01,8.03
2015,3,2015.03.16,±¤»ê,6.2,8.7,8.203,0.127,6.6,5.135,2.101,0.013,11.9,7.6,12.8,447,73.4,9.2,7.38,8.81,0,9.57,8.65
2015,3,2015.03.24,±¤»ê,7.6,11.6,5.516,0.174,7.5,2.911,1.282,0.007,18.4,7.8,11.2,378,142,13.5,7.35,8.77,0,13.39,16.33
2015,3,2015.03.30,±¤»ê,7.7,13.8,7.894,0.139,7.9,4.631,1.606,0.023,12.6,7.6,9.4,454,136.8,13,7.36,8.79,0,10.27,9.74
2015,4,2015.04.07,±¤»ê,4.5,7.9,4.505,0.181,5.8,2.515,1.093,0.109,10.1,7,3.4,314,9.1,14.4,7.5,8.97,0,23.82,26.24
2015,4,2015.04.14,±¤»ê,6.8,10.4,6.181,0.169,6.7,2.949,1.756,0.004,19.8,7.3,9,363,75.5,15.3,7.42,8.87,12.01,28.31,26.25
2015,4,2015.04.20,±¤»ê,6.6,8.9,5.778,0.148,6.5,3.137,1.4,0.04,11.4,7.3,9.1,336,97.7,15.6,7.22,8.6,7.73,21.86,23.23
2015,4,2015.04.27,±¤»ê,4.5,8.4,6.166,0.148,6.9,3.262,1.399,0.044,8.7,7.2,8.3,372,41.5,18,7.48,8.95,0,11.2,12.56
2015,5,2015.05.04,±¤»ê,6.9,8.3,4.326,0.154,5.4,1.892,1.65,0.045,11.4,6.9,7.6,284,65.7,20.2,7.53,9.03,0.04,23.42,24.32
2015,5,2015.05.11,±¤»ê,4.4,8.2,5.088,0.106,5.8,2.276,1.781,0.027,8.1,6.9,2.6,278,55.4,19.7,7.64,9.26,20.04,26.7,24.63
2015,5,2015.05.19,±¤»ê,6.9,8.4,5.797,0.171,6.4,3.463,1.313,0.031,13.7,6.9,5.7,317,49,21.2,7.53,9.03,0.01,18.74,19.95
2015,5,2015.05.26,±¤»ê,6.8,8.6,5.569,0.128,7,2.695,1.251,0.005,12.6,7.4,9.7,358,55.1,22.5,7.49,8.96,0,10.79,8.37
2015,6,2015.06.02,±¤»ê,5.8,8.6,5.799,0.137,6.8,3.053,1.322,0.014,13.5,7,9.8,359,46.8,24.4,7.53,9.03,0,17.4,18.67
2015,6,2015.06.08,±¤»ê,5.7,8.3,5.282,0.127,6.4,2.162,1.786,0.005,15.8,6.8,8.4,356,56.6,23.5,7.52,9.01,2.59,19.03,21.01
2015,6,2015.06.16,±¤»ê,4.8,8.3,4.265,0.144,6.2,2.281,1.13,0.055,12.7,6.4,3.4,261,15.4,24,7.27,8.67,0,22.55,27.63
2015,6,2015.06.23,±¤»ê,5.1,8.4,3.692,0.12,6.3,1.204,1.377,0.032,11.6,6.3,5,244,30,23.5,7.47,8.93,0,12.19,10.58
2015,6,2015.06.29,±¤»ê,5.1,7.8,3.241,0.104,5.8,0.668,1.446,0.02,12.3,6.8,7.2,231,74.4,24,7.26,8.66,0,16.55,17.65
2015,7,2015.07.06,±¤»ê,6.9,10.7,4.355,0.128,7.8,1.332,1.594,0.013,9.9,7.7,9.3,267,82,26,7.29,8.69,0,21.19,25.58
2015,7,2015.07.14,±¤»ê,2.1,7,2.675,0.166,5.1,0.492,1.487,0.106,12.2,7,5.9,166,8.7,23.9,7.65,9.28,0.1,74.99,76.1
2015,7,2015.07.20,±¤»ê,3.3,8.2,3.169,0.119,5.2,0.808,1.538,0.016,7.7,7.6,6.8,239,69.1,27,7.47,8.93,11.31,21.26,23.99
2015,7,2015.07.28,±¤»ê,4.4,7.2,3.207,0.134,5.6,1.178,1.152,0.028,8.6,7.6,6.5,277,68.1,27.8,7.43,8.88,6.51,26.52,27.55
2015,8,2015.08.03,±¤»ê,4.9,8.4,4.687,0.175,6.5,1.293,1.247,0.046,7.7,7.4,7.9,305,64.2,30.3,7.27,8.67,0,18.02,19.62
2015,8,2015.08.10,±¤»ê,4.3,9.5,5.385,0.181,7.7,2.044,1.242,0.04,11.1,7.1,4.7,351,79.9,29.6,7.46,8.92,0,16.96,20.91
2015,8,2015.08.17,±¤»ê,3.4,7.7,3.322,0.183,5.4,1.028,0.856,0.065,8.8,7.5,6.9,287,60.5,27.5,7.53,9.03,0.63,19.63,21.78
2015,8,2015.08.25,±¤»ê,4,5.7,3.011,0.197,4.5,0.806,0.972,0.076,9.3,6.9,5.9,235,30.8,25.3,7.51,8.99,12.3,24.83,22.99
2015,8,2015.08.31,±¤»ê,4.8,6.9,4.433,0.213,5.1,1.244,1.572,0.09,16,7.5,8.3,275,64.4,26.3,7.51,8.99,0,20.63,22.58
2015,9,2015.09.08,±¤»ê,5,6.7,3.739,0.255,5,1.553,0.938,0.131,8.4,6.9,4.7,256,28.6,24.7,7.52,9.01,0,19.94,21.32
2015,9,2015.09.14,±¤»ê,4.5,7.5,4.331,0.118,5.4,0.949,2.062,0.006,10,7.6,11.8,324,95.2,23.9,7.5,8.97,0.08,16.52,17.46
2015,9,2015.09.22,±¤»ê,3.2,7.1,5.134,0.098,5,1.387,2.695,0.014,9,7.2,8.8,362,17.1,24,7.51,8.99,0,17.67,19.01
2015,9,2015.09.30,±¤»ê,4.8,7,4.743,0.139,5.4,1.824,1.542,0.046,7.2,7,6.9,346,11.4,23.2,7.25,8.64,1.46,15.38,19.79
2015,10,2015.10.05,±¤»ê,3.6,6.4,3.028,0.173,5.6,0.81,1.056,0.098,5.7,7,6.1,214,20.3,20.5,7.53,9.03,0,18.57,18.88
2015,10,2015.10.12,±¤»ê,5.2,7.9,4.853,0.143,5.3,0.878,2.286,0.008,15.6,7.4,12.7,329,71.2,19.9,7.53,9.03,2.03,18.01,18.51
2015,10,2015.10.20,±¤»ê,4.3,6.8,4.726,0.087,6,1.251,2.546,0.031,6.2,7,7.8,370,35.8,19.9,7.51,8.99,0,9.65,10.4
2015,10,2015.10.26,±¤»ê,4.2,7.2,5.449,0.067,6.5,1.318,3.776,0.018,10.2,6.7,8.9,340,27.9,19.9,7.52,9.01,0,10.39,10.84
2015,1,2015.11.02,±¤»ê,4.1,6,4.39,0.185,6,1.685,2.216,0.106,7.4,6.7,5,346,22.1,15.5,7.52,9.01,0.48,11.24,11.94
2015,1,2015.11.09,±¤»ê,5.4,6.9,7.329,0.289,6.1,2.655,2.888,0.064,4.9,6.7,5.5,453,29.1,16.9,7.51,8.99,4.07,17.78,16.95
2015,1,2015.11.17,±¤»ê,3.8,7.3,3.86,0.16,5.3,1.509,0.864,0.103,4.5,6.8,6,315,23.3,15.4,7.52,9.01,0.15,32.16,35.48
2015,1,2015.11.24,±¤»ê,3.4,6.3,4.466,0.172,3.6,1.356,1.244,0.098,6.6,6.6,6.7,283,17.6,14.5,7.49,8.96,0.09,18.53,20.31
2015,12,2015.12.01,±¤»ê,2.8,5.9,4.326,0.158,2.6,1.161,1.438,0.106,4,6.4,8.7,303,7.3,9.7,7.37,8.8,0,22.1,25.35
2015,12,2015.12.07,±¤»ê,2.4,5.4,5.38,0.222,2.5,1.742,2.503,0.118,2.9,6.6,8,413,5.2,8.8,7.52,9.01,0,21.85,23.15
2015,12,2015.12.15,±¤»ê,2.3,5.5,4.304,0.164,2.9,1.054,2.547,0.091,4.1,6.4,8.4,298,6.2,10.7,7.52,9.01,1.15,23.4,24.89
2015,12,2015.12.21,±¤»ê,1.8,4.6,5.033,0.176,2.5,0.85,3.306,0.087,2.4,6.8,10.3,348,10.1,8,7.4,8.84,1.15,22.07,25.5
2015,12,2015.12.28,±¤»ê,2,4.7,5.535,0.123,2.5,1.364,3.425,0.045,2.9,7,10.4,345,8.9,7.8,7.52,9.01,0,17.73,18.37
2016,1,2016.01.04,±¤»ê,2.3,4.9,5.535,0.081,4.5,1.432,3.889,0.024,6.1,6.8,11.8,406,16.9,7.7,7.51,8.99,0,14.85,15.07
2016,1,2016.01.11,±¤»ê,2.9,5.5,6.618,0.161,5.1,1.356,4.347,0.066,4.7,7.5,12.7,416,36.9,7.5,7.5,8.971,0,14.735,15.174
2016,1,2016.01.18,±¤»ê,2.9,6,7.88,0.14,5.8,1.884,4.714,0.033,5.5,7.4,13.6,462,38.9,7,7.51,8.99,3.7453,15.356,15.136
2016,1,2016.01.28,±¤»ê,2.4,5,7.099,0.114,5.7,2.014,4.432,0.021,4.2,7,13.1,385,21.2,4.2,7.62,9.216,7.3612,19.858,17.458
2016,2,2016.02.02,±¤»ê,4.2,6.5,4.747,0.232,5.6,1.387,2.729,0.125,8.7,6.7,11.3,371,13.3,4.2,7.55,9.066,0,22.615,23.61
2016,2,2016.02.11,±¤»ê,2.6,5.1,6.908,0.101,5.9,2.569,3.807,0.029,4.1,7.1,13.2,414,14.7,6.3,7.27,8.668,0,16.631,19.988
2016,2,2016.02.15,±¤»ê,3.8,6,4.372,0.167,6.1,1.383,2.087,0.07,14.8,7.2,10.2,294,16,8.8,7.53,9.028,0.948,32.607,33.544
2016,2,2016.02.22,±¤»ê,2.2,5.6,5.504,0.119,4.8,1.895,3.114,0.069,6.8,6.8,11.5,348,13.1,7.8,7.5,8.971,0,21.568,21.415
2016,2,2016.02.29,±¤»ê,4.5,5.9,5.608,0.149,5,1.575,3.216,0.067,8.7,7.5,13.9,350,44.5,7.3,7.49,8.958,1.7251,17.657,18.029
2016,3,2016.03.07,±¤»ê,5.9,7.5,3.295,0.204,6.3,0.636,1.779,0.055,44.7,7,8.3,229,5.7,12.1,7.59,9.152,0,56.526,59.013
2016,3,2016.03.14,±¤»ê,2.6,6.1,4.76,0.18,5.1,1.393,2.63,0.086,8.7,6.7,12.6,287,15.6,8.3,7.49,8.958,0,19.611,19.764
2016,3,2016.03.21,±¤»ê,4.5,7.3,5.455,0.156,5.7,1.462,3.238,0.028,10.9,7.1,8.6,345,59.8,12.8,7.5,8.971,0,14.323,14.17
2016,3,2016.03.28,±¤»ê,6.3,8.7,5.908,0.164,7.1,1.753,3.113,0.014,13.6,8,12.2,407,104.5,13,7.22,8.602,0,13.662,14.12
2016,4,2016.04.04,±¤»ê,7.1,9.1,5.853,0.08,6.3,1.592,3.396,0.014,10.4,7.6,13.6,419,82.1,15.7,7.51,8.99,0.897,11.15,10.778
2016,4,2016.04.11,±¤»ê,6.6,9.2,3.405,0.162,6.5,0.693,1.842,0.026,11.4,7.7,10,283,107,16.3,7.53,9.028,0,18.13,18.35
2016,4,2016.04.18,±¤»ê,5,7.5,2.704,0.19,6.2,0.568,1.626,0.038,20.7,6.8,8.4,207,36.7,16.2,7.6,9.173,0,58.776,60.268
2016,4,2016.04.25,±¤»ê,2.7,5.6,3.369,0.116,4.4,0.701,2.303,0.022,8.5,6.5,7.9,227,31.2,18,7.5,8.971,0,26.969,27.408
2016,5,2016.05.02,±¤»ê,3.6,7,3.454,0.127,5.5,0.787,1.95,0.034,9.5,6.7,8.5,222,39,19.1,7.64,9.259,16.4737,33.315,31.077
2016,5,2016.05.09,±¤»ê,3.4,6.3,4.222,0.134,5.5,1.181,2.131,0.049,9.1,6.2,8.3,260,49,19.4,7.49,8.958,0.0428,23.27,23.423
2016,5,2016.05.16,±¤»ê,5.9,8.6,4.405,0.165,7,1.17,2.027,0.01,18.6,6.9,13.2,311,139.2,21.2,7.51,8.99,5.8747,31.629,29.12
2016,5,2016.05.23,±¤»ê,4.6,7.7,4.273,0.149,5.7,1.479,2.113,0.059,6.9,7.5,10.9,314,51.5,23.8,7.41,8.852,0,19.423,21.016
2016,5,2016.05.30,±¤»ê,4.9,8.2,4.081,0.124,6.5,1.927,1.361,0.074,6.6,7.1,6.2,330,50.3,23.3,7.55,9.066,0,21.948,22.445
2016,6,2016.06.07,±¤»ê,3.8,7.3,4.041,0.133,7.2,1.409,1.561,0.065,6.8,6.4,5.9,288,22.7,22.4,7.59,9.152,1.3618,29.418,29.169
2016,6,2016.06.13,±¤»ê,5.4,7.3,4.522,0.147,6.9,1.644,1.947,0.052,7.1,7.2,10.1,316,73.7,24.6,7.55,9.066,0,19.946,20.195
2016,6,2016.06.20,±¤»ê,3.4,8.7,4.097,0.126,6.8,1.453,1.774,0.049,7.6,7,7.5,309,57.5,25.4,7.61,9.195,15.5369,31.927,30.435
2016,6,2016.06.27,±¤»ê,3.3,7.7,3.431,0.179,7.2,0.952,1.555,0.105,6.6,6.9,5.1,238,15.5,24.6,7.52,9.009,0.0023,17.418,17.857
2016,7,2016.07.05,±¤»ê,3.4,6.6,2.79,0.176,5.7,0.498,1.701,0.076,16.1,6.6,6.7,152,2.3,23.1,7.76,9.517,28.6902,155.828,152.097
2016,7,2016.07.11,±¤»ê,3.9,7.7,3.116,0.195,6.1,0.881,1.483,0.082,11.5,7.3,5.5,216,59.5,27.2,7.62,9.216,7.1506,44.651,45.397
2016,7,2016.07.18,±¤»ê,4,5.9,3.496,0.144,6,1.536,1.313,0.104,8.1,6.5,5.3,243,39.4,25.5,7.56,9.087,0,25.646,26.392
2016,7,2016.07.25,±¤»ê,4.2,7.5,3.704,0.15,7,1.374,1.65,0.077,6.9,7.2,8.5,308,45.5,29,7.47,8.931,0,14.194,15.091
2016,8,2016.08.01,±¤»ê,4.7,8.3,4.616,0.147,7.4,2.216,1.895,0.082,7.9,6.7,2.6,380,39.7,30.1,7.53,9.028,0,15.895,16.334
2016,8,2016.08.08,±¤»ê,5.4,8.4,3.714,0.177,6.9,1.642,1.197,0.121,11.8,7.1,3.4,293,90.1,29.1,7.61,9.195,4.3891,35.764,35.515
2016,8,2016.08.16,±¤»ê,4.1,9,3.728,0.219,7.1,1.557,1.295,0.13,8.2,6.9,4.1,312,69.5,30.1,7.56,9.087,0,21.373,21.124
2016,8,2016.08.22,±¤»ê,4.4,9.9,3.535,0.193,8.4,1.231,1.1,0.106,10.3,6.6,5.8,330,53,30.2,7.54,9.047,0,15.77,15.331
2016,8,2016.08.29,±¤»ê,3.8,7.5,3.634,0.286,6.8,1.697,1.046,0.144,10.3,6.8,5.5,271,52.8,25.4,7.55,9.066,0,24.119,23.899
2016,9,2016.09.05,±¤»ê,5.3,6.8,3.972,0.13,6.4,1.356,2.105,0.041,11.8,7.6,5.9,338,90.4,25.2,7.6,9.173,0.4965,53.875,52.192
2016,9,2016.09.12,±¤»ê,4.7,7.5,3.884,0.135,5.5,1.691,1.729,0.078,9,6.3,5,314,31.9,25.3,7.52,9.009,2.7414,28.183,28.403
2016,9,2016.09.20,±¤»ê,1.8,7.3,2.605,0.183,5.2,0.499,1.726,0.129,8.9,6.6,6.8,173,3.4,21.8,7.58,9.13,0.0069,48.09,48.836
2016,9,2016.09.26,±¤»ê,4.6,6.4,3.991,0.158,5.6,0.759,2.387,0.06,6.7,7.6,9.4,280,72.2,23.5,7.52,9.009,1.1574,20.374,20.154
2016,10,2016.10.04,±¤»ê,2.8,6.2,3.32,0.27,5,1.168,1.159,0.189,8.2,6.5,4,245,10.5,22.9,7.22,8.602,2.4728,49.527,56.888
2016,10,2016.10.10,±¤»ê,2.3,5.9,2.633,0.124,4.6,0.509,1.639,0.104,13.5,6.7,7.2,178,6.6,17.9,7.58,9.13,0,41.046,39.861
2016,10,2016.10.18,±¤»ê,3.3,6.3,2.735,0.237,4.9,0.503,1.264,0.15,18.8,6.5,9.7,175,4.1,18.1,7.61,9.195,0,52.443,50.511
2016,10,2016.10.24,±¤»ê,3.6,5.2,3.925,0.137,3.8,1.047,2.321,0.061,6.7,6.4,7.3,282,12.3,19,7.5,8.971,0.379,23.546,23.766
2016,11,2016.11.01,±¤»ê,2.3,5.2,4.183,0.156,4.4,1.343,2.368,0.119,8.1,7.5,6.7,300,8.9,14.6,7.49,8.958,0,20.039,20.411
2016,11,2016.11.07,±¤»ê,3.5,5.8,5.935,0.14,4.3,1.584,3.456,0.077,4.8,6.6,9.8,352,34.4,14,7.52,9.009,0.3153,16.34,16.12
2016,11,2016.11.14,±¤»ê,3.8,6.2,5.372,0.284,5.4,1.569,3.36,0.06,8.4,6.8,11.6,382,62.8,13.6,7.49,8.958,1.2256,16.538,16.91
2016,11,2016.11.21,±¤»ê,4.7,7.9,6.583,0.132,6.3,2.093,3.095,0.039,9,7.2,11.2,405,65.9,14.3,7.51,8.99,0,14.301,14.301
2016,11,2016.11.28,±¤»ê,4.9,7.7,5.946,0.101,6.4,1.294,3.817,0.01,13,7,14.6,418,69.2,9.6,7.52,9.009,0,13.582,13.362
2016,12,2016.12.05,±¤»ê,3.7,6.9,6.528,0.153,5.6,2.339,3.224,0.064,7.7,6.8,9.1,433,34.1,9,7.51,8.99,0,12.746,12.966
2016,12,2016.12.12,±¤»ê,4.3,7.4,6.785,0.085,6.2,1.877,3.733,0,9.8,6.9,13.2,476,63.5,8,7.52,9.009,0.9163,12.632,12.193
2016,12,2016.12.19,±¤»ê,3.9,7.1,6.895,0.09,5.9,1.651,3.933,0.006,7.5,7.1,11.8,422,40.3,7.4,7.49,8.958,6.614,17.879,18.251
2016,12,2016.12.26,±¤»ê,4.5,7.6,4.181,0.16,6.5,1.086,2.019,0.02,14.8,7,9.6,380,48.2,8.8,7.51,8.99,11.3031,22.365,22.585
2017,1,2017.01.02,±¤»ê,3.3,6.5,5.9,0.142,5.8,1.744,2.76,0.057,5,7.4,11.1,420,26.4,6.2,7.49,8.958,0,15.136,15.289
2017,1,2017.01.09,±¤»ê,3.1,6.7,6.049,0.096,5.1,1.669,3.461,0.012,6.9,6.6,12.7,417,43.8,8.3,7.52,9.009,0.3287,12.93,10.965
2017,1,2017.01.16,±¤»ê,4.3,7.9,5.963,0.106,5.6,1.416,3.415,0,14.4,6.8,14.6,404,45.9,5.3,7.5,8.971,0,12.344,12.344
2017,1,2017.01.24,±¤»ê,4.8,7.7,6.268,0.115,6.1,1.693,3.546,0.005,9.6,7.7,14.7,426,56.5,5.1,7.5,8.971,0.1308,11.493,11.493
2017,1,2017.01.31,±¤»ê,4.3,7,8.056,0.109,5.9,2.937,4.099,0.019,8.9,6.5,12.4,495,41.8,5.7,7.5,8.971,0,11.625,11.845
2017,2,2017.02.06,±¤»ê,4.9,8.8,9.113,0.217,7.2,4.349,3.469,0.043,9.8,7.7,11.5,464,31.4,6.3,7.51,8.99,0.1025,10.693,10.473
2017,2,2017.02.13,±¤»ê,5.9,9.2,8.256,0.113,8.4,3.867,3.088,0.024,14.2,7.6,14.6,485,99,6.1,7.45,8.905,0,12.329,13.312
2017,2,2017.02.20,±¤»ê,6.3,9.8,8.713,0.162,8.7,4.496,2.976,0.007,18.8,6.3,15.3,538,73.1,8.3,7.24,8.628,0.7854,19.632,23.599
2017,2,2017.02.27,±¤»ê,5,8.5,4.608,0.122,6.7,1.336,2.332,0.004,16,7.1,13.7,404,73.7,7.4,6.57,7.699,0,9.803,16.895
2017,3,2017.03.06,±¤»ê,6.4,11.9,7.454,0.146,8.1,3.404,2.617,0.023,15.8,7.7,13.6,374,77.6,9.9,7.29,8.694,0,7.317,0.748
2017,3,2017.03.13,±¤»ê,6,11.4,7.831,0.092,8.3,3.84,2.639,0.004,11,7.8,16,438,53.1,10.2,7.32,8.734,0,12.894,15.86
2017,3,2017.03.20,±¤»ê,6.7,12.6,9.845,0.143,9,5.182,2.757,0.003,17.9,6.8,14,463,96.8,11.9,5.49,6.103,6.325,5.35,5.35
2017,3,2017.03.27,±¤»ê,7.9,13.7,7.939,0.103,9.7,4.229,2.497,0.04,19.4,7.7,15.6,437,177.9,12.4,7.18,8.549,2.0909,7.002,0.297
2017,4,2017.04.03,±¤»ê,7.6,12.6,8.061,0.115,9.7,4.254,2.433,0.003,12.8,7.5,15.4,427,60.3,13.5,7.5,8.971,0,8.599,8.599
2017,4,2017.04.10,±¤»ê,6.8,11,4.446,0.184,8.3,1.903,1.428,0.07,9.9,6.5,9.1,324,29,17,7.51,8.99,0.2963,17.431,17.651
2017,4,2017.04.17,±¤»ê,6.9,11.4,5.406,0.134,8.1,2.65,1.732,0.042,8.6,6.4,9.9,370,27.3,18,7.44,8.892,13.8729,16.608,16.455
2017,4,2017.04.24,±¤»ê,7.7,11.7,6.695,0.203,8.6,3.385,1.868,0.059,8.4,6.8,7.5,354,20.3,17.7,7.48,8.945,0,10.549,10.854
2017,5,2017.05.08,±¤»ê,7.4,12.1,7.545,0.113,8.2,3.431,2.625,0.008,7.4,7.1,7.3,452,35.1,20.7,7.48,8.945,0,8.843,8.996
2017,5,2017.05.15,±¤»ê,7.1,11.8,7.208,0.224,8.3,4.001,1.769,0.123,7.3,7.1,7.2,439,27.6,20.5,7.48,8.945,0,8.635,8.635
2017,5,2017.05.22,±¤»ê,4.1,13.1,8.187,0.1,9.2,3.802,2.616,0.014,14.9,7.5,9,448,38.4,22.1,7.47,8.931,0,11.321,11.626
2017,5,2017.05.29,±¤»ê,4.9,13.2,6.821,0.095,10.1,3.19,2.057,0.008,14.3,7.1,10.8,440,39.5,22.9,7.52,9.009,0,11.244,11.024
2017,6,2017.06.05,±¤»ê,6.3,13.7,3.736,0.119,10.1,1.14,1.289,0.017,12.9,7.1,9.1,344,44.3,23.4,7.58,9.13,0.0023,14.114,14.114
2017,6,2017.06.12,±¤»ê,7.9,12.6,4.005,0.103,9.5,1.257,1.822,0.003,12.6,6.9,7.9,334,94.6,23.3,7.54,9.047,0,8.192,9.158
2017,6,2017.06.19,±¤»ê,7.6,15.3,5.284,0.101,10.1,1.401,2.537,0.003,13.1,7.5,10.6,389,38.4,24.4,7.55,9.066,0,7.177,6.957
2017,6,2017.06.26,±¤»ê,5.8,14.6,5.176,0.099,11.3,2.312,1.679,0,16,6.7,4.4,338,43.9,25.4,7.64,9.259,24.1392,67.01,64.772
2017,7,2017.07.03,±¤»ê,4.5,11.8,5.885,0.26,9.4,3.637,1.306,0.182,8.4,6.7,3.2,380,27,26.2,7.54,9.047,14.4166,27.713,29.176
2017,7,2017.07.10,±¤»ê,4.8,9.5,2.986,0.18,7.9,0.986,1.158,0.087,10.6,6.7,4,270,31.4,27.2,7.52,9.009,7.5002,26.196,26.196
2017,7,2017.07.17,±¤»ê,2.8,7.9,2.476,0.142,6.2,0.393,1.768,0.071,16.6,5.7,6,146,2.4,26,7.62,9.216,15.0488,39.652,37.911
2017,7,2017.07.24,±¤»ê,3.4,7.2,4.039,0.123,5.9,1.826,1.669,0.064,5.6,6.4,5.3,300,21.1,29.2,7.55,9.066,0,13.109,13.109
2017,8,2017.08.07,±¤»ê,4,9.2,3.798,0.15,6.9,1.987,1.207,0.073,10.1,7.1,2.2,252,22.4,29.9,7.56,9.087,0,11.412,11.909
2017,8,2017.08.14,±¤»ê,3.6,8.7,5.378,0.142,6.6,3.847,1.053,0.104,8.3,6.5,2.5,347,11.2,27.9,7.67,9.324,30.3347,104.079,100.435
2017,8,2017.08.21,±¤»ê,4.7,9.6,4.71,0.277,7.9,2.908,0.976,0.149,28.9,6.4,2.2,250,9.6,26.5,7.57,9.109,70.1479,220.585,222.326
2017,8,2017.08.28,±¤»ê,3,7.6,3.089,0.153,5.7,0.707,1.787,0.089,7.3,6.4,6.1,197,12.3,25.7,7.64,9.259,0,47.56,48.306
2017,9,2017.09.04,±¤»ê,4.7,8.9,3.771,0.142,6.3,1.299,1.793,0.028,7.5,6.8,9.6,295,49.4,25,7.59,9.152,0.046,30.059,30.805
2017,9,2017.09.12,±¤»ê,2.8,7.3,2.076,0.173,5.5,0.149,1.164,0.106,20.3,6.7,6.1,166,5,22.2,7.51,8.99,0.0554,121.446,123.32
2017,9,2017.09.18,±¤»ê,3.7,7.9,3.343,0.068,6.2,1.102,1.493,0.013,9.1,7,8.4,278,70,23.4,7.58,9.13,0,18.548,19.045
2017,9,2017.09.25,±¤»ê,3.4,7.3,3.461,0.035,5.5,0.881,1.894,0.01,5.1,7.5,9.5,350,31,24,7.56,9.087,0,16.038,14.911
2017,10,2017.10.10,±¤»ê,5,7.9,4.132,0.12,6.1,1.82,1.54,0.048,8.4,6.8,5.4,283,61.9,21.4,7.61,9.195,0,27.297,27.048
2017,10,2017.10.16,±¤»ê,4.7,7.5,5.542,0.125,6.1,2.157,2.13,0.05,10.2,6.9,7.7,396,37.5,19.1,7.59,9.152,0.0001,18.64,18.64
2017,10,2017.10.23,±¤»ê,4.8,8.5,5.302,0.06,6.3,1.902,2.347,0.02,9.4,7.5,8.8,414,52.5,18.3,7.57,9.109,0,12.92,12.92
2017,10,2017.10.30,±¤»ê,5.2,9.1,5.688,0.06,8,1.823,2.955,0.007,12.4,7,11.8,459,43.6,16.9,7.56,9.087,0,10.838,11.087
2017,11,2017.11.06,±¤»ê,4.5,7.9,5.351,0.058,5.9,2.106,2.918,0.008,8.3,6.8,11.8,474,26.9,14.4,7.57,9.109,0,12.225,11.728
2017,11,2017.11.13,±¤»ê,4.6,8.4,6.183,0.074,6.6,2.249,3.223,0.004,12.2,8,9.9,441,24.2,13.9,7.21,8.589,0,15.815,21.587
2017,11,2017.11.20,±¤»ê,5.8,11.6,6.484,0.099,8.7,2.038,2.888,0.01,19.6,8.3,13.3,476,75.7,9.9,5.47,6.073,0,13.156,14.012
2017,11,2017.11.27,±¤»ê,6.1,11.4,7.341,0.116,8.4,2.523,3.693,0.01,14.7,7.2,14.1,527,65.4,10.2,5.5,6.118,0,14.591,15.275
2017,12,2017.12.04,±¤»ê,5.6,9,7.74,0.13,7.8,3.694,2.981,0.005,23.3,7.6,11.6,614,42.9,9.4,5.11,5.541,0.5434,11.3,11.129
2017,12,2017.12.11,±¤»ê,5.1,8.3,7.513,0.095,7.1,3.551,3.147,0.005,14.3,8.2,11.8,603,30.1,8,4.87,5.208,0.095,13.429,14.948
2017,12,2017.12.18,±¤»ê,4.6,8.3,8.02,0.103,6.9,4.175,2.756,0.009,10.1,8.4,13.1,576,19.1,5.8,4.68,4.959,0,13.5,15.931
2017,12,2017.12.26,±¤»ê,6.2,11.1,5.365,0.141,8.7,2.608,2.029,0.007,21.5,7,12.4,443,70.8,6.4,4.53,4.762,0.0527,16.46,16.004
2018,1,2018.01.02,±¤»ê,5.8,10.7,8.828,0.099,7.2,5.464,2.281,0.008,10.6,7.2,13.8,541,24.9,6.9,6.03,6.902,0,9.274,7.047
2018,1,2018.01.08,±¤»ê,5.9,10.8,9.144,0.075,7.5,5.513,2.465,0.017,8.5,7,13,534,42.1,6.3,5.99,6.842,1.3774,10.924,10.068
2018,1,2018.01.15,±¤»ê,6.9,12,9.233,0.166,9.6,5.473,2.529,0.011,14,7,13.3,730,80.8,5.3,6.02,6.887,5.1645,14.519,14.004
2018,1,2018.01.22,±¤»ê,7,12.5,8.063,0.159,9.8,5.009,2.138,0.015,17.6,7.5,13.2,499,67.2,7,5.99,6.842,1.1512,13.757,14.272
2018,1,2018.01.29,±¤»ê,6.4,12.1,9.149,0.126,8.7,5.303,2.185,0.013,14.1,7.5,14.4,501,67.3,3.6,5.98,6.828,0.1654,10.973,11.831
2018,2,2018.02.05,±¤»ê,4.2,8.8,10.59,0.123,7.5,8.19,1.889,0,8.2,7.5,13.3,516,51.1,4.5,6.02,6.887,2.1576,9.805,9.461
2018,2,2018.02.13,±¤»ê,6.2,11.6,11.062,0.155,8.4,8.269,1.709,0.021,14.8,7.6,13.6,544,64.5,6.1,6.04,6.916,0.374,10.699,10.355
2018,2,2018.02.19,±¤»ê,7.9,14,10.64,0.255,10.7,8.241,1.438,0.037,21.4,7.5,13.1,571,100.2,6.9,6.03,6.902,0,9.499,8.812
2018,2,2018.02.26,±¤»ê,6.1,12.8,13.96,0.176,9,10.926,1.872,0.034,12.1,7.5,13.1,561,64.3,8.5,6.02,6.887,0,9.981,10.153
2018,3,2018.03.05,±¤»ê,6.5,12.3,8.43,0.194,9.3,6.419,1.205,0.016,16,7.2,5.6,491,72.6,10.1,6.22,7.184,7.5339,22.718,21
2018,3,2018.03.12,±¤»ê,6.2,11.6,6.451,0.194,8.8,3.956,1.571,0.021,18.1,7.6,11.1,445,67.8,10.6,6.05,6.931,0,17.678,17.678
2018,3,2018.03.19,±¤»ê,6.1,11.6,5.312,0.289,9,2.414,1.598,0.071,44.9,7.2,6.8,228,6.8,12.3,6.07,6.961,16.8278,91.383,91.383
2018,3,2018.03.26,±¤»ê,5.3,8.7,7.931,0.118,7.5,5.05,1.744,0.027,22,7.3,7.7,380,20.4,13.8,4.32,4.486,0,19.935,22.974
2018,4,2018.04.02,±¤»ê,6.3,11.6,8.101,0.229,8.7,5.963,1.121,0.013,41.1,7.5,6.7,434,54.5,17.6,3.49,3.577,0,16.167,16.056
2018,4,2018.04.09,±¤»ê,5.9,12.3,6.838,0.247,9.1,4.959,1.331,0.062,86.2,7.3,8.6,346,24,13.8,2.85,3.044,0,65.214,65.362
2018,4,2018.04.16,±¤»ê,6.5,11.6,6.477,0.225,8.7,2.634,1.462,0.064,32.3,7.2,9,351,54.2,14.8,2.89,3.061,0,60.522,60.67
2018,4,2018.04.30,±¤»ê,4.2,8,5.979,0.11,6.4,1.771,2.754,0.034,31.2,7.4,8.4,326,32.9,20,2.9,3.066,0,31.735,31.784
2018,5,2018.05.08,±¤»ê,8.1,14,3.573,0.239,9.4,1.406,0.198,0.043,74.5,7.6,8.1,249,76.3,18.9,2.94,3.083,0,43.445,45.292
2018,5,2018.05.14,±¤»ê,5.7,9.4,3.775,0.234,8.1,1.732,1.25,0.079,22.7,7.5,7.8,277,50.5,21.3,2.93,3.078,0,37.276,37.842
2018,5,2018.05.21,±¤»ê,4.3,8.6,5.112,0.148,7,2.32,1.895,0.026,26.4,7.5,9.3,348,35.5,21,2.88,3.057,0,28.889,28.889
2018,5,2018.05.28,±¤»ê,6.7,10.8,6.241,0.11,7.9,3.62,1.477,0.042,22.6,7.5,8.1,349,28.6,24.6,2.9,3.066,0.0023,29.875,29.875
2018,6,2018.06.04,±¤»ê,7.3,11.5,5.863,0.108,8.3,2.839,1.724,0.025,25.3,7.5,7.6,361,43.2,25.1,2.95,3.087,0,35.127,35.127
2018,6,2018.06.11,±¤»ê,5,10.6,6.001,0.11,7.8,3.52,1.284,0.026,20.3,7.4,6.1,368,21.3,24.8,3,3.108,2.9786,38.066,37.869
2018,6,2018.06.18,±¤»ê,7.8,12,5.649,0.142,10.2,3.005,1.377,0.033,28.7,7.8,9.4,382,99.6,26.5,2.93,3.078,0,32.499,32.548
2018,6,2018.06.25,±¤»ê,6.1,12.3,6.321,0.151,9.1,3.95,1.24,0.021,23.1,7.8,7.8,415,35.8,27.4,2.96,3.091,0,29.887,29.69
2018,7,2018.07.02,±¤»ê,6,14.8,3.14,0.377,9.9,0.586,1.808,0.169,150.2,7.5,5.8,132,5.2,23.7,4,4.066,36.2559,274.529,273.31
2018,7,2018.07.09,±¤»ê,5,8.8,6.418,0.229,7.1,3.707,1.972,0.191,15.7,7.5,4.6,306,13.3,24.9,2.98,3.1,0.0021,39.969,40.067
2018,7,2018.07.16,±¤»ê,6.1,9.9,5.317,0.115,7.6,3.237,1.447,0.06,9,7.9,9,362,27.4,31.2,2.7,2.981,0,11.476,11.476
2018,7,2018.07.23,±¤»ê,8.9,13.3,6.737,0.148,9.3,3.942,2.346,0.022,16.5,8.4,13.2,441,156.1,31.2,2.64,2.955,0,8.047,8.047
2018,7,2018.07.30,±¤»ê,8.8,15.9,6.113,0.202,10.9,2.794,1.452,0.039,26.6,8.7,13.3,375,150.6,32.4,2.67,2.968,1.8797,9.706,9.706
2018,8,2018.08.06,±¤»ê,9,15.8,7.394,0.224,10.2,3.814,1.858,0.026,20.9,8.6,12.5,448,174.7,32.5,2.62,2.947,0.0443,7.198,7.247
2018,8,2018.08.13,±¤»ê,7.4,12.8,4.901,0.345,9.9,4.074,0.568,0.224,11.7,7.9,9.5,351,54.6,31.5,2.69,2.976,0,11.914,12.012
2018,8,2018.08.20,±¤»ê,7.1,13.5,5.998,0.124,8.8,2.894,1.662,0.026,12.2,8.4,10.2,455,85.3,29.8,2.63,2.951,0,7.297,7.248
2018,8,2018.08.28,±¤»ê,3.3,9.6,1.878,0.215,6.6,0.371,1.388,0.082,48.1,6.9,6.7,116,5.6,24.3,3.18,3.281,1.5554,187.211,213.889
2018,9,2018.09.03,±¤»ê,3,6,3.338,0.24,5.5,1.545,1.277,0.136,10.3,7.1,5.1,228,2.6,25.8,2.84,3.04,35.1418,28.554,28.898
2018,9,2018.09.10,±¤»ê,3.6,7.7,5.606,0.194,6,3.313,1.449,0.138,6.8,7.1,5.2,307,15.7,24.8,2.69,2.976,0,13.881,14.57
2018,9,2018.09.17,±¤»ê,6,9.9,4.811,0.214,7.7,3.057,0.958,0.136,13.6,7.4,7.2,317,54.3,25.1,2.74,2.998,0.1892,15.714,15.812
2018,9,2018.09.27,±¤»ê,6.4,11.3,5.748,0.11,7.4,2.15,1.91,0.022,10.4,7.6,10,324,41.4,22.3,2.69,2.976,0,11.252,11.301
2018,10,2018.10.01,±¤»ê,7,9.8,4.237,0.092,8.5,2.362,1.816,0.026,9.7,7.2,10.2,356,72.8,21.2,2.66,2.964,1.1565,9.977,10.075
2018,10,2018.10.08,±¤»ê,4.2,8.8,3.402,0.323,7.5,1.72,1.434,0.255,14.9,7.1,6.3,194,6.2,19.7,2.78,3.015,0,35.625,36.461
2018,10,2018.10.15,±¤»ê,3.8,7.1,5.342,0.096,6,2.109,2.619,0.034,8.4,7.4,8.8,331,27.3,18.1,2.71,2.985,0,12.325,12.325
2018,10,2018.10.22,±¤»ê,4.1,7.1,5.273,0.138,6.9,2.268,2.621,0.015,7.8,7.5,9.5,382,26.3,17.1,2.7,2.981,0,5.731,5.583
2018,10,2018.10.29,±¤»ê,5.2,6.8,6.458,0.141,8.3,3.527,2.11,0.018,6.8,7.4,8.5,418,36.2,16,2.69,2.976,1.1095,7.759,7.661
2018,11,2018.11.05,±¤»ê,4.2,7.6,5.767,0.155,7.6,2.155,1.9,0.019,5.4,7.8,9.7,431,31.8,14.6,2.66,2.964,0,6.875,6.875
2018,11,2018.11.12,±¤»ê,5.9,10.9,5.008,0.394,9.5,2.689,1.495,0.173,13.4,7.5,6,380,36.9,15.1,2.71,2.985,0.6209,11.748,11.748
2018,11,2018.11.19,±¤»ê,5.1,10,5.873,0.154,8.4,2.429,2.651,0.046,11.3,7.9,11.6,423,73.2,12.8,6.03,6.902,0,13.11,11.91
2018,11,2018.11.26,±¤»ê,5.3,10.2,6.104,0.134,8.9,2.68,2.624,0.027,12.1,7.8,11.5,424,85.5,11.1,6.04,6.916,0,12.677,12.333
2018,12,2018.12.03,±¤»ê,4.1,8.7,6.814,0.115,8.2,2.495,3.526,0.026,10.9,8,12.1,475,77.5,12,6.01,6.872,7.8286,17.966,17.452
2018,12,2018.12.10,±¤»ê,4.2,8.7,6.078,0.231,8.7,2.681,2.564,0.067,9.3,7.9,11.2,442,74,6,6.02,6.887,0,12.828,11.458
2018,12,2018.12.17,±¤»ê,3.8,8.1,7.134,0.113,7.8,2.61,3.482,0.022,8.2,7.9,12.3,479,45.8,6.7,6,6.857,0.0554,14.228,14.4
2018,12,2018.12.24,±¤»ê,3.7,7.9,6.647,0.099,7.6,2.436,3.375,0.035,9.6,7.8,11.1,468,51.3,8.9,6,6.857,0,7.499,7.499
2019,1,2019.01.07,±¤»ê,5.4,8.5,9.091,0.165,8.5,3.55,3.964,0.028,7.3,8.2,12.5,473,31.4,6,6.01,6.872,0,6.867,6.011
2019,1,2019.01.14,±¤»ê,3.5,7.4,9.184,0.171,8,3.591,3.686,0.037,10.1,7.5,12.1,475,44.7,7.6,5.97,6.813,0,6.814,6.814
2019,1,2019.01.21,±¤»ê,4.2,8.5,9.308,0.136,6.7,4.264,3.486,0.025,10,7.6,12.1,489,32.4,6.8,5.99,6.842,0,6.723,6.552
2019,1,2019.01.28,±¤»ê,5.5,11.4,9.21,0.145,8.9,4.482,3.545,0.007,13,7.8,13.3,503,59.6,6.5,6,6.857,0,6.452,6.281
2019,2,2019.02.07,±¤»ê,6.6,14.2,5.577,0.246,11.3,2.636,2.457,0.033,20.8,7.4,8.9,394,99,8.1,6,6.857,0,7.706,7.706
2019,2,2019.02.11,±¤»ê,6.6,13.6,9.075,0.151,9.2,4.231,3.007,0.019,17.7,8.1,13.5,454,121.4,5.9,6,6.857,0,6.777,6.777
2019,2,2019.02.18,±¤»ê,5.9,13.5,8.1,0.19,10.9,4.253,3.433,0.009,20.3,7.7,15.6,469,92.2,7,5.99,6.842,0.033,6.763,6.763
2019,2,2019.02.25,±¤»ê,7.1,14.9,7.637,0.194,10.7,3.988,2.667,0.012,17.6,8,11.6,418,148.2,9,5.99,6.842,0.4201,7.505,7.848
2019,3,2019.03.04,±¤»ê,5.2,10.7,8.738,0.112,8.7,5.474,2.781,0.012,10.1,7.6,12.8,472,68.1,12,5.99,6.842,0,6.557,6.728
2019,3,2019.03.11,±¤»ê,6,12.2,9.938,0.181,9.3,6.386,2.79,0.014,11.5,7.5,8.7,487,76.8,12.1,6.01,6.872,2.1899,6.696,6.182
2019,3,2019.03.18,±¤»ê,6.9,14.7,8.278,0.26,9.9,5.685,2.529,0.016,14.2,7.8,12.1,469,80.5,12.1,5.95,6.783,0,5.173,5.857
2019,3,2019.03.25,±¤»ê,5.9,12.4,6.13,0.223,8,3.033,2.491,0.066,12.8,8.1,8,387,41.4,11.8,5.55,6.192,0,8.903,16.432
2019,4,2019.04.01,±¤»ê,5.5,11.3,8.005,0.2,8.9,3.618,3.09,0.024,22.4,8.1,8.6,471,24.1,12.2,2.7,2.981,0,18.131,18.131
2019,4,2019.04.08,±¤»ê,7.2,15.6,8.106,0.58,11.1,5.769,1.339,0.268,21.2,8.2,7.9,380,26,14.8,2.75,3.002,0.0728,13.183,13.085
2019,4,2019.04.15,±¤»ê,5.8,12.5,5.834,0.349,8.8,3.224,1.772,0.019,28.5,9,11.8,374,84,13.7,2.76,3.006,0,21.023,21.171
2019,4,2019.04.22,±¤»ê,5.8,12.7,6.98,0.253,8.5,4.554,1.799,0.021,18,8.4,10.1,412,70.5,20.2,2.74,2.998,0,14.519,14.519
2019,4,2019.04.30,±¤»ê,5.8,12.2,3.922,0.407,8.3,2.428,1.255,0.156,59.1,7.8,6.8,234,16.2,15.6,4.47,4.683,0.2365,27.044,25.221
2019,5,2019.05.07,±¤»ê,4.7,9.7,6.186,0.147,7.3,3.514,2.356,0.023,13.5,8.6,10.1,410,41.1,19.4,4.51,4.735,0,7.548,7.7
2019,5,2019.05.13,±¤»ê,5.5,11.9,6.702,0.192,8.4,4.021,2.485,0.019,12.3,7.5,12.4,451,79,21.6,4.51,4.735,0,6.581,5.973
2019,5,2019.05.20,±¤»ê,4.3,9.7,4.323,0.181,7,1.271,1.724,0.038,10.7,7.3,5.6,290,42.5,20.9,5.55,6.192,1.8233,14.015,13.844
2019,5,2019.05.28,±¤»ê,4.5,9.8,3.15,0.269,8,1.763,1.115,0.101,16.5,7,4.3,246,35.9,20.4,5.43,6.014,0.0481,35.136,36.676
2019,6,2019.06.03,±¤»ê,6.3,13.5,4.318,0.195,10.9,2.49,1.743,0.016,16.4,7.6,8.4,322,68.7,22.9,5.55,6.192,0,16.534,21.325
2019,6,2019.06.10,±¤»ê,5.4,11.1,3.511,0.247,8,2.037,1.413,0.085,10.8,7.7,4.7,295,34.6,24.1,5.44,6.029,1.8344,17.867,20.947
2019,6,2019.06.17,±¤»ê,6.9,14.9,4.374,0.225,8.6,2.197,2.06,0.009,13.2,8.2,8.2,334,77.6,24.4,5.49,6.103,0,7.32,7.491
2019,6,2019.06.24,±¤»ê,6.8,14.4,5.528,0.132,9.3,3.397,1.635,0.037,16.9,7.9,4.8,347,74.4,26,5.52,6.147,0,9.994,8.625
2019,7,2019.07.02,±¤»ê,4.8,10.8,4.91,0.217,8.7,2.785,1.914,0.15,21.4,7.2,3.8,265,8.3,24.3,5.56,6.207,0.1136,30.666,31.35
2019,7,2019.07.08,±¤»ê,4.8,14.6,4.727,0.127,10.7,2.016,1.475,0.02,14.6,7.3,6.7,329,67.1,27.1,5.53,6.162,0.3713,16.388,17.757
2019,7,2019.07.15,±¤»ê,4.4,10.4,4.924,0.163,11.1,2.685,1.383,0.025,14.9,8.7,7.4,323,63.7,26.4,5.5,6.118,7.0752,9.6,9.6
2019,7,2019.07.23,±¤»ê,3.5,8.3,3.651,0.154,8.1,1.52,1.783,0.114,8.1,8.1,4.7,201,5.9,26.6,5.5,6.118,0,40.722,41.235
2019,7,2019.07.29,±¤»ê,2.8,7,2.39,0.153,7.7,0.633,1.728,0.088,15.4,7.4,5.7,165,4.3,26.1,5.47,6.073,0,71.981,71.81
2019,8,2019.08.05,±¤»ê,4.6,10,3.816,0.165,5.9,1.529,1.865,0.005,9,7.7,8.6,326,65.4,30.2,5.51,6.133,0,10.309,9.967
2019,8,2019.08.12,±¤»ê,3.1,12.8,3.724,0.305,11,1.989,1.356,0.188,39.7,7.2,4.6,230,22.1,27.3,5.48,6.088,29.1682,148.413,156.456
2019,8,2019.08.19,±¤»ê,5.1,10.2,4.803,0.151,10.3,1.756,2.405,0.019,20.2,8.1,10.2,316,106.9,28.7,5.75,6.487,0,13.484,12.8
2019,8,2019.08.26,±¤»ê,3.3,7.1,3.33,0.102,7.1,1.024,2.208,0.04,10,7.3,6.8,219,15.3,26,5.49,6.103,0,27.802,27.289
2019,9,2019.09.03,±¤»ê,3.8,6.4,3.69,0.078,4.9,1.444,1.526,0.035,8.7,7.3,7.7,280,40.7,24.3,5.58,6.236,10.4313,34.303,35.672
2019,9,2019.09.10,±¤»ê,3.5,7,3.045,0.238,4.9,1.189,1.198,0.178,9.2,7.2,5.4,228,5.4,25.8,5.43,6.014,0.1129,45.913,46.426
2019,9,2019.09.16,±¤»ê,4.6,8.1,3.832,0.072,5.5,1.337,1.801,0.003,6.1,8,10.1,289,43.8,27.3,5.54,6.177,0,14.987,20.976
2019,9,2019.09.24,±¤»ê,2.8,6.6,2.883,0.162,4.4,0.684,1.809,0.14,11.5,7.3,7,152,4.2,20,5.47,6.073,0.72,72.429,73.456
2019,9,2019.09.30,±¤»ê,4.1,7.2,3.606,0.093,4.8,1.034,2.045,0.007,8.5,7.4,8.7,268,47.8,25,5.67,6.369,0.137,24.315,27.395
2019,10,2019.10.07,±¤»ê,1.2,4.7,3.397,0.079,3.1,0.689,2.316,0.043,5.3,7.5,7.3,219,3.2,21.3,5.42,6,9.4317,42.227,43.254
2019,10,2019.10.14,±¤»ê,3.7,6,3.984,0.055,5.3,0.906,2.388,0.017,9.6,7.6,8.8,249,29.4,20.3,5.57,6.221,0,24.87,27.437
2019,10,2019.10.21,±¤»ê,4.8,7.2,4.452,0.06,5.1,0.94,2.624,0.002,14.3,7.9,12.1,330,65.9,19.7,5.55,6.192,0.1302,15.714,20.163
2019,10,2019.10.28,±¤»ê,5.8,8.2,4.791,0.056,7.4,1.763,2.484,0.002,11.9,8.2,12.7,365,88.7,17.1,5.52,6.147,0,9.213,8.7
2019,11,2019.11.04,±¤»ê,5.9,9.3,6.094,0.071,8.4,1.886,2.972,0,14,7.9,11.9,398,86,17.5,5.5,6.118,0.0784,8.863,8.692
2019,11,2019.11.11,±¤»ê,4.8,7.4,6.901,0.079,6.6,2.949,3.111,0.064,7.5,7.6,9.6,447,26.9,14.8,6.16,7.095,0.6903,13.551,4.813
2019,11,2019.11.18,±¤»ê,3.9,8.2,5.876,0.124,7.4,3.189,2.124,0.108,4.7,7.5,8,408,32.8,14.1,7.64,9.259,16.2467,16.941,16.195
2019,11,2019.11.25,±¤»ê,5.4,9,6.574,0.07,8.3,2.831,2.366,0.038,8.6,7.7,11.5,421,62.2,13.2,7.61,9.195,0,5.241,5.49
2019,12,2019.12.02,±¤»ê,5.1,9.5,7.876,0.223,8.3,4.035,3.019,0.111,12,7.5,9.2,487,48.2,11.6,6.03,6.902,0.8907,16.58,19.329
2019,12,2019.12.09,±¤»ê,6.8,13.5,6.82,0.097,10.2,2.805,3.124,0.004,20.9,7.7,15.5,483,99.5,8,6,6.857,0,9.533,9.533
2019,12,2019.12.16,±¤»ê,6.5,9.8,7.676,0.082,8,2.929,3.482,0.01,11.7,7.7,14.6,492,74.6,9.1,6.01,6.872,0,10.362,10.534
2019,12,2019.12.23,±¤»ê,5.9,9,6.246,0.062,7.3,2.222,3.149,0.002,11.5,7.7,12.9,456,58.8,7.4,6,6.857,0.3602,10.361,10.533
2020,1,2020.01.06,±¤»ê,6,9.6,7.74,0.088,8.6,3.465,3.51,0,14.5,7.5,13.5,439,69.7,7.5,6.1,7.006,10.8435,11.537,9.819
2020,1,2020.01.13,±¤»ê,4,7.2,5.089,0.103,5.4,1.369,2.911,0.037,10.5,7.3,11,280,16.9,7,6.22,7.184,0,16.537,12.415
2020,1,2020.01.20,±¤»ê,4,7.4,6.702,0.094,5.9,2.484,3.641,0.03,7.4,7.2,10.3,364,20.9,6.8,6.01,6.872,0,10.533,10.533
2020,1,2020.01.28,±¤»ê,4.8,7.8,7.077,0.113,6.3,3.665,2.931,0.032,8.3,7.2,9.8,362,21.4,9.2,6.04,6.916,0.3251,15.77,18.003
2020,2,2020.02.03,±¤»ê,5.7,8.9,6.618,0.105,7.3,2.97,2.605,0.063,11.1,7.2,12.9,380,28.3,8.6,6.06,6.946,0.0749,12.856,13.2
2020,2,2020.02.10,±¤»ê,5.5,8.5,7.367,0.08,6.9,3.027,3.917,0.014,7.3,7.3,12.1,393,24,6.9,6,6.857,0,8.001,7.83
2020,2,2020.02.18,±¤»ê,6.8,12.9,6.728,0.27,7.4,3.502,2.273,0.11,15.2,7.4,10.2,365,45.3,7.7,6.02,6.887,1.3024,17.125,17.984
2020,2,2020.02.24,±¤»ê,6.5,12,6.446,0.303,8.7,3.259,2.271,0.152,14.5,7.5,9.2,437,57.4,10.2,5.95,6.783,1.0675,21.97,23.341
2020,3,2020.03.02,±¤»ê,5,7.9,4.507,0.109,6,2.012,2.144,0.029,13.6,7.6,11.2,317,27.9,10.2,6.02,6.887,0,18.09,18.777
2020,3,2020.03.09,±¤»ê,6,9,7.135,0.15,7.4,3.58,2.698,0.011,12.5,7.1,10.5,382,31.5,11.3,5.96,6.798,4.0222,12.851,15.254
2020,3,2020.03.16,±¤»ê,6.6,12.6,6.951,0.131,8.4,3.531,2.546,0.005,19,7.6,13.6,392,88.4,11.1,6.09,6.991,0,11.627,10.424
2020,3,2020.03.23,±¤»ê,6.5,13.7,7.233,0.106,8.1,3.121,3.007,0.004,19.6,8.2,14.6,431,107.3,14.7,5.99,6.842,0,7.231,7.231
2020,3,2020.03.30,±¤»ê,8.7,12.5,4.772,0.237,9.7,2.287,1.538,0.01,18.4,7.3,10.1,335,121.6,13.2,6.03,6.902,0,13.372,13.2
2020,4,2020.04.06,±¤»ê,8.7,15.8,6.354,0.119,9.6,2.62,2.829,0.004,23.7,8.8,16.3,419,120.9,14.4,5.98,6.828,0,9.547,8.863
2020,4,2020.04.13,±¤»ê,6.8,12.9,8.776,0.089,8.1,4.866,3.177,0.013,14,7.3,10.7,469,61.4,14.6,6.03,6.902,0.4433,10.6,10.6
2020,4,2020.04.20,±¤»ê,7.6,13.2,7.305,0.28,9,4.933,1.046,0.145,18.5,6.8,3.4,326,19.6,15,5.91,6.724,0.1748,32.1,33.64
2020,4,2020.04.27,±¤»ê,7.5,14.8,7.056,0.107,8.9,3.393,2.505,0.005,16.4,7.9,13.7,412,60.9,16.5,6.01,6.872,0,10.772,10.6
2020,5,2020.05.04,±¤»ê,8.2,12.1,6.655,0.231,9.5,4.595,1.201,0.098,16.8,6.7,1.6,340,14,19.9,5.97,6.813,0.0023,19.83,19.83
2020,5,2020.05.11,±¤»ê,6.3,11.4,3.739,0.209,7.1,2.374,0.752,0.108,7.9,7,4.2,290,26.3,19.4,5.99,6.842,0,21.943,20.745
2020,5,2020.05.18,±¤»ê,6.7,12.1,3.762,0.139,7.9,1.927,0.975,0.04,11.5,6.8,6,293,66.5,21.2,6.13,7.05,17.3297,26.047,22.787
2020,5,2020.05.25,±¤»ê,6.5,10.2,5.273,0.115,7.1,2.527,1.648,0.028,17.6,6.9,6.8,347,58.5,21.6,6.07,6.961,0,20.215,19.356
2020,6,2020.06.01,±¤»ê,6,10.1,4.879,0.116,6.4,2.502,1.39,0.026,10.7,6.9,6.7,346,38.1,22.9,5.79,6.547,0.0602,22.683,26.277
2020,6,2020.06.08,±¤»ê,6.8,13.1,5.22,0.15,7.3,2.208,1.618,0.01,17.8,7.4,8.5,333,90.7,26.6,5.55,6.192,0,18.683,16.972
2020,6,2020.06.15,±¤»ê,6.9,10.8,3.173,0.196,7.1,0.92,1.49,0.129,24.2,7.2,5.4,184,8.2,24.6,5.52,6.147,0,58.971,57.431
2020,6,2020.06.22,±¤»ê,5.6,10.1,3.683,0.128,6.3,0.708,1.982,0.023,12.2,7.3,7.3,243,57.4,26.1,5.44,6.029,0,31.498,31.498
2020,7,2020.07.01,±¤»ê,6,9.9,3.282,0.198,7.6,1.025,1.413,0.119,11.1,7.5,5.5,228,20.1,23.1,5.81,6.576,0.2776,36.101,29.941
2020,7,2020.07.06,±¤»ê,5.5,8.4,4.065,0.11,6.2,1.411,1.795,0.055,10.5,6.9,6.6,274,25.7,23.8,5.48,6.088,0.5279,20.66,20.489
2020,7,2020.07.15,±¤»ê,3.6,6.9,2.998,0.17,5,0.52,1.871,0.116,25.7,7.4,7.4,146,5.7,20.6,5.74,6.473,12.6995,170.838,166.56
2020,7,2020.07.21,±¤»ê,3.5,6.3,3.496,0.126,4.6,1.132,1.796,0.083,11,6.9,7.4,225,18.6,25.1,5.5,6.118,8.2966,56.313,57.511
2020,7,2020.07.27,±¤»ê,3.1,5.9,2.769,0.14,3.5,0.612,1.739,0.1,8,7,7.4,162,6,23.1,5.52,6.147,9.9696,94.887,93.86
2020,8,2020.08.03,±¤»ê,3.9,5.7,3.169,0.154,4.2,0.759,1.88,0.131,13.7,7.6,6.5,182,5.2,25.3,5.49,6.103,0,72.95,73.292
2020,8,2020.08.19,±¤»ê,4.3,7.8,3.472,0.18,4.5,1.073,1.736,0.102,5.7,7.6,7.9,244,57.5,29.7,5.5,6.118,0,34.334,35.361
2020,8,2020.08.24,±¤»ê,4.7,8.2,4.24,0.11,5,1.658,1.457,0.038,8.7,7,7,284,45.3,29.3,5.55,6.192,0,27.239,26.383
2020,9,2020.09.01,±¤»ê,4.8,8,2.511,0.218,5.2,0.54,1.316,0.101,50.2,6.7,6.1,165,24.1,28.3,5.24,5.733,0.2411,93.915,101.787
2020,9,2020.09.08,±¤»ê,3.7,6.4,2.218,0.172,4,0.378,1.313,0.11,28.7,7.1,7.4,140,4.2,21.5,5.44,6.029,0.6499,142.269,140.729
2020,9,2020.09.14,±¤»ê,3.1,5.4,2.545,0.144,3.3,0.489,1.613,0.1,9.8,7.1,7.2,172,6,23.3,5.47,6.073,0.0023,81.746,81.917
2020,9,2020.09.21,±¤»ê,4.5,8.3,2.948,0.091,4.7,0.365,2.037,0.03,12.1,7.8,10.9,223,71.5,22.7,5.51,6.133,0.0001,35.559,35.559
2020,9,2020.09.28,±¤»ê,6.8,13.5,4.192,0.083,7,1.247,1.773,0.002,22.9,8.7,13.5,322,230.8,23.5,5.47,6.073,0.3237,18.537,17.853
2020,10,2020.10.05,±¤»ê,5.4,11.7,4.236,0.094,5.7,1.137,1.761,0.005,22.1,8.1,10.5,323,184.4,22.2,5.5,6.118,0,17.681,17.339
2020,10,2020.10.12,±¤»ê,4.5,12.9,4.549,0.113,4.6,1.105,2.054,0.007,24.7,8.9,13.9,356,204.7,21.2,5.49,6.103,0,16.823,16.994
2020,10,2020.10.19,±¤»ê,4.4,11.5,4.308,0.093,4.7,1.018,2.144,0.001,17.4,7.8,12.6,344,143.3,17.4,5.5,6.118,0,12.328,12.328
2020,10,2020.10.26,±¤»ê,4.6,11.8,5.857,0.109,5.2,2.375,2.397,0.004,15.8,7.6,12.1,404,116.2,16.1,5.49,6.103,0,11.911,11.911
2020,11,2020.11.02,±¤»ê,4.8,9.6,5.605,0.077,5.2,1.873,2.704,0,12.6,7.3,9.7,432,95.9,16.3,5.5,6.118,0.3085,11.949,12.12
2020,11,2020.11.09,±¤»ê,4.7,8.6,5.952,0.091,5.4,2.149,2.71,0.009,12.1,7.2,9.4,437,61,14,5.58,6.236,0,10.456,9.087
2020,11,2020.11.16,±¤»ê,4.4,9,6.378,0.054,4.7,2.527,2.853,0.001,7.2,7.4,10.8,448,58.5,13.7,7.55,9.066,0,7.111,5.097
2020,11,2020.11.24,±¤»ê,3.7,6.6,4.076,0.242,4.3,2.235,1.34,0.189,3.6,7.1,4.9,341,13.1,13.6,7.56,9.087,0,10.06,10.06
2020,12,2020.12.01,±¤»ê,5.1,8.4,6.695,0.114,5.6,2.778,2.707,0.017,9.6,7.5,11.8,431,43.5,10.1,6.01,6.872,0,16.045,32.215
2020,12,2020.12.07,±¤»ê,3.4,7.9,7.083,0.092,3.6,2.709,3.311,0.011,7,7.2,11.7,448,54.1,8.7,5.93,6.754,0,12.029,12.371
2020,12,2020.12.15,±¤»ê,3.9,8.1,8.345,0.105,4.1,5.018,2.781,0.005,10.8,7.2,12.3,485,65.5,7.6,5.89,6.694,0,12.82,17.108
2020,12,2020.12.21,±¤»ê,4.1,8.6,8.616,0.121,4.3,3.696,3.705,0.002,9.9,7.1,13.5,489,68.6,5.7,5.89,6.694,0,13.778,17.894
2021,1,2021.01.04,±¤»ê,5.8,8.5,9.644,0.272,7.2,5.148,3.405,0.074,10.7,7,12.7,631,66.9,5.9,6.05,6.931,0.8498,12.876,10.306
2021,1,2021.01.14,±¤»ê,4.7,8.6,10.516,0.12,5.1,6.2,3.35,0.007,10.9,7.4,13.5,508,47.4,5.3,6.09,6.991,0.1435,13.715,13.2
2021,1,2021.01.19,±¤»ê,3.9,7.7,10.447,0.218,4,6.558,2.79,0.063,8.3,7.2,12.4,478,49.4,5.2,5.96,6.798,0.0743,13.142,12.458
2021,1,2021.01.25,±¤»ê,4.6,8.4,8.09,0.305,5.6,5.866,2.183,0.162,9.7,7.1,9,500,51.4,8.7,6.04,6.916,0,13.791,12.248
2021,2,2021.02.01,±¤»ê,4.8,8.7,9.422,0.15,5.3,5.695,3.112,0.009,12.5,7.2,12.1,484,63.5,7.7,5.88,6.68,10.8621,29.858,31.74
2021,2,2021.02.08,±¤»ê,4.5,8.7,8.182,0.103,5.3,5.075,2.85,0.008,11.9,7.4,11.8,463,51.7,7.4,5.97,6.813,0,12.9,13.071
2021,2,2021.02.15,±¤»ê,5.1,10.7,11.109,0.133,6.1,7.131,2.632,0.006,10.4,7.5,14.1,474,91.8,10.4,5.95,6.783,0.5178,11.602,12.286
2021,2,2021.02.22,±¤»ê,4.4,9,9.629,0.127,5.6,5.933,3.347,0.007,12.1,7.2,12.2,584,52.7,9.6,5.98,6.828,0,11.851,11.338
2021,3,2021.03.02,±¤»ê,3.9,9.3,4.568,0.288,7.9,1.266,1.937,0.095,39,7.1,8.5,278,32.8,10.7,5.87,6.665,0,84.122,94.937
2021,3,2021.03.08,±¤»ê,4.9,8.3,5.285,0.162,4.5,1.559,2.767,0.016,17.9,7.1,10.6,289,73.6,11.8,5.92,6.739,0,18.021,18.705
2021,3,2021.03.15,±¤»ê,5.3,9.2,4.686,0.185,5,1.497,2.03,0.008,16,7.5,10.8,286,103.3,12.7,5.93,6.754,1.0591,14.801,14.801
2021,3,2021.03.22,±¤»ê,5.1,9.7,7.368,0.18,5.5,3.917,2.002,0.016,17.6,6.8,9.8,350,85.6,12.7,5.98,6.828,0,12.915,12.059
2021,3,2021.03.29,±¤»ê,5.2,9.5,3.342,0.243,4.7,0.822,1.738,0.057,25.8,7.6,8.6,229,88.2,14.7,5.93,6.754,0,43.396,43.054
2021,4,2021.04.05,±¤»ê,5.9,8.9,4.454,0.181,4.4,1.882,1.531,0.013,24,7.5,7.4,268,127.3,15.2,5.55,6.192,0,20.531,20.018
2021,4,2021.04.12,±¤»ê,6.9,12.3,4.74,0.17,4.8,1.352,2.099,0.008,24.4,8.2,12.4,324,224.1,17.4,5.57,6.221,14.6792,22.472,20.076
2021,4,2021.04.19,±¤»ê,6.8,13.6,5.668,0.166,4.5,1.614,2.456,0.004,22.7,8.3,14.2,341,228.3,15.2,5.51,6.133,0,12.869,11.671
2021,4,2021.04.26,±¤»ê,4.1,9.2,4.997,0.091,4.7,2.234,2.006,0.007,12.2,7.3,9.3,350,57.2,19.7,5.54,6.177,0,11.7,11.016
2021,5,2021.05.03,±¤»ê,4.8,11.2,4.657,0.226,6.8,2.47,1.222,0.066,11.8,7,6.4,319,77.4,17,5.52,6.147,0,13.171,13.684
2021,5,2021.05.10,±¤»ê,5.1,11.2,5.348,0.16,4.5,2.085,2.385,0.005,26.1,7.2,11.2,375,88.3,19.5,5.47,6.073,0.143,15.114,15.456
2021,5,2021.05.17,±¤»ê,3,7.9,2.937,0.237,5.2,1.159,0.986,0.105,22.3,6.6,4.3,188,13.9,20.8,5.46,6.059,1.346,68.085,67.401
2021,5,2021.05.24,±¤»ê,6.9,11.9,3.966,0.168,7.5,0.751,1.725,0.004,21.3,7.4,11.2,303,177.9,26.8,5.47,6.073,0.2222,18.813,18.3
2021,6,2021.06.01,±¤»ê,5.3,14,4.005,0.172,8.6,0.664,1.927,0.01,22.6,7.6,12.4,307,122,23.9,5.42,6,0,19.306,19.648
2021,6,2021.06.07,±¤»ê,5,11.8,3.566,0.087,8.5,1.144,1.487,0.008,22.3,6.9,9.1,295,95.8,23.8,5.43,6.014,0,22.005,23.203
2021,6,2021.06.14,±¤»ê,4.7,10,3.631,0.167,7.7,1.223,1.225,0.029,16.8,6.4,6.7,265,82.9,26.3,5.49,6.103,0,18.897,18.555
2021,6,2021.06.21,±¤»ê,7.1,12.5,3.503,0.079,5.9,0.989,1.423,0.007,15.1,6.7,8.8,296,96.6,25.8,5.44,6.029,0,20.642,21.326
2021,6,2021.06.28,±¤»ê,7,12.8,3.221,0.145,7.4,1.222,1.266,0.049,10.9,6.5,5.3,316,60.2,27,5.48,6.088,9.8213,41.303,40.961
2021,7,2021.07.05,±¤»ê,4.4,9.2,2.635,0.197,6.8,0.885,0.903,0.115,14.7,6.7,4.5,225,25.1,24.8,5.45,6.044,18.6076,52.713,52.542
2021,7,2021.07.12,±¤»ê,6.8,7.3,3.04,0.087,4.9,0.527,1.71,0.026,8.6,6.5,7.6,231,60.3,27.6,5.48,6.088,0,30.683,30.854
2021,7,2021.07.19,±¤»ê,5.6,8.8,2.867,0.167,5.2,0.714,1.005,0.066,16.3,7,7.5,272,75.5,29.1,5.5,6.118,1.0243,24.096,22.385
2021,7,2021.07.26,±¤»ê,5.9,9.6,3.985,0.143,7.3,0.801,1.754,0.018,19.7,7.7,9.5,349,142.8,29.3,5.47,6.073,0,9.787,10.129
2021,8,2021.08.02,±¤»ê,7.5,11.6,3.434,0.195,6.7,1.677,0.841,0.052,18.5,6.7,3.3,278,134.8,29,5.58,6.236,31.6665,57.679,53.059
2021,8,2021.08.09,±¤»ê,5.9,8.8,2.493,0.165,5.9,0.889,0.856,0.067,18.1,6.5,4.5,223,54.2,27.5,5.64,6.325,0.1154,32.961,30.394
2021,8,2021.08.17,±¤»ê,8.8,9.2,3.207,0.225,6.7,1.221,1.079,0.104,13.6,6.9,6.8,259,108.8,28,5.67,6.369,1.7185,17.894,15.498
2021,8,2021.08.30,±¤»ê,2.3,5.7,2.424,0.148,4.1,0.163,1.647,0.085,18.5,6.9,7.4,156,4.2,25.2,5.48,6.088,3.1384,94.031,93.689
2021,9,2021.09.06,±¤»ê,2.5,5.1,2.852,0.107,3.9,0.618,1.654,0.064,7.4,6.7,6.8,232,15.4,24.2,5.51,6.133,12.5241,42.357,42.186
2021,9,2021.09.13,±¤»ê,3.9,6.3,3.208,0.074,4.7,0.793,1.814,0.008,8.5,7.1,9.7,291,62.9,26.1,5.53,6.162,0,23.831,23.147
2021,9,2021.09.23,±¤»ê,4,7.3,2.289,0.109,5.2,0.165,1.314,0.064,8.7,6.8,7.3,239,20.6,24.9,5.45,6.044,0.0728,24.268,24.268
2021,9,2021.09.27,±¤»ê,5.7,7.6,3.828,0.097,5.8,1.078,1.813,0.01,10,7,9.1,318,24.2,24.6,5.46,6.059,0,14.626,15.139
2021,10,2021.10.05,±¤»ê,5.7,7.6,3.603,0.099,5.7,0.491,2.163,0.013,12.2,7.3,9.9,351,89.9,25,5.51,6.133,0,11.855,9.802
2021,10,2021.10.12,±¤»ê,5.1,8.2,5.22,0.221,5.9,2.027,2.095,0.137,14.5,6.6,4.2,378,53.9,22.8,5.41,5.985,6.0451,21.586,24.495
2021,10,2021.10.18,±¤»ê,6.2,7.2,4.033,0.238,6.3,1.304,1.824,0.143,12,7,9.1,316,49.2,16.2,5.51,6.133,0.0021,12.571,10.86
2021,10,2021.10.25,±¤»ê,6.9,10.8,5.178,0.095,7.2,0.711,3.353,0.008,15.8,8.2,16.1,397,91.6,17,5.51,6.133,0,11.358,11.016
2021,11,2021.11.01,±¤»ê,5.3,7.8,5.122,0.074,5.7,1.1,2.899,0.002,10.7,7,10.2,423,64.1,16.9,5.45,6.044,0,9.031,9.715
2021,11,2021.11.08,±¤»ê,5.7,8.3,5.411,0.09,6.1,1.385,3.026,0.006,14.4,7.2,11.2,428,70.5,16.9,5.51,6.133,21.1215,23.478,22.28
2021,11,2021.11.15,±¤»ê,5.4,7.7,3.944,0.253,5.5,1.057,2.035,0.196,7,6.9,8.4,321,36.7,12.5,7.52,9.009,0,8.75,6.48
2021,11,2021.11.22,±¤»ê,4.1,8.3,4.738,0.097,5.1,1.253,2.526,0.033,6.3,6.9,9.4,384,52.2,13.3,7.53,9.0279,3.7759,8.673,8.453
2021,11,2021.11.29,±¤»ê,4,8,6.322,0.206,5.7,2.643,2.473,0.149,6.4,6.9,8.2,430,28.7,11.6,7.52,9.009,0,7.83,7.83
2021,12,2021.12.06,±¤»ê,4.9,7.1,5.166,0.191,5.3,1.826,2.495,0.086,8.8,7,10.4,413,42.5,9.3,5.96,6.798,0,13.283,13.454
2021,12,2021.12.13,±¤»ê,5.5,8.9,6.337,0.158,6,2.735,2.446,0.027,19.1,7.1,10.7,448,58.3,10.4,6.01,6.872,0,11.757,10.901
2021,12,2021.12.20,±¤»ê,5.8,7.8,7.282,0.125,6.1,3.172,3.023,0.018,8.6,7.2,12,457,36.6,7.4,6,6.857,0.2828,11.96,12.991
2022,1,2022.01.03,±¤»ê,5.5,10.4,7.471,0.163,6.5,3.193,3.117,0.007,12.8,7.5,14.4,448,72.3,5.7,6.01,6.8719,0,11.188,11.36
2022,1,2022.01.10,±¤»ê,6.1,10.1,8.196,0.26,8.4,3.763,2.79,0.005,10.1,7.1,15.1,467,97.2,6.5,6.01,6.8719,0,10.881,11.053
2022,1,2022.01.17,±¤»ê,6.9,8.7,9.409,0.118,6.8,5.626,2.527,0.01,11.7,7.3,13.3,475,54.9,5.8,6.01,6.8719,0.0707,11.028,10.856
2022,1,2022.01.24,±¤»ê,5.8,10,10.126,0.229,7.7,5.699,2.659,0.067,12.9,7.2,13.9,486,71.9,7.4,6.02,6.8868,0,9.287,8.088
2022,2,2022.02.03,±¤»ê,6.5,10.6,10.986,0.226,8.1,6.032,2.253,0.076,14.8,7.3,14.4,480,71.1,6.8,5.97,6.8127,0,10.5,11.013
2022,2,2022.02.07,±¤»ê,7.7,12.3,9.731,0.178,7.9,5.831,2.527,0.037,15.5,7.5,15.2,482,85.2,6.5,5.99,6.8423,0,10.262,9.578
2022,2,2022.02.14,±¤»ê,7.8,11.5,9.575,0.132,7.6,5.816,2.301,0.013,15,7.3,14.9,470,82.1,8.4,5.98,6.8275,0,9.603,9.603
2022,2,2022.02.21,±¤»ê,6.3,10.5,10.735,0.147,7.8,6.57,2.634,0,13.3,7.4,12.5,496,71.3,6.4,6,6.8571,0.0707,9.602,8.918
2022,2,2022.02.28,±¤»ê,9.2,12.5,9.996,0.135,8.3,5.735,2.67,0.012,18.4,7.4,14.9,470,84.1,8.3,6,6.8571,0,8.033,6.835
2022,3,2022.03.07,±¤»ê,8.4,12.8,10.095,0.163,9.4,5.85,2.283,0.01,20.3,7.3,13.2,514,115,10.4,5.98,6.8275,0,7.769,7.085
2022,3,2022.03.14,±¤»ê,7.7,10.8,12.947,0.252,7.5,9.229,1.885,0.138,9.6,6.7,5.5,517,15.4,14.8,5.98,6.8275,1.4503,8.489,7.12
2022,3,2022.03.21,±¤»ê,6.1,9.3,8.093,0.265,6.4,6.001,1.286,0.158,6.9,6.7,5.1,442,5.7,11.3,5.99,6.8423,0,10.787,10.958
2022,3,2022.03.28,±¤»ê,7,8.8,4.187,0.133,6.1,0.744,2.434,0.064,18.6,6.8,9.4,243,25.3,12.3,5.95,6.7832,0,29.229,28.887
2022,4,2022.04.04,±¤»ê,8,13.6,5.278,0.155,6.8,1.782,2.27,0.02,20.9,7.5,14.4,317,111.6,14.4,5.48,6.0883,0,10.947,10.947
2022,4,2022.04.11,±¤»ê,12.8,15.1,6.87,0.164,6.7,2.912,2.125,0.011,21.7,7.3,11.4,377,178,17.7,5.52,6.1474,0,10.276,9.763
2022,4,2022.04.18,±¤»ê,7.4,11.4,7.193,0.132,6.3,4.555,1.476,0.011,8.6,6.9,7.7,399,30.8,18.3,5.49,6.1031,0,8.315,7.459
2022,4,2022.04.25,±¤»ê,11.3,12.8,7.643,0.133,7.5,3.604,2.098,0.01,12,7.4,11,446,92.8,20.8,5.466,6.0676,22.3014,18.021,17.918
2022,5,2022.05.02,±¤»ê,12.2,14.2,6.492,0.319,10.6,3.636,1.141,0.082,19.1,7,8.5,339,119.3,18.3,5.44,6.0291,0,9.507,10.363
2022,5,2022.05.09,±¤»ê,11,12.3,8.756,0.111,7.6,4.861,1.972,0,13.8,7,10.3,429,54.7,21.6,5.44,6.0291,0,8.19,9.046
2022,5,2022.05.16,±¤»ê,12,14.7,9.048,0.16,8.7,5.46,1.856,0,17.8,7.4,12.3,524,77.7,20,5.45,6.0439,0,7.977,7.806
2022,5,2022.05.23,±¤»ê,12.5,15.5,6.079,0.2,8.9,2.736,1.792,0.009,19.4,8.1,14.6,473,130.5,23.5,5.44,6.0291,0,11.8,12.827
2022,5,2022.05.30,±¤»ê,10.6,14.4,4.392,0.195,8.2,1.918,1.036,0,18.1,7.7,10.2,405,95.5,24.1,5.46,6.0587,0.3253,16.466,20.744
2022,6,2022.06.07,±¤»ê,5.9,11.1,2.431,0.186,7.4,0.638,0.902,0.038,15.4,6.8,6.5,255,18.9,23.1,5.57,6.2213,16.3948,27.052,24.999
2022,6,2022.06.13,±¤»ê,8,12.5,5.284,0.151,7.8,2.462,1.449,0.007,15.7,6.9,8.5,372,71.1,24.8,5.46,6.0587,0,15.99,16.846
2022,6,2022.06.20,±¤»ê,7.9,12.3,4.78,0.167,8.5,1.997,1.237,0.028,13.2,6.9,7,406,49.4,26.8,5.42,5.9996,2.2161,16.646,17.673
2022,6,2022.06.27,±¤»ê,5.2,11.7,3.334,0.177,7.6,1.176,1.069,0.066,17.5,6.7,6.1,272,23.4,26.9,5.44,6.0291,2.3771,15.507,16.328
2022,7,2022.07.04,±¤»ê,7.5,12.6,4.295,0.243,8.6,1.988,0.871,0.063,18,7,7.6,371,67.4,29.5,5.52,6.1474,1.5598,19.89,19.548
2022,7,2022.07.11,±¤»ê,8.4,12.6,4.163,0.38,8.9,1.976,0.805,0.173,19.2,6.7,5.5,345,79.3,28.9,5.52,6.1474,12.0944,22.882,22.198
2022,7,2022.07.19,±¤»ê,6.4,8.4,2.477,0.217,6.2,0.839,0.941,0.108,13.9,6.2,4.5,227,11.8,25.6,5.446,6.038,0.7801,55.178,57.129
2022,7,2022.07.25,±¤»ê,5.2,8,2.768,0.176,5.4,1.09,1.179,0.066,12.9,6.5,4.3,237,31.6,25.7,5.48,6.0883,0.0077,22.654,21.73
2022,8,2022.08.01,±¤»ê,7.7,11.1,6.42,0.377,7.4,4.244,0.925,0.231,13.4,6.6,3,364,15,27.3,5.45,6.0439,6.55,46.445,47.266
2022,8,2022.08.08,±¤»ê,8.5,13.2,3.452,0.278,8,1.315,0.904,0.048,32.4,7.5,9,335,84,30.8,5.45,6.0439,0,15.392,16.419
2022,8,2022.08.17,±¤»ê,6.2,8.2,4.594,0.266,6.5,2.977,0.936,0.173,8.3,6.3,1.5,251,21.3,27.7,5.484,6.0942,0.1519,26.451,27.923
2022,8,2022.08.22,±¤»ê,4.6,8.7,2.89,0.207,5.7,1.187,0.962,0.081,14.2,6.6,4.9,243,26.4,28.6,5.488,6.1001,0,16.519,16.211
2022,8,2022.08.29,±¤»ê,6.2,9.9,3.159,0.168,7.5,0.907,1.425,0.015,14.2,7.3,9.9,306,80.7,25.9,5.4,5.97,0.0077,10.118,11.487
2022,9,2022.09.05,±¤»ê,3.1,8.1,2.532,0.142,6,0.964,0.811,0.009,12.4,6.9,7.4,289,48.7,26.1,5.508,6.1297,45.8374,44.24,44.274
2022,9,2022.09.13,±¤»ê,5.7,8.8,4.221,0.125,6,0.968,2.447,0.01,11.2,6.6,8,285,43.7,25.4,5.51,6.1326,0.7642,12.91,12.226
2022,9,2022.09.19,±¤»ê,3.5,8.6,5.758,0.174,6.3,2.971,2.223,0.036,13.9,6.9,7.1,384,48.8,27,5.45,6.0439,0,11.975,13.002
2022,9,2022.09.26,±¤»ê,5.2,9.6,3.024,0.163,6.5,0.713,1.661,0.004,19.3,7.2,10.7,333,56.8,22.6,5.47,6.0735,0,11.277,11.619
2022,10,2022.10.05,±¤»ê,7.2,9.1,3.783,0.281,6.7,1.987,0.764,0.123,17.2,6.2,4,254,17.6,22.1,5.53,6.1622,0,19.691,18.151
2022,10,2022.10.11,±¤»ê,6,9.1,5.218,0.161,6.5,1.608,2.751,0.008,16.2,6.7,8.8,391,31.7,19.1,5.468,6.0705,0.3323,10.69,10.04
2022,10,2022.10.17,±¤»ê,5.2,12,4.975,0.201,6.9,1.779,2.471,0.001,15.6,7,12.2,417,61.3,20.8,5.49,6.1031,0,8.869,8.903
2022,10,2022.10.24,±¤»ê,5.7,9.8,5.212,0.127,6.7,1.222,2.931,0.001,16.6,6.6,12,456,60.1,17.8,5.47,6.0735,0,8.136,8.136
2022,11,2022.11.01,±¤»ê,3.9,9.4,6.114,0.12,5.5,2.186,2.87,0.012,9.4,6.8,9.6,490,28.4,17.7,5.4591,6.0574,0,7.507,8.036
2022,11,2022.11.07,±¤»ê,4.8,9.1,6.482,0.113,5.7,2.092,3.102,0.009,9,6.9,10.4,499,22.3,14.2,5.48,6.0883,0,6.506,6.164
2022,11,2022.11.14,±¤»ê,5.1,8.7,6.99,0.183,6,2.514,2.861,0.032,6.5,7,8.2,483,18.5,16.6,7.3691,8.7984,0,11.158,7.357
2022,11,2022.11.21,±¤»ê,4.1,8.3,4.199,0.162,5.8,1.595,1.652,0.058,5.4,6.7,4.5,386,17.2,14.5,7.5309,9.0296,0,5.996,6.416
2022,11,2022.11.28,±¤»ê,3.9,8.3,5.754,0.09,5.7,2.06,2.667,0.024,5,6.2,4.4,472,17.1,13.7,7.44,8.8919,7.2361,8.778,10.792
2022,12,2022.12.05,±¤»ê,4.2,8,5.888,0.127,5.5,1.85,2.966,0.041,7.9,6.8,9.1,473,11.4,8.3,5.9318,6.7563,0,10.048,10.531
2022,12,2022.12.12,±¤»ê,5.1,9.2,7.049,0.145,5.2,2.434,3.573,0.024,9.6,6.9,9.3,533,20.9,8.8,5.95,6.7832,0.1414,8.487,8.393
2023,1,2023.01.09,±¤»ê,5.2,9.2,8.217,0.132,6.2,3.715,3.524,0.005,10.1,6.7,13,570,48.7,6.9,6.0391,6.9151,0,10.218,9.718
2023,1,2023.01.16,±¤»ê,5.8,9.1,4.25,0.256,5.8,1.366,2.199,0.039,17.6,7,10.3,433,62.5,7.7,6.02,6.8868,0,15.031,15.562
2023,1,2023.01.30,±¤»ê,5.9,11.3,11.805,0.174,7,6.653,3.055,0.01,12.5,6.8,13.9,547,47.9,5.2,5.98,6.8275,0.2184,12.925,13.439
2023,2,2023.02.06,±¤»ê,6.3,11.1,10.757,0.139,7.9,6.914,3.154,0.01,12.9,7.1,13.6,544,55.5,6.7,5.95,6.7832,0,11.085,11.941
2023,2,2023.02.13,±¤»ê,8.6,13.8,8.071,0.27,9.1,4.549,2.036,0.044,19.2,6.8,11.4,561,53.8,8.4,5.9718,6.8154,0,10.698,11.04
2023,2,2023.02.20,±¤»ê,7.7,9.8,9.162,0.145,7.4,5.289,2.618,0.005,14,7,12.3,547,59,8.8,5.95,6.7832,0,10.145,9.974
2023,2,2023.02.27,±¤»ê,8.4,12.6,10.297,0.138,7.6,5.941,2.901,0.006,13.5,7.5,12,569,51.6,9.1,5.96,6.798,0,9.505,9.334
2023,4,2023.04.03,±¤»ê,9.5,14.2,9.967,0.121,9.1,6.07,2.881,0.005,9.2,7.5,13.4,584,68.6,16.5,5.96,6.798,0,4.816,4.474
2023,4,2023.04.10,±¤»ê,5.3,9.6,4.672,0.12,5.8,2.169,1.786,0.018,6.6,6.9,7.5,406,28.6,14.8,5.98,6.8275,0,11.802,12.488
2023,4,2023.04.17,±¤»ê,9,12.3,7.744,0.136,7.5,3.522,2.685,0.011,12.4,7.2,9.5,504,67.6,16.6,5.94,6.7684,0,9.064,9.483
2023,4,2023.04.24,±¤»ê,8.1,11.9,9.064,0.097,7.4,5.247,2.085,0.005,9,7.6,11.8,510,42.5,19.9,5.9573,6.794,0,6.998,6.702
2023,5,2023.05.02,±¤»ê,12.4,15.8,9.384,0.147,10.6,4.797,2.857,0.004,12.8,8,12.1,520,83,18.7,5.93,6.7536,0,6.425,6.767
2023,5,2023.05.08,±¤»ê,4.2,8.1,3.802,0.167,5.4,0.944,2.313,0.088,14.4,7.1,7.9,202,3.7,16.1,6.14,7.0649,0,43.208,40.399
2023,5,2023.05.15,±¤»ê,5.8,11,5.18,0.094,6.8,0.839,3.005,0.007,13.8,8.2,11.7,352,45,21.3,5.96,6.798,0.0479,11.391,12.591
2023,5,2023.05.22,±¤»ê,7.1,10.9,5.532,0.224,7.4,2.668,1.689,0.11,11.9,7.2,7.3,380,33.6,23.2,5.95,6.7832,0.0306,10.404,10.746
2023,5,2023.05.30,±¤»ê,5.9,8.6,2.737,0.171,6.4,1.006,0.968,0.088,19.8,7.1,5.9,245,8.3,21.7,5.9582,6.7953,3.4405,84.371,84.915
2023,6,2023.06.05,±¤»ê,8,13,3.724,0.141,7.8,1.207,1.499,0.009,15.1,7.4,8.7,312,79.7,24.3,6.07,6.961,0.0958,21.975,21.819
2023,6,2023.06.12,±¤»ê,5.9,9.6,3.136,0.114,6.5,0.833,1.279,0.003,12.3,7.6,8.6,349,36.8,26,6.11,7.0204,0.6271,19.22,18.533
2023,6,2023.06.19,±¤»ê,4.9,12,3.766,0.097,7.2,1.382,1.293,0.008,8,7.5,7.1,392,26.7,27.4,5.9382,6.7657,0.2395,10.712,10.743
2023,6,2023.06.26,±¤»ê,6.2,11.9,3.878,0.245,7.7,2.129,0.755,0.037,45.6,7,2.6,235,7.5,23.8,6.06,6.9462,49.5848,128.952,128.062
2023,7,2023.07.03,±¤»ê,3.1,6.3,3.327,0.16,4.6,1.065,1.812,0.112,8.9,7.1,6.2,225,3.5,25.7,6.03,6.9016,0,44.187,43.235
2023,7,2023.07.10,±¤»ê,2.9,6.4,3.044,0.172,4.5,0.77,1.748,0.117,14.1,7.1,6.4,204,3,25.3,6.02,6.8868,4.3783,71.809,71.263
2023,7,2023.07.20,±¤»ê,2.4,6.1,1.906,0.133,4,0.129,1.357,0.064,29.1,7.3,7.5,127,6.4,24.4,5.9318,6.7563,1.8106,303.952,303.765
2023,7,2023.07.26,±¤»ê,3.5,5,2.013,0.122,3.7,0.292,1.316,0.058,20.8,7,7.5,134,3.1,24,5.99,6.8423,12.1741,158.977,157.608
2023,8,2023.08.02,±¤»ê,5.8,8.4,3.003,0.118,5.6,0.646,1.635,0.01,25.6,7.8,8.8,259,42.5,29.9,6.05,6.9313,1.9892,30.588,30.588
2023,8,2023.08.07,±¤»ê,6.4,9.4,4.207,0.183,5.1,1.691,1.478,0.053,12.3,7.4,5,338,54.3,30.9,5.8518,6.638,14.1526,56.27,59.493
2023,8,2023.08.16,±¤»ê,6.2,8.3,2.461,0.115,5.8,0.213,1.794,0.028,12.9,7.7,9.4,237,62.7,30.1,5.98,6.8275,0.023,28.152,27.125
2023,8,2023.08.21,±¤»ê,4.7,7.9,2.586,0.184,5,0.796,1.165,0.089,11.1,7.2,6.7,246,40.7,30.1,5.96,6.798,0.0554,25.906,27.621
2023,8,2023.08.29,±¤»ê,2.4,6.2,3.135,0.159,4.7,1.075,1.797,0.093,15.9,7.2,5.9,258,15,28.1,6.04,6.9165,28.5456,91.685,92.2
2023,9,2023.09.04,±¤»ê,4,7.2,2.953,0.114,4.7,0.833,1.291,0.069,9.7,6.9,5.9,233,12.3,26.9,5.9182,6.7362,4.5045,38.178,39.578
2023,9,2023.09.11,±¤»ê,4.6,8.6,2.62,0.111,5.5,0.482,1.593,0.01,13.4,7.5,8.8,286,31.3,27.5,6.05,6.9313,0,23.386,23.386
2023,9,2023.09.18,±¤»ê,2.9,6.7,2.558,0.198,5.5,0.796,1.382,0.119,16.9,6.7,5.6,167,1.6,24.9,5.98,6.8275,0.046,85.462,86.148
2023,9,2023.09.25,±¤»ê,2.1,5.1,2.72,0.08,4.1,0.675,1.844,0.05,6.9,7,7.1,223,2.3,23.1,6,6.8571,0,42.492,43.351
2023,10,2023.10.04,±¤»ê,3.1,5.5,3.121,0.065,5,0.783,1.856,0.023,8.2,7.2,8.8,234,9,21.3,6.03,6.9016,0.6673,25.895,24.866
2023,10,2023.10.10,±¤»ê,6.5,7.9,3.835,0.074,7.8,1.101,2.275,0.008,10.8,7.3,10.8,305,62.8,20.5,5.97,6.8127,0,15.955,15.271
2023,10,2023.10.16,±¤»ê,4.7,9.5,4.219,0.071,6.1,1.615,2.127,0.006,15.4,7.4,10,325,69.1,20.3,6.09,6.9907,0,16.948,15.402
2023,10,2023.10.23,±¤»ê,7.2,9.6,4.449,0.106,6.4,1.592,2.202,0.006,14.6,7.4,11,345,49.6,17.5,5.95,6.7832,0,13.271,12.51
2023,10,2023.10.30,±¤»ê,7.9,9,5.041,0.104,7.6,1.998,2.15,0.004,15.4,8,12.1,378,51.8,18.8,5.94,6.7684,0.0021,12.04,12.896
2023,11,2023.11.06,±¤»ê,5.1,8.4,5.747,0.151,6,3.488,1.659,0.047,13.9,7.2,7,389,27.1,20.6,5.9464,6.7779,21.2281,44.324,45.241
2023,11,2023.11.13,±¤»ê,6.4,8,3.428,0.145,4.7,0.925,1.792,0.064,11.5,7.2,10.4,293,24,12.1,6.3409,7.3631,0.0728,11.851,5.979
2023,11,2023.11.20,±¤»ê,4.5,7.2,5.442,0.189,5.9,2.761,1.776,0.118,7.7,6.8,7.7,327,24.9,10.9,7.52,9.009,0,16.03,16.689
2023,11,2023.11.27,±¤»ê,5.7,8.2,5.87,0.103,6.4,2.946,2.219,0.015,10.6,7.3,11.3,378,31.2,10.7,7.57,9.1089,0.8729,9.303,9.303
2023,12,2023.12.04,±¤»ê,7.1,9.2,7.34,0.103,7.6,3.431,3.142,0.009,11.3,7.2,13.7,456,46.2,9.4,5.97,6.8127,0,10.379,10.208
2023,12,2023.12.11,±¤»ê,6.5,8.7,7.05,0.141,7.1,4.136,2.346,0.012,10.3,7.2,12,457,70.7,12.7,5.95,6.7832,23.2071,23.948,24.259
2023,12,2023.12.18,±¤»ê,3.8,6.9,3.63,0.161,5.1,0.703,2.412,0.104,12,6.8,11.3,224,6.7,6.6,6.0264,6.8963,0.3882,32.689,32.969
2024,1,2024.01.08,±¤»ê,3.9,5.9,5.671,0.073,4.2,2.916,2.24,0.02,7.2,7.4,13,335,16.8,7.3,6.05,6.93,0.04,18.87,18.58
2024,1,2024.01.15,±¤»ê,2.9,6.5,7.528,0.098,4.9,4.492,2.382,0.022,8.7,6.9,11.7,399,7.5,7.6,5.97,6.81,0.14,11.42,12.4
2024,1,2024.01.22,±¤»ê,9,8.4,6.208,0.344,7.5,3.655,1.777,0.197,17.6,6.8,8,334,6,8.1,6.05,6.93,0.24,19.16,19.86
2024,1,2024.01.29,±¤»ê,2.2,5.1,4.735,0.073,3.9,2.487,1.857,0.026,6.6,6.8,12.8,369,2.8,5.9,6.03,6.9,0,17.65,17.05
2024,2,2024.02.06,±¤»ê,3.2,7.8,4.44,0.228,6.1,1.865,1.591,0.154,14.8,6.6,9.5,309,4.9,8.8,5.95,6.78,0.03,37.86,40.33
2024,2,2024.02.13,±¤»ê,2.4,5.1,4.212,0.069,4,1.978,1.643,0.017,6.9,7.1,12.3,241,5.7,7.7,6.02,6.89,0,21.44,22.1
2024,2,2024.02.20,±¤»ê,5,7.9,3.257,0.197,5.9,0.883,1.464,0.095,31.6,6.5,9.6,194,4.2,10.1,6.04,6.91,8.12,77.19,80.13
2024,2,2024.02.26,±¤»ê,2.2,4.9,2.963,0.082,3.3,0.795,1.648,0.03,10.2,6.5,11.3,190,1.6,7.7,6.05,6.94,0.03,51.68,53.94
2024,3,2024.03.04,±¤»ê,2.5,5.3,5.173,0.078,4,2.849,1.79,0.026,5.5,6.7,11.3,244,3.7,8.8,6.04,6.92,0.06,18.54,20.11
2024,3,2024.03.11,±¤»ê,7.7,7.7,6.157,0.105,4.9,3.392,1.7,0.011,8.6,6.9,12.6,353,51.3,10.2,5.96,6.8,0.3,12.16,12.65
2024,3,2024.03.18,±¤»ê,7.6,8,6.469,0.128,5.8,4.094,1.527,0.01,14.1,7.1,11.8,381,54.9,12.5,5.94,6.77,0,10.58,11.8
2024,3,2024.03.25,±¤»ê,7.4,8.7,6.92,0.162,7.5,4.286,1.172,0.013,13.3,6.9,9.5,402,71.8,15,5.93,6.75,17.85,24.76,26.41
2024,4,2024.04.01,±¤»ê,5.2,7.7,4.826,0.181,5.9,2.856,1.441,0.077,15,6.6,8.2,260,20.4,14.1,5.94,6.77,0,27.3,31.14
2024,4,2024.04.09,±¤»ê,2.8,5.7,3.722,0.104,4.4,1.982,1.31,0.025,11.7,6.7,8.4,209,12.8,15.9,5.97,6.82,0.4,34.67,37.09
2024,4,2024.04.17,±¤»ê,6.2,8.6,5.165,0.137,7.2,3.356,1.121,0.008,15.1,7,10,291,52.6,19.3,5.92,6.74,0,17.59,20.38
2024,4,2024.04.22,±¤»ê,7.8,8.4,5.646,0.246,6.7,3.39,1.023,0.138,8.8,6.5,3.3,322,26.7,18.6,5.94,6.77,0.56,15.64,17.29
2024,4,2024.04.30,±¤»ê,8.7,10.7,6.175,0.172,7.4,3.767,1.02,0.036,13.7,6.7,6.6,373,30.7,20.7,6.09,6.99,0.04,17.62,16.96
2024,5,2024.05.07,±¤»ê,5,7.4,2.636,0.218,5.5,0.599,1.314,0.12,18.7,6.7,7.2,163,10.5,18.2,6,6.86,4.11,53.34,56.8
2024,5,2024.05.13,±¤»ê,5.5,7.4,2.635,0.174,6.5,0.612,1.271,0.054,17.8,6.8,8.2,186,30.2,20,6.05,6.93,0.04,33.04,32.84
2024,5,2024.05.20,±¤»ê,7.3,8.6,2.903,0.099,6.2,0.875,0.999,0.006,14.3,8,12.9,266,47.7,22.9,5.95,6.78,0,23.47,26.35
2024,5,2024.05.27,±¤»ê,8.6,9.4,3.065,0.128,7.4,0.993,0.913,0.003,20.1,7.2,10.2,283,53.4,23.8,5.96,6.8,0.09,24.83,25.75
2024,6,2024.06.03,±¤»ê,8,11.2,3.387,0.127,8.2,0.922,1.186,0.004,15.9,7.4,10.4,283,66.2,23.4,5.98,6.83,0,16.12,17.26
2024,6,2024.06.10,±¤»ê,6.9,10.6,4.089,0.141,8.1,2.057,1.081,0.041,8.4,6.7,6.5,296,40.5,24.3,6.03,6.91,0,20.33,20.53
2024,6,2024.06.17,±¤»ê,7.9,11.1,3.936,0.149,8.7,1.981,0.817,0.007,18.2,6.8,8.9,318,69.9,27.3,6.01,6.87,0,15.54,16.83
2024,6,2024.06.24,±¤»ê,4.7,9.3,2.451,0.125,8,0.798,0.877,0.058,11.5,6.6,4.7,240,13.4,25.2,5.98,6.83,0.08,22.66,23.93
2024,7,2024.07.02,±¤»ê,6,8.6,3.543,0.26,7,1.811,1.28,0.179,19.9,6.2,4.6,203,4.6,25.7,5.43,6.01,16.46,76.74,79.67
2024,7,2024.07.08,±¤»ê,2.7,7.7,3.948,0.147,5.6,2.234,1.291,0.052,12.6,6.5,6.5,258,20.6,27,5.54,6.18,21.33,52.55,54.78
2024,7,2024.07.15,±¤»ê,5,6.1,3.627,0.177,4.7,1.621,1.317,0.117,11.2,6.7,5,209,8.9,26,5.47,6.08,0.13,35.77,37.79
2024,7,2024.07.22,±¤»ê,3.4,5.6,2.379,0.149,4.6,0.472,1.508,0.09,16,6.5,6.2,147,4,26.5,5.42,6,0,86.95,92.58
2024,7,2024.07.29,±¤»ê,4.5,6.4,3.017,0.199,4.9,0.964,1.298,0.127,10.5,6.7,5.6,189,16,29.1,5.43,6.01,0,38.55,42.37
2024,8,2024.08.05,±¤»ê,4.9,8.5,4.379,0.141,6.3,2.481,0.879,0.01,14.2,7.6,10,276,56.6,31.9,5.56,6.2,28.31,40.9,43.09
2024,8,2024.08.12,±¤»ê,3.1,8.3,2.311,0.16,5.9,0.57,0.952,0.053,13.6,7.1,8.3,207,53.7,31.4,5.58,6.23,0.46,24.68,24.61
2024,8,2024.08.19,±¤»ê,2.1,6.6,2.432,0.135,4.8,0.607,1.244,0.069,9.9,6.7,6.3,198,27,30.1,5.5,6.11,0.05,27.01,29.53
2024,8,2024.08.26,±¤»ê,6.9,8.5,3.835,0.148,5.9,1.706,1.393,0.04,9.4,7,8.6,285,71.3,30.4,5.46,6.06,0.98,15.86,17.8
2024,9,2024.09.02,±¤»ê,3.5,7.9,4.446,0.12,6.5,2.383,1.241,0.018,10.5,6.8,7.4,329,35.9,29.2,5.45,6.04,0.07,16.12,19.18
2024,9,2024.09.09,±¤»ê,3.6,7.7,3.1,0.161,5.7,1.486,1.032,0.07,8.2,6.8,5.7,291,20.7,28.8,5.46,6.06,0,20.4,22.44
2024,9,2024.09.19,±¤»ê,3.3,7.8,4.434,0.167,5.8,2.568,1.621,0.092,6.5,6.7,3.7,286,20.4,30,5.5,6.12,0.83,15.46,17.86
2024,9,2024.09.23,±¤»ê,3.4,7.9,3.029,0.267,5.4,1.045,1.689,0.171,9.3,6.4,4.5,177,1.7,24.3,5.45,6.04,1.11,69.4,73.26
2024,10,2024.10.02,±¤»ê,4.2,7.5,4.673,0.093,5.4,1.702,2.319,0.004,11.7,7,9.4,321,53.5,23.8,5.51,6.14,0.05,15.67,15.65
2024,10,2024.10.07,±¤»ê,4.6,8.1,3.972,0.077,6.3,1.159,2.198,0.001,12.7,7.1,10.5,329,74.6,21.3,5.44,6.03,1.82,13.8,14.7
2024,10,2024.10.14,±¤»ê,4.5,8.2,6.071,0.109,6.1,2.362,2.705,0.008,9.3,6.5,8.5,389,40.3,21.9,5.47,6.07,32.24,27.32,28.79
2024,10,2024.10.21,±¤»ê,4.7,6.8,6.458,0.116,6.2,3.052,2.076,0.048,8.6,6.9,6.1,361,17.8,21.1,5.95,6.78,10.52,11.09,13.02
2024,10,2024.10.28,±¤»ê,2.9,6.4,4.815,0.108,5.4,2.295,1.858,0.052,5,6.7,6.6,329,13.1,18.7,6,6.86,0.05,13.74,13.82
2024,11,2024.11.04,±¤»ê,3.6,5.9,3.274,0.157,4.9,1.326,1.085,0.115,6.8,6.4,5.9,263,7.8,18.7,5.98,6.83,0.9,16.53,18.07
2024,11,2024.11.11,±¤»ê,3.5,5.9,4.979,0.078,5.5,2.082,1.739,0.015,6.6,6.8,8.4,340,14.3,16.2,5.95,6.78,0,11.16,12.05
2024,11,2024.11.18,±¤»ê,4.7,7.7,5.841,0.073,5.5,2.413,1.941,0.003,9.9,6.9,10.6,365,42.7,15.1,7.42,8.87,0,10.94,11.9
2024,11,2024.11.25,±¤»ê,4.6,7.8,7.491,0.053,6.4,3.275,2.451,0.002,6.9,7,9.7,422,32.8,12.9,7.43,8.88,2.19,9.15,10.01
2024,12,2024.12.02,±¤»ê,4.9,7.3,4.346,0.202,6.3,1.675,1.651,0.142,9.8,6.3,7.7,341,14,10.2,5.92,6.74,0.23,11.33,13.99
2024,12,2024.12.09,±¤»ê,4,7.7,7.796,0.104,6.9,3.689,1.999,0.015,8.6,6.7,10.5,444,32,9.4,5.93,6.75,0,9,12.69
2024,12,2024.12.16,±¤»ê,3.8,7,7.244,0.07,4.8,3.369,2.211,0.01,6,6.9,11,461,21.2,8.2,5.94,6.77,0,9.07,10.27
2024,12,2024.12.23,±¤»ê,4.1,7.3,8.366,0.073,6.3,3.647,2.383,0.008,7.2,6.9,11.5,462,17.2,6.8,5.94,6.77,0,7.56,8.33
2025,1,2025.01.02,±¤»ê,3.7,7.9,8.135,0.089,6.2,3.451,2.561,0.02,6.8,6.8,11.3,483,20.7,8.1,5.96,6.8,0,6.89,7.88
2025,1,2025.01.06,±¤»ê,3.9,7.6,8.382,0.069,6.2,3.865,1.472,0.014,7.5,6.6,11.5,456,28.8,7.7,5.96,6.8,0.96,7.73,8.54
2025,1,2025.01.13,±¤»ê,4.7,8.8,9.131,0.447,7.4,4.338,1.306,0.311,9.7,6.9,10.8,511,19,5.6,5.95,6.78,0.38,8.15,8.99
2025,1,2025.01.20,±¤»ê,4.2,7.9,9.847,0.11,6.7,5.264,0.97,0.011,8.5,7,12.4,497,26.6,7.1,5.94,6.78,0,6.69,8.13
2025,2,2025.02.03,±¤»ê,8.9,9.9,6.166,0.345,8.9,3.274,0.83,0.155,13.6,6.6,10,495,31.6,6.7,5.95,6.78,0.35,12.59,13.84
2025,2,2025.02.11,±¤»ê,4.7,8.4,7.615,0.23,6.9,4.213,1.068,0.116,8.2,7,12.2,692,25.5,5.3,5.94,6.77,1.4,11.02,12.36
2025,2,2025.02.17,±¤»ê,4.9,7.8,6.833,0.17,6.8,3.149,1.03,0.052,10,6.9,11.1,492,19.3,6.6,5.95,6.78,0,11.82,13.18
2025,2,2025.02.24,±¤»ê,3.9,8.6,7.752,0.128,6.9,4.407,0.999,0.01,9.1,7.2,12.8,471,35.3,6.5,5.95,6.78,0.24,8,9.22
2025,3,2025.03.05,±¤»ê,7.8,9.8,5.625,0.233,8.1,2.547,0.765,0.036,17.2,6.9,9.3,370,40.9,9.8,6.06,6.94,0.34,21.27,21.65
2025,3,2025.03.10,±¤»ê,6.8,9.3,5.839,0.146,6.9,2.734,1.789,0.011,14.8,7,11.2,355,59.1,10.4,5.95,6.78,0,14.88,16.19
2025,3,2025.03.17,±¤»ê,5.8,9.4,7.714,0.143,8.2,4.564,1.882,0.01,17.3,6.9,10.4,397,55.6,11.5,5.92,6.74,0,7.56,9.03
2025,3,2025.03.24,±¤»ê,6.5,12.4,8.311,0.155,9,4.554,1.809,0,17.7,7.3,13.3,431,85.4,14.4,5.93,6.75,0,8.14,9.31
2025,3,2025.03.31,±¤»ê,9.1,15.4,9.208,0.145,10.1,5.863,1.703,0.007,16.3,7.9,13.4,476,85.6,13.2,5.95,6.78,0,5.99,6.68
2025,4,2025.04.07,±¤»ê,6,9.3,7.995,0.082,7.3,4.575,1.691,0.007,3.8,7.3,8.6,461,18.8,15.3,5.92,6.74,0,7.35,8.64
2025,4,2025.04.14,±¤»ê,6.2,12.6,9.459,0.252,10.1,6.542,0.97,0.092,12.9,7.1,2.6,446,17.6,15,6.08,6.98,13.91,19.09,25.42
2025,4,2025.04.21,±¤»ê,7.2,11.7,8.655,0.122,9.1,5.799,0.864,0.011,11.8,7.3,7.8,450,55.7,20.9,5.92,6.74,0.03,9.74,11.4
2025,4,2025.04.28,±¤»ê,6.1,10,7.131,0.112,8.5,4.887,0.937,0.006,9.6,7.8,10.9,418,46.3,20,5.92,6.74,0,9.39,10.94
2025,5,2025.05.07,±¤»ê,7.3,9.1,6.013,0.167,8.9,3.645,0.921,0.015,10.7,7,5.8,394,39.1,17.5,5.95,6.78,0,12.36,13.68
2025,5,2025.05.12,±¤»ê,4.5,7.1,3.169,0.137,6.8,1.436,0.915,0.035,8.6,7,6.7,308,24.6,17.5,5.95,6.78,0,14.22,16.72
2025,5,2025.05.19,±¤»ê,5.6,8.5,3.189,0.166,6.7,1.044,1.35,0.047,13.2,7,7.4,265,35.5,21.4,5.61,6.28,0,19.72,19.69
2025,5,2025.05.26,±¤»ê,7.3,9.4,5.126,0.176,9.2,2.377,1.27,0.006,19.1,7.3,10,347,69.2,21.6,5.54,6.18,0,13.9,16.8
2025,6,2025.06.04,±¤»ê,8,11.2,4.552,0.192,9.7,2.273,0.974,0.01,16.6,7.2,8.3,207,67.1,23.2,5.48,6.09,0,14.28,18.15
2025,6,2025.06.09,±¤»ê,10.5,9.8,4.675,0.138,8,2.095,1.121,0.008,12.2,7.1,8.2,212,56.6,25,5.49,6.1,0,14.99,18.04
2025,6,2025.06.16,±¤»ê,8.5,10.2,4.045,0.271,7.2,1.829,1.206,0.185,14.2,6.8,4.8,223,6.2,24.6,5.48,6.09,7.64,48.5,50.84
2025,6,2025.06.23,±¤»ê,5.4,7.5,3.13,0.17,5.8,0.48,1.668,0.073,22.6,6.8,6.9,164,5.9,21.8,5.53,6.16,0,97.36,101.06
2025,6,2025.06.30,±¤»ê,10.1,11.7,4.19,0.247,9.2,1.297,1.548,0.018,32.1,8.1,12.2,294,69.6,29.2,5.51,6.13,0,16.59,19.1
2025,7,2025.07.07,±¤»ê,11.6,9.8,4.14,0.172,8.5,1.917,0.995,0.057,13.2,7.1,6,333,43.2,30.6,5.45,6.04,0.04,14.29,15.18
2025,7,2025.07.14,±¤»ê,10.8,11,2.999,0.276,7.1,1.413,0.612,0.167,9.3,6.9,3.2,239,25,26.7,5.56,6.21,0.17,40.46,40.73
2025,7,2025.07.21,±¤»ê,2.9,7.1,2.649,0.154,3.7,0.382,1.666,0.108,23.9,6.8,7,149,6.6,24.7,5.41,5.98,8.18,295.76,311.58
2025,7,2025.07.28,±¤»ê,9.9,8.9,3.37,0.169,7,0.84,1.09,0.024,19.5,8.1,10.6,257,79.3,30.9,5.59,6.25,6.92,32.94,36.37
2025,8,2025.08.05,±¤»ê,3.8,6.2,2.105,0.192,5.2,0.276,1.373,0.101,44.2,6.9,6.8,123,3.1,26.1,5.48,6.09,3.34,232.19,246.09
2025,8,2025.08.11,±¤»ê,3.6,6.1,2.37,0.195,4.7,0.477,1.302,0.134,15.6,6.9,6.1,161,2.6,25.4,5.56,6.21,10.89,115.14,120.75
2025,8,2025.08.18,±¤»ê,4.9,7.9,3.076,0.153,5.6,1.009,1.416,0.081,8.5,7.1,6.2,231,47.1,29.1,5.53,6.16,0.05,36.89,40.21
2025,8,2025.08.25,±¤»ê,6.6,8.3,3.871,0.186,6.8,1.842,1.042,0.072,12.3,7.4,6,300,64.5,30.7,5.67,6.37,0.11,18.26,21.2
2025,9,2025.09.01,±¤»ê,5.4,7.5,1.974,0.172,6,0.515,0.899,0.092,14.1,6.8,4.7,176,21.9,28.1,5.46,6.06,12.3,54.91,58.02
2025,9,2025.09.08,±¤»ê,4.1,6.6,2.216,0.229,5.9,0.285,1.358,0.121,44.3,6.8,6.4,127,3.4,25.9,5.54,6.18,3.99,144.48,155.19
2025,9,2025.09.15,±¤»ê,4.6,6.6,2.628,0.204,4.7,0.674,1.463,0.132,26.1,6.8,5.8,168,3.6,25.4,5.72,6.44,3.34,81.31,83.54
2025,9,2025.09.22,±¤»ê,3.1,6.8,2.183,0.109,4.5,0.311,1.508,0.053,9.9,7.1,7.1,201,9.2,24.8,5.64,6.32,0,36.22,40.75
2025,10,2025.10.01,±¤»ê,2.5,5.9,2.811,0.178,4.7,0.791,1.607,0.128,6.5,7,6.4,227,6.5,23.3,5.7,6.41,0,38.9,40.56
2025,10,2025.10.14,±¤»ê,5.8,7.4,3.653,0.215,5.9,1.396,1.837,0.119,11.4,7,4.9,258,17.1,23.9,5.64,6.32,19.63,79.27,82.16
2025,10,2025.10.20,±¤»ê,2,5.3,2.582,0.148,4.5,0.81,1.665,0.085,6.6,6.9,6.9,220,6.3,19.9,6.02,6.89,0,32.92,37.93
2025,10,2025.10.27,±¤»ê,2.5,5.3,3.552,0.097,4.5,0.642,2.407,0.028,7.9,7.1,9,269,15,18.8,6.02,6.89,0.52,19.84,20.74
2025,11,2025.11.03,±¤»ê,5.6,6.6,5.37,0.232,6.6,1.915,2.315,0.098,9.7,7,8,340,40.2,15.8,6.02,6.89,0,14.56,14.18
2025,11,2025.11.10,±¤»ê,7.1,8,4.584,0.249,7.8,1.866,1.725,0.051,18,7,6.6,311,46.6,16.7,5.37,5.93,0.1,14.28,16.36
2025,11,2025.11.17,±¤»ê,5.6,9,4.56,0.167,7.7,1.04,2.679,0.004,16.3,8.1,14.8,367,79.5,14.2,6.88,8.15,0,7.46,0
2025,11,2025.11.24,±¤»ê,4.5,8.4,4.787,0.099,6.5,1.696,2.473,0.003,10.7,7.4,12.8,375,50.6,12.3,7.46,8.92,0,15.27,15.92
2025,12,2025.12.01,±¤»ê,5.8,6.9,5.29,0.1,6.3,1.98,2.433,0.036,5.5,7.1,9.1,383,38.8,11.8,7.02,8.34,0,15.29,22.51
2025,12,2025.12.08,±¤»ê,5.4,7.7,6.261,0.12,7.4,2.023,2.964,0.007,13.7,7.2,12,431,52.4,9.4,5.94,6.77,0,9.32,10.59
2025,12,2025.12.15,±¤»ê,4.6,8.1,5.708,0.155,7.7,2.509,2.631,0.015,15.3,7,9.6,444,44.8,9.4,6.09,6.99,0.21,11.37,14.12
2025,12,2025.12.22,±¤»ê,6.8,8.1,5.986,0.093,7,2.39,2.39,0.008,13.9,7.1,10.9,429,50.7,8.9,5.92,6.74,0,10.48,11.7
